crv_code,nome_oficial,nome_guerra,raca,rgd,data_nascimento,preco_convencional,preco_sexado,peso_kg,circunferencia_escrotal_cm,altura_garupa_cm,comprimento_corporal_cm,largura_garupa_cm,comprimento_garupa_cm,profundidade_torax_cm,perimetro_toracico_cm,criador,proprietario,linhagem,pai,mae,avo_paterno,avo_materno,selos,sistema_criacao,url_loja
9006.0,ACE FC CACHOEIRAO,ACE CACHOEIRÃO,Nelore PO,FCCH2110,13/07/2020,33.9,,803.0,44.0,153.0,160.0,57.0,57.0,72.0,208.0,Fazenda Cachoeirão,Jose Rodrigues Pereira e Irmãos,SHERLOCK MAT x REM ARMADOR,SHERLOCK MAT,FCCH 815,NEHRU MAT,REM ARMADOR,po; ifert; carcaca-4-estrelas; maternal; peso; reprodutivo; semiintensivo,SEMI-INTENSIVO,https://loja.crvbrasil.com.br/semen/touros-de-corte-zebu/nelore/ace-cachoeirao-nelore
9031.0,ALIADO JL DA BAMA,ALIADO DA BAMA,Nelore PO,AIBA2139,18/08/2019,31.2,,,,,,,,,,Fazenda BAMA,J L Agropecuária,HERDEIRO DO IZ x RAÍ DA MN,HERDEIRO DO IZ,AIB A56 JL DA BAMA,BIRIMBAU DO IZ,RAÍ DA MN,po; carcaca-3-estrelas; car; maternal; novilhas; peso; semiextensivo,SEMI-EXTENSIVO,https://loja.crvbrasil.com.br/semen/touros-de-corte-zebu/nelore/aliado-da-bama-nelore
9749.0,1440  DE NAVIRAI,ALOK DE NAVIRAÍ,Nelore PO,CSCZ1440,18/11/2020,36.5,,915.0,38.0,157.0,155.0,66.0,58.0,89.0,236.0,Chácara Naviraí,Luiz Carlos P. Macambira,REM GALO x NAVIRAI HORARIO,REM GALO,NERINE DE NAVIRAI,REM ESPIÃO007,NAVIRAI HORARIO,po; carcaca-5-estrelas; peso; semiintensivo,SEMI-INTENSIVO,https://loja.crvbrasil.com.br/semen/touros-de-corte-zebu/nelore/alok-de-nivarai-nelore
8444.0,AMANDAU FM,AMANDAU FM,Nelore CEIP,91717FM,05/08/2017,21.3,,680.0,41.0,146.0,150.0,48.0,49.0,74.0,211.0,Agropecuária Maragogipe,Agropecuária Maragogipe,PARDO FM x ORFF AJ,PARDO FM,28610FM,BANDEIRANTE JCA,ORFF AJ,ceip; ifert; novilhas; extensivo,EXTENSIVO,https://loja.crvbrasil.com.br/semen/touros-de-corte-zebu/nelore/amandau-fm-nelore
10065.0,ANGICO EMA,ANGICO EMA,Nelore CEIP,1122417EMA,25/10/2017,38.9,,900.0,40.0,152.0,161.0,63.0,62.0,81.0,233.0,EMA - Empresa Marinho Agrop. Pantanal,EMA - Empresa Marinho Agrop. Pantanal,PARDO FM x LGRM5814,PARDO FM,781714EMA,BANDEIRANTE JCA,LGRM5814,ceip; ifert; maternal; novilhas; extensivo,EXTENSIVO,https://loja.crvbrasil.com.br/semen/touros-de-corte-zebu/nelore/angico-ema-nelore
11339.0,APOGEU P@RM,APOGEU PARM,Nelore CEIP,253822PARM,03/10/2022,33.9,,579.0,40.0,141.0,149.0,50.0,51.0,72.0,203.0,P@RM Agropecuária,"P@RM Agropecuária, Aluisio de Figueiredo Neto",VINHÁTICO 3BA x ASSIS AJ,VINHÁTICO 3BA,L15919DFM,PARDO FM,ASSIS AJ,ceip; ifert; maternal; novilhas; extensivo,EXTENSIVO,https://loja.crvbrasil.com.br/semen/touros-de-corte-zebu/nelore/apogeu-p-rm-nelore
9073.0,ARACUÃ DA MDLO,ARACUÃ DA MODELO,Nelore PO,MDLO1711,25/07/2020,33.9,,848.0,38.0,165.0,177.0,58.0,57.0,86.0,211.0,Fazenda Modelo,"Ricardo A. Grassano, Antonio M. S. Albuquerque e Jfiel Repr. de Produtos Agropecuarios",BELO J MACHADO x AVESSO DA BELA,BELO J MACHADO,CAROLA,REM ARMADOR,AVESSO DA BELA,po; car; maternal; peso; reprodutivo; semiintensivo,SEMI-INTENSIVO,https://loja.crvbrasil.com.br/semen/touros-de-corte-zebu/nelore/aracua-da-mdlo-nelore
9862.0,C2503 DA S.NICE,ARGOS SANTA NICE,Nelore PO,GRIC2503,05/09/2021,31.2,,766.0,40.0,153.0,159.0,61.0,49.0,80.0,220.0,Fazenda Santa Nice,Marcelo Procópio Grisi e Outros,RAJAN COL x BARAN TRADIÇÃO,RAJAN COL,B9930  DA S.NICE,OPERÁRIO COL,BARAN TRADIÇÃO,po; carcaca-4-estrelas; car; maternal; peso; reprodutivo; semiintensivo,SEMI-INTENSIVO,https://loja.crvbrasil.com.br/semen/touros-de-corte-zebu/nelore/argos-s-nice-nelore
12180.0,ATLAS RF,ATLAS RF,Nelore CEIP,07223RF,24/08/2023,28.3,,685.0,40.0,150.0,156.0,50.0,51.0,77.0,212.0,Fazenda Rancho Fundo,Maria Helena Zaccarelli Pimentel,LOHAN NP x CAXAMBU FM,LOHAN NP,848419RF,Bourbon AH,CAXAMBU FM,ceip; maternal; peso; reprodutivo; semiextensivo,SEMI-EXTENSIVO,https://loja.crvbrasil.com.br/semen/touros-de-corte-zebu/nelore/atlas-rf-nelore
8095.0,AVATAR MAT,AVATAR DA MATINHA,Nelore PO,RDM8694,10/11/2015,36.5,,1129.0,49.0,158.0,172.0,68.0,68.0,80.0,248.0,Rancho da Matinha,"Tangará Pecuária, José R. Hofig Ramos e Adelosmar Ório",REM TORIXOREU x QUARK COL,REM TORIXOREU,RAGHUNA MAT,REM QUISCO,QUARK COL,po; ifert; carcaca-3-estrelas; car; peso; semiintensivo,SEMI-INTENSIVO,https://loja.crvbrasil.com.br/semen/touros-de-corte-zebu/nelore/avatar-da-matinha-nelore
8918.0,AVIADOR DA PEÇA RARA,AVIADOR PEÇA RARA,Nelore PO,PECA8233,12/08/2019,33.9,,986.0,43.0,154.0,169.0,62.0,63.0,85.0,229.0,Peça Rara Agropecuária,"Valdenilson C. Mendes, Luis A. O. Junior",HONKER PECA RARA x GANGES COL,HONKER PECA RARA,EMPENHADA DA PECA RARA,DEPOSITO COL,GANGES COL,po; ceip; carcaca-3-estrelas; novilhas; peso; reprodutivo; semiextensivo,SEMI-EXTENSIVO,https://loja.crvbrasil.com.br/semen/touros-de-corte-zebu/nelore/aviador-peca-rara-nelore
7882.0,B1909 DA JANDAIA,B1909 DA JANDAIA,Nelore PO,AIAB1909,13/10/2012,36.5,,,,,,,,,,Nelore Jandaia,Nelore Jandaia,REM USP x NUR MAHAL COL,REM USP,A8088 DA JANDAIA,REM QUISCO,NUR MAHAL COL,po; car; reprodutivo; semiintensivo,SEMI-INTENSIVO,https://loja.crvbrasil.com.br/semen/touros-de-corte-zebu/nelore/b1909-da-jandaia-nelore
10845.0,BAMBOLET DA SERROTE,BAMBOLET DA SERROTE,Nelore Pintado,DUJU370,12/10/2021,43.7,,745.0,38.0,152.0,160.0,55.0,56.0,75.0,214.0,Nelore Pintado Fazenda Serrote,Jorge Luiz Arguello,LUTTAR DA CA x VUBACAN,LUTTAR DA CA,THARVANA DA CA,MAGHAIVER DA CA,VUBACAN,po; car; semiintensivo,SEMI-INTENSIVO,https://loja.crvbrasil.com.br/semen/touros-de-corte-zebu/nelore/bambolet-da-serrote-nelore-pintado
8692.0,BÁRBARO DA EAO,BÁRBARO EAO,Nelore PO,EAOA9063,20/08/2018,31.2,,1020.0,44.0,158.0,170.0,61.0,59.0,80.0,240.0,EAO Agropecuária,EAO Agropecuária e Nelore Texas,SHERLOCK MAT x NEVI DA EAO,SHERLOCK MAT,1927 DA EAO,NEHRU MAT,NEVI DA EAO,po; ifert; carcaca-4-estrelas; car; peso; semiintensivo,SEMI-INTENSIVO,https://loja.crvbrasil.com.br/semen/touros-de-corte-zebu/nelore/barbaro-da-eao-nelore
11107.0,9891 FIV DA COMETA,BARON DA COMETA,Nelore PO,FLPE9891,27/09/2022,31.2,,786.0,40.0,151.0,157.0,57.0,55.0,84.0,225.0,Nelore Cometa,Nelore Cometa,FAROL  CAMPARINO x GLOBO  CAMPARINO,FAROL  CAMPARINO,7280 DA COMETA,FENOMENO CAMPARINO,GLOBO  CAMPARINO,po; carcaca-4-estrelas; car; pnat; maternal; peso; reprodutivo; semiintensivo,SEMI-INTENSIVO,https://loja.crvbrasil.com.br/semen/touros-de-corte-zebu/nelore/baron-da-cometa-nelore
8884.0,BIGUA DA MN,BIGUÁ DA MN,Nelore PO,LBMNE2937,06/08/2018,24.8,,830.0,38.0,149.0,156.0,62.0,54.0,73.0,216.0,Fazenda Mundo Novo,Eduardo Penteado Cardoso e Outro,CARIRI DA MN x VERDI DA MN,CARIRI DA MN,E0619 DA MN,CAMPEÃO DA MN,VERDI DA MN,po; carcaca-4-estrelas; car; semiextensivo,SEMI-EXTENSIVO,https://loja.crvbrasil.com.br/semen/touros-de-corte-zebu/nelore/bigua-da-mn-nelore
9142.0,BITOLA DA EMA,BITOLA DA EMA,Nelore CEIP,1367320EMA,21/08/2020,18.7,,,,,,,,,,EMA - Empresa Marinho Agrop. Pantanal,EMA - Empresa Marinho Agrop. Pantanal,ASSIS AJ x LITIO AJ,ASSIS AJ,1145017EMA,DVORAK AJ,LITIO AJ,ceip; maternal; novilhas; peso; extensivo,EXTENSIVO,https://loja.crvbrasil.com.br/semen/touros-de-corte-zebu/nelore/bitola-nelore
9037.0,BLINDADO 7 ESTRELAS,BLINDADO 7 ESTRELAS,Nelore PO,SETE4324,28/09/2019,33.9,,860.0,41.0,160.0,163.0,60.0,61.0,73.0,215.0,Nelore Sete Estrelas,Juliano Beraldo de Andrade,TRUCK ALO BRASIL x FALDAN FI,TRUCK ALO BRASIL,ANADHY 7 ESTRELAS,7308 PERDIZ,FALDAN FI,po; maternal; novilhas; semiintensivo,SEMI-INTENSIVO,https://loja.crvbrasil.com.br/semen/touros-de-corte-zebu/nelore/blindado-7-estrelas-nelore
8802.0,BOLT FC CACHOEIRÃO,BOLT CACHOEIRÃO,Nelore PO,FCCH1901,30/08/2019,18.7,,,,,,,,,,Fazenda Cachoeirão,Jose Rodrigues Pereira e Irmãos,EIROS DA FC x REM UROVADOR,EIROS DA FC,FCCH 252,HELIACO DA JAVA,REM UROVADOR,po; atj-plus; reprodutivo; semiextensivo,SEMI-EXTENSIVO,https://loja.crvbrasil.com.br/semen/touros-de-corte-zebu/nelore/bolt-fc-cachoeirao-nelore
11286.0,2042 FIV NELORE DIAMANTE,BRUTÃO DA DIAMANTE,Nelore PO,TJL 2042,7/10/2022,32.4,,665.0,38.0,150.0,159.0,53.0,52.0,72.0,210.0,Nelore Diamante,Nelore Diamante,AVIADOR DA PEÇA RARA x KOCHI KA,AVIADOR DA PEÇA RARA,1635 NEL DIAMANTE,HONKER DA PEÇA RARA,KOCHI KA,po; ceip; ifert; carcaca-5-estrelas; maternal; peso; reprodutivo; semiextensivo,SEMI-EXTENSIVO,https://loja.crvbrasil.com.br/semen/touros-de-corte-zebu/nelore/brutao-nelore-diamante-nelore
12132.0,BUGATTI DA CONFIANÇA,BUGATTI DA CONFIANÇA,Nelore PO,DVD6173,17/12/2023,31.2,,632.0,38.0,147.0,154.0,50.0,47.0,68.0,199.0,Nelore Confiança,Demerval Viana David e Ricardo Bonato,D 50 DA ALO BRASIL x BACKUP,D 50 DA ALO BRASIL,4037 PO CONFIANCA,TNT,BACKUP,po; carcaca-3-estrelas; car; rp-ancp; maternal; peso; reprodutivo; semiintensivo,SEMI-INTENSIVO,https://loja.crvbrasil.com.br/semen/touros-de-corte-zebu/nelore/bugatti-da-confianca-nelore-11367
9055.0,TELES 9030,CANAÃ TELLES PIRES,Nelore PO,FTPO9030,12/05/2020,25.9,,705.0,37.0,154.0,162.0,58.0,56.0,75.0,205.0,Fazenda Telles Pires,Edras Soares,REM DULLDOG x JAMANTA DA MN,REM DULLDOG,TELLES 6687,REM ARMADOR,JAMANTA DA MN,po; ifert; carcaca-3-estrelas; maternal; semiintensivo,SEMI-INTENSIVO,https://loja.crvbrasil.com.br/semen/touros-de-corte-zebu/nelore/teles-9030-nelore
8816.0,CAPITAL  DA EAO,CAPITAL EAO,Nelore PO,EAOB1830,26/08/2019,48.0,,988.0,44.0,159.0,170.0,62.0,59.0,83.0,238.0,EAO Agropecuária,EAO Agropecuária,CAMPEÃO DA MN x PLAYBOY MAT,CAMPEÃO DA MN,6823 DA EAO,HUNO DA MN,PLAYBOY MAT,po; ifert; carcaca-5-estrelas; car; maternal; peso; reprodutivo; semiextensivo,SEMI-EXTENSIVO,https://loja.crvbrasil.com.br/semen/touros-de-corte-zebu/nelore/capital
8468.0,CFM CONSAGRADO,CFM CONSAGRADO,Nelore CEIP,LG678314,02/09/2014,24.8,,1067.0,42.0,165.0,168.0,63.0,61.0,85.0,242.0,Agropecuária CFM,"Agropecuária CFM , Joseph Purgly e Francisco Camacho",CFM SEGREDO x CFM KRISHNA,CFM SEGREDO,LG717611,LG400105,CFM KRISHNA,ceip; ifert; maternal; peso; reprodutivo; semiextensivo,SEMI-EXTENSIVO,https://loja.crvbrasil.com.br/semen/touros-de-corte-zebu/nelore/cfm-consagrado-nelore
8193.0,CFM DIESEL,CFM DIESEL,Nelore CEIP,LG101815,18/11/2015,24.8,,1107.0,48.0,161.0,174.0,70.0,64.0,87.0,245.0,Agropecuária CFM,"Agropecuária CFM, Mineração Alto das Pedras  e CRV",CONRAD AJ x PURM4311,CONRAD AJ,PU255811,KULAL AJ,PURM4311,ceip; ifert; maternal; peso; semiextensivo,SEMI-EXTENSIVO,https://loja.crvbrasil.com.br/semen/touros-de-corte-zebu/nelore/cfm-diesel-nelore
8315.0,CFM ELEITO,CFM ELEITO,Nelore CEIP,LG131016,08/09/2016,36.5,,1211.0,42.0,162.0,180.0,64.0,64.0,87.0,253.0,Agropecuária CFM,Agropecuária CFM,CFM BARBARO  x CFM KRISHNA,CFM BARBARO,LG287911,CFM OLIMPO,CFM KRISHNA,ceip; ifert; maternal; peso; reprodutivo; semiextensivo,SEMI-EXTENSIVO,https://loja.crvbrasil.com.br/semen/touros-de-corte-zebu/nelore/cfm-eleito-nelore
8911.0,CFM ELEMENTAR,CFM ELEMENTAR,Nelore CEIP,LG143216,02/09/2019,19.4,,1066.0,48.0,158.0,173.0,63.0,63.0,88.0,249.0,Agropecuária CFM,Agropecuária CFM,CFM PRISMA x CFM KRISHNA,CFM PRISMA,PU 2072 11,CFM MAX,CFM KRISHNA,ceip; maternal; novilhas; peso; reprodutivo; semiextensivo,SEMI-EXTENSIVO,https://loja.crvbrasil.com.br/semen/touros-de-corte-zebu/nelore/cfm-elementar-nelore
8829.0,CFM EXATO,CFM EXATO,Nelore CEIP,LG296816,17/09/2016,28.3,,1150.0,44.0,159.0,176.0,63.0,60.0,75.0,232.0,Agropecuária CFM,Agropecuária CFM,CFM ÚNICO x CFM CH193806,CFM ÚNICO,LG846611,CFM QUOCIENTE,CFM CH193806,ceip; maternal; peso; reprodutivo; semiextensivo,SEMI-EXTENSIVO,https://loja.crvbrasil.com.br/semen/touros-de-corte-zebu/nelore/cfm-exato-nelore
8669.0,CFM GUINESS,CFM GUINESS,Nelore CEIP,LG302118,26/09/2018,24.8,,1035.0,43.0,156.0,173.0,64.0,59.0,74.0,228.0,Agropecuária CFM,"Agropecuária Maragogipe, Luiz F. Boveda e CRV",CFM LG335514 x LGRM9515,CFM LG335514,LG217715,LG 712911,LGRM9515,ceip; ifert; maternal; peso; reprodutivo; semiextensivo,SEMI-EXTENSIVO,https://loja.crvbrasil.com.br/semen/touros-de-corte-zebu/nelore/cfm-guiness-nelore
8828.0,CFM HEROI,CFM HERÓI,Nelore CEIP,PU323019,24/09/2019,24.8,,1026.0,40.0,165.0,169.0,63.0,63.0,77.0,238.0,Agropecuária CFM,Agropecuária CFM e Rodrigo M. Barbero,CFM ASTRO x CFM TRUNFO,CFM ASTRO,PU160115,CFM KRISHNA,CFM TRUNFO,ceip; maternal; peso; semiextensivo,SEMI-EXTENSIVO,https://loja.crvbrasil.com.br/semen/touros-de-corte-zebu/nelore/cfm-heroi-nelore
8827.0,CFM HINDU,CFM HINDU,Nelore CEIP,PU318819,30/08/2019,28.3,,888.0,42.0,156.0,159.0,58.0,63.0,81.0,224.0,Agropecuária CFM,Agropecuária CFM e Francisco H. Oliveira,CFM EXEMPLO x CFM KRISHNA,CFM EXEMPLO,LG579114,CFM BRASAO,CFM KRISHNA,ceip; ifert; maternal; peso; reprodutivo; semiextensivo,SEMI-EXTENSIVO,https://loja.crvbrasil.com.br/semen/touros-de-corte-zebu/nelore/cfm-hindu-nelore
11315.0,PU007619 - CFM HULK,CFM HULK,Nelore CEIP,PU007619,26/08/2019,49.9,,850.0,43.0,159.0,170.0,57.0,49.0,76.0,228.0,Agropecuária CFM,Agropecuária CFM e Carlos M. V. Gonzaga,CFM ENCONTRO x CFM PRISMA,CFM ENCONTRO,LG312015,CFM URUTU,CFM PRISMA,ceip; ifert; maternal; peso; reprodutivo; semiextensivo,SEMI-EXTENSIVO,https://loja.crvbrasil.com.br/semen/touros-de-corte-zebu/nelore/cfm-hulk-nelore
9081.0,CFM IMPERADOR,CFM IMPERADOR,Nelore CEIP,PU397020,24/09/2020,24.8,,704.0,32.0,153.0,157.0,57.0,57.0,75.0,205.0,Agropecuária CFM,Agropecuária CFM  e Rodrigo M. Barbero,CFM COLOSSO x CFM SATURNO,CFM COLOSSO,PU132117,CFM SULTAO,CFM SATURNO,ceip; maternal; novilhas; peso; reprodutivo; semiextensivo,SEMI-EXTENSIVO,https://loja.crvbrasil.com.br/semen/touros-de-corte-zebu/nelore/cfm-imperador-nelore
9080.0,CFM INVICTO,CFM INVICTO,Nelore CEIP,PU306320,08/09/2020,33.9,,841.0,41.0,153.0,177.0,61.0,62.0,77.0,236.0,Agropecuária CFM,Agropecuária CFM  e Carlos M. V. Gonzaga,CFM FORASTEIRO x CFM VOLT,CFM FORASTEIRO,MB503714,CFM LG689214,CFM VOLT,ceip; ifert; maternal; peso; reprodutivo; semiextensivo,SEMI-EXTENSIVO,https://loja.crvbrasil.com.br/semen/touros-de-corte-zebu/nelore/cfm-invicto-nelore
9793.0,CFM JATO,CFM JATO,Nelore CEIP,LG012821,18/08/2021,31.2,,911.0,40.0,156.0,156.0,53.0,58.0,75.0,227.0,Agropecuária CFM,Agropecuária CFM Ltda e Carlos M. V. Gonzaga,CFM GENIAL x CFM QUORUM,CFM GENIAL,LG009315,CFM DIFERENTE,CFM QUORUM,ceip; ifert; maternal; peso; reprodutivo; semiextensivo,SEMI-EXTENSIVO,https://loja.crvbrasil.com.br/semen/touros-de-corte-zebu/nelore/cfm-jato-nelore
11089.0,PU179322 - CFM LAREDO,CFM LAREDO,Nelore CEIP,PU179322,22/09/2022,28.3,,,,,,,,,,Agropecuária CFM,LEOPÉRCIO LUIZ ABRA,CFM EXATO x CFM FORASTEIRO,CFM EXATO,PU394220,CFM ÚNICO,CFM FORASTEIRO,ceip; maternal; peso; reprodutivo; semiextensivo,SEMI-EXTENSIVO,https://loja.crvbrasil.com.br/semen/touros-de-corte-zebu/nelore/cfm-laredo-nelore
12304.0,PU247023 - CFM MAJOR,CFM MAJOR,Nelore CEIP,PU247023,28/08/2023,28.3,,750.0,38.0,157.0,160.0,54.0,55.0,79.0,220.0,Agropecuária CFM,Agropecuária CFM e Carlos M. V. Gonzaga,CFM ILUSTRE x MBRM1115,CFM ILUSTRE,MB071015,CFM FORASTEIRO,MBRM1115,ceip; maternal; peso; reprodutivo; semiextensivo,SEMI-EXTENSIVO,https://loja.crvbrasil.com.br/semen/touros-de-corte-zebu/nelore/cfm-major-nelore
7843.0,CFM UNICO,CFM UNICO,Nelore CEIP,LG464210,04/10/2010,24.8,,1067.0,,159.0,180.0,56.0,54.0,,227.0,Agropecuária CFM,Agropecuária CFM e Francisco F. Camacho,CFM QUOCIENTE x SFRM6106,CFM QUOCIENTE,SF552506,CFM SF416803,SFRM6106,ceip; peso; reprodutivo; semiintensivo,SEMI-INTENSIVO,https://loja.crvbrasil.com.br/semen/touros-de-corte-zebu/nelore/cfm-unico-nelore
10013.0,TELLES 9910,CHEFÃO TELLES PIRES,Nelore PO,FTPO9910,18/10/2021,33.9,,754.0,38.0,159.0,157.0,58.0,58.0,75.0,212.0,Fazenda Telles Pires,Edras Soares,PODEROSO COL x BACKUP,PODEROSO COL,TELLES 4227,MISTERIO COL,BACKUP,po; ifert; carcaca-3-estrelas; maternal; peso; reprodutivo; semiextensivo,SEMI-EXTENSIVO,https://loja.crvbrasil.com.br/semen/touros-de-corte-zebu/nelore/chefao-telles-pires-ne
12131.0,CHUMBO DA DIAMANTE,CHUMBO DA DIAMANTE,Nelore PO,TJL2186,10/09/2023,32.4,,643.0,38.0,144.0,160.0,52.0,50.0,70.0,219.0,Nelore Diamante,Nelore Diamante e Ricardo Bonato,DIPLOMATA AGRONOVA x ZAPP  BEABISA,DIPLOMATA AGRONOVA,1850 NEL DIAMANTE,REM ESPIÃO007,ZAPP  BEABISA,po; ifert; carcaca-5-estrelas; car; rp-ancp; maternal; peso; reprodutivo; semiextensivo,SEMI-EXTENSIVO,https://loja.crvbrasil.com.br/semen/touros-de-corte-zebu/nelore/chumbo-da-diamante-nelore-11369
8962.0,CIA TESOURO AJ,CIA TESOURO AJ,Nelore CEIP,529219AJ,22/11/2019,25.9,,855.0,42.0,155.0,157.0,56.0,49.0,69.0,222.0,Agropecuária Jacarezinho,Agropecuária Jacarezinho,PARDO FM x ASSIS AJ,PARDO FM,302813 AJ,BANDEIRANTE JCA,ASSIS AJ,ceip; maternal; peso; semiextensivo,SEMI-EXTENSIVO,https://loja.crvbrasil.com.br/semen/touros-de-corte-zebu/nelore/cia-tesouro-aj-nelore
10938.0,COLORADO FM,COLORADO FM,Nelore CEIP,34722FM,17/08/2022,28.3,,694.0,40.0,152.0,157.0,58.0,50.0,78.0,210.0,Agropecuária Maragogipe,Agropecuária Maragogipe,CAXAMBU FM x DAKOTA AJ,CAXAMBU FM,81319FM,ASSIS AJ,DAKOTA AJ,ceip; maternal; novilhas; peso; reprodutivo; extensivo,EXTENSIVO,https://loja.crvbrasil.com.br/semen/touros-de-corte-zebu/nelore/colorado-fm-nelore
9683.0,COLOSSO 7 ESTRELAS,COLOSSO 7 ESTRELAS,Nelore PO,SETE5021,05/12/2020,34.9,,1007.0,43.0,169.0,175.0,67.0,61.0,82.0,235.0,Nelore Sete Estrelas,Juliano Beraldo de Andrade,REM DANUT x PRADIP NAV.,REM DANUT,HARDYANE 7 ESTRELAS,REM RICKET,PRADIP NAV.,po; ifert; carcaca-3-estrelas; maternal; peso; semiintensivo,SEMI-INTENSIVO,https://loja.crvbrasil.com.br/semen/touros-de-corte-zebu/nelore/colosso-7-estrelas-ne
10680.0,8293 FIV DE NAVIRAI,COMODORO DE NAVIRAÍ,Nelore PO,CSCC8293,20/09/2022,36.5,,813.0,36.0,155.0,150.0,48.0,55.0,79.0,228.0,Chácara Naviraí,Chácara Naviraí e Eduardo da Costa,ATUAL DE NAVIRAI x SHELL DE NAVIRAI,ATUAL DE NAVIRAI,272 DE NAVIRAI,QUARUP BONS,SHELL DE NAVIRAI,po; ifert; carcaca-3-estrelas; car; maternal; peso; reprodutivo; semiintensivo,SEMI-INTENSIVO,https://loja.crvbrasil.com.br/semen/touros-de-corte-zebu/nelore/comodoro-de-navirai-nelore
8459.0,CORINGA MAT,CORINGA DA MATINHA,Nelore PO,RDM9990,26/07/2017,36.5,,1097.0,43.0,164.0,182.0,64.0,63.0,83.0,239.0,Rancho da Matinha,Tangará Pecuária e CRV,REM ARMADOR x BACKUP,REM ARMADOR,VERGUETA MAT,REM TORIXOREU,BACKUP,po; ifert; carcaca-3-estrelas; car; peso; semiintensivo,SEMI-INTENSIVO,https://loja.crvbrasil.com.br/semen/touros-de-corte-zebu/nelore/coringa-mat-nelore
12239.0,D8813 DA GREN,DECISIVO DA GREN,Nelore PO,GREND8813,17/07/2023,31.2,,770.0,40.0,151.0,152.0,63.0,50.0,80.0,232.0,Nelore Grendene,JBJ Agropecuária LTDA,SUPREMO DA GREN x REM ARMADOR,SUPREMO DA GREN,B2360  GREN,CAMPEÃO MN,REM ARMADOR,po; carcaca-5-estrelas; car; maternal; peso; reprodutivo; extensivo,EXTENSIVO,https://loja.crvbrasil.com.br/semen/touros-de-corte-zebu/nelore/decisivo-gren-nelore-11371
9082.0,DIAMANTE  DA AMARAL SANTOS,DIAMANTE AMARAL,Nelore PO,FASN470,18/08/2020,31.2,,850.0,40.0,159.0,168.0,62.0,66.0,81.0,221.0,Nelore Amaral Santos,"Alex S. S. Santos, Ednaldo de A. Silva e Juliana P. R. Ferreira",3.0 DA AGRONOVA x MUKESH COL,3.0 DA AGRONOVA,BONDOZA AMARAL SANTOS,SHERLOCK MAT,MUKESH COL,po; carcaca-4-estrelas; pnat; maternal; peso; semiextensivo,SEMI-EXTENSIVO,https://loja.crvbrasil.com.br/semen/touros-de-corte-zebu/nelore/diamante-amaral-nelore
10681.0,J2832 DA MDLO,DIAMANTE DA MODELO,Nelore PO,MDLO2832,15/08/2022,36.5,,756.0,38.0,145.0,165.0,59.0,48.0,79.0,222.0,Fazenda Modelo,Ricardo Grassano,REM HERMOSO  x REM ARMADOR,REM HERMOSO,F1068 DA MDLO,REM ESPIÃO007,REM ARMADOR,po; ifert; carcaca-5-estrelas; car; maternal; novilhas; peso; reprodutivo; semiextensivo,SEMI-EXTENSIVO,https://loja.crvbrasil.com.br/semen/touros-de-corte-zebu/nelore/diamante-da-modelo-nelore
8707.0,DIVISOR DA MATINHA,DIVISOR DA MATINHA,Nelore PO,RDMA1731,09/10/2018,24.8,,838.0,42.0,159.0,166.0,58.0,55.0,76.0,214.0,Rancho da Matinha,"Tangará Pecuária e CRV, Oton Nascimento e CRV",PLAYBOY MAT x NEHRU MAT,PLAYBOY MAT,SAIZA MAT,PROVADOR DO IZ,NEHRU MAT,po; carcaca-5-estrelas; car; novilhas; peso; reprodutivo; semiextensivo,SEMI-EXTENSIVO,https://loja.crvbrasil.com.br/semen/touros-de-corte-zebu/nelore/divisor-da-matinha-nelore
8648.0,DODGE MAT,DODGE DA MATINHA,Nelore PO,RDMA1575,21/09/2018,31.2,,1108.0,40.0,164.0,182.0,67.0,65.0,81.0,246.0,Rancho da Matinha,Tangará Pecuária e CRV,PLAYBOY MAT x REM TORIXOREU,PLAYBOY MAT,VENUS MAT,PROVADOR DO IZ,REM TORIXOREU,po; carcaca-5-estrelas; rp-ancp; maternal; peso; semiintensivo,SEMI-INTENSIVO,https://loja.crvbrasil.com.br/semen/touros-de-corte-zebu/nelore/dodge-mat-nelore
10056.0,DUNGA JRR,DUNGA JRR,Nelore PO,JJSS89,05/11/2020,31.2,,810.0,39.0,155.0,173.0,62.0,67.0,81.0,224.0,Nelore JRR,Nelore JRR,KOCHI KA x POKEMOM NAV.,KOCHI KA,RIVEIROA COL,BACKUP,POKEMOM NAV.,po; carcaca-5-estrelas; peso; reprodutivo; semiextensivo,SEMI-EXTENSIVO,https://loja.crvbrasil.com.br/semen/touros-de-corte-zebu/nelore/dunga-jrr-ne
11914.0,7406 FIV DA JACAMIM,EFETIVO DA JACAMIM,Nelore PO,MMVA7406,18/09/2023,31.2,,686.0,39.0,155.0,156.0,54.0,54.0,76.0,214.0,Fazenda Jacamim,Fazenda Jacamim e Francielly Q. Carvalho,ROLEX TERRA BRAVA x ZERO UM DA JACAMIM,ROLEX TERRA BRAVA,5788  DA JACAMIM,REM GLADIADOR,ZERO UM DA JACAMIM,po; carcaca-5-estrelas; maternal; peso; reprodutivo; semiintensivo,SEMI-INTENSIVO,https://loja.crvbrasil.com.br/semen/touros-de-corte-zebu/nelore/efetivo-da-jacamim-nelore
11001.0,EIKO DA BEABISA,EIKO DA BEABISA,Nelore PO,BRMG5004,18/09/2022,31.2,,760.0,41.0,152.0,150.0,50.0,49.0,77.0,217.0,Fazenda Beabisa,"Gilberto A. Honorio, Renato Raite",LUCK KATISPERA x ZAPP BEABISA,LUCK KATISPERA,ANA DA BEABISA,REM DANUT,ZAPP BEABISA,po; carcaca-5-estrelas; maternal; peso; reprodutivo; semiintensivo,SEMI-INTENSIVO,https://loja.crvbrasil.com.br/semen/touros-de-corte-zebu/nelore/eiko-da-beabisa-nelore
9371.0,I2230 DA MODELO,EMBU DA MODELO,Nelore PO,MDLO2230,16/08/2021,45.4,,851.0,40.0,165.0,171.0,61.0,64.0,79.0,224.0,Fazenda Modelo,Ricardo Grassano,EL ZORRERO SINO x REM ARMADOR,EL ZORRERO SINO,ELIZANDRA,REM ESPIÃO007,REM ARMADOR,po; ifert; carcaca-5-estrelas; car; rp-ancp; maternal; peso; reprodutivo; semiintensivo,SEMI-INTENSIVO,https://loja.crvbrasil.com.br/semen/touros-de-corte-zebu/nelore/embu-da-modelo-nelore
9742.0,18643 DA AGUA FRIA,ENDURO ÁGUA FRIA,Nelore PO,JCGG18643,01/08/2021,31.2,,,,,,,,,,Nelore Agua Fria,João Carlos Guimarães Giffoni Filho,ZAPP BEABISA x DONATO NAV.,ZAPP BEABISA,JG-8138 DA AGUA FRIA,REM ARMADOR,DONATO NAV.,po; carcaca-4-estrelas; rp-ancp; maternal; peso; reprodutivo; semiextensivo,SEMI-EXTENSIVO,https://loja.crvbrasil.com.br/semen/touros-de-corte-zebu/nelore/enduro-nelore
9743.0,19113 DA AGUA FRIA,ESCORPIÃO ÁGUA FRIA,Nelore PO,JCGG19113,16/08/2021,31.2,,780.0,42.0,163.0,166.0,62.0,60.0,76.0,215.0,Nelore Agua Fria,João Carlos Guimarães Giffoni Filho,CARANDAH MAT x REM USP,CARANDAH MAT,JG-9188 DA AGUA FRIA,VERNON MAT,REM USP,po; carcaca-5-estrelas; maternal; novilhas; peso; reprodutivo; semiextensivo,SEMI-EXTENSIVO,https://loja.crvbrasil.com.br/semen/touros-de-corte-zebu/nelore/escorpiao-nelore
11667.0,ESTOURO 7 ESTRELAS,ESTOURO 7 ESTRELAS,Nelore PO,SETE5873,12/07/2022,34.9,,900.0,44.0,161.0,170.0,53.0,55.0,81.0,219.0,Nelore Sete Estrelas,Juliano Beraldo de Andrade,REM HERCULES x CALIBRE CAMPARINO,REM HERCULES,JACARACI 7 ESTRELAS,REM CALDONEGRO,CALIBRE CAMPARINO,po; ifert; peso; reprodutivo; semiintensivo,SEMI-INTENSIVO,https://loja.crvbrasil.com.br/semen/touros-de-corte-zebu/nelore/estouro-7-estrelas-nelore-11377
9689.0,B6834  DA EAO,EXITO EAO,Nelore PO,EAOB6834,02/08/2021,34.9,,741.0,42.0,157.0,162.0,61.0,59.0,76.0,227.0,EAO Agropecuária,EAO Agropecuária e Terezinha de J.B. Vasconcelos,REM GARANTIDO x REM USP,REM GARANTIDO,6185  DA EAO,REM ESPIÃO007,REM USP,po; ifert; carcaca-5-estrelas; car; peso; reprodutivo; semiextensivo,SEMI-EXTENSIVO,https://loja.crvbrasil.com.br/semen/touros-de-corte-zebu/nelore/exito-eao-nelore
8642.0,FANTASMA JCA,FANTASMA JCA,Nelore CEIP,86818JCA,17/09/2018,21.9,,665.0,44.0,152.0,155.0,52.0,58.0,76.0,203.0,Jaguari Comercial e Agrícola,Jaguari Comercial e Agrícola,BURUTI JCA x -,BURUTI JCA,CL17611JCA,TORPEDO PA,-,ceip; ifert; novilhas; peso; extensivo,EXTENSIVO,https://loja.crvbrasil.com.br/semen/touros-de-corte-zebu/nelore/fantasma-jca-nelore
8889.0,FANTON  DA CARPA,FANTON DA CARPA,Nelore PO,EBOMA7517,30/09/2018,33.9,,1130.0,44.0,168.0,178.0,69.0,62.0,78.0,240.0,Nelore Carpa,EBO Agropecuária e Agropecuária Garcia Alves,LANDAU DI GÊNIO x NOBRE PRIM.,LANDAU DI GÊNIO,BARDOT CARPA,BRADO S. M.,NOBRE PRIM.,po; ifert; maternal; peso; semiextensivo,SEMI-EXTENSIVO,https://loja.crvbrasil.com.br/semen/touros-de-corte-zebu/nelore/fanton-fiv-da-carpa-nelore
8641.0,FARAO TN,FARAÓ TN,Nelore CEIP,3218TN,12/08/2018,18.7,,,,,,,,,,Jaguari Comercial e Agrícola,Jaguari Comercial e Agrícola,PAINT IMPACTO x KATMANDU AJ,PAINT IMPACTO,1715TN,MILAO DA FUNDEIO,KATMANDU AJ,ceip; maternal; extensivo,EXTENSIVO,https://loja.crvbrasil.com.br/semen/touros-de-corte-zebu/nelore/farao-tn-nelore
10835.0,B8015 FIV DA EAO,FEDERAL DA EAO,Nelore PO,EAOB8015,17/10/2021,60.0,,940.0,40.0,156.0,170.0,52.0,52.0,82.0,230.0,EAO Agropecuária,EAO Agropecuária e Alfredo Pacheco Pereira Neto,REM GARANTIDO x BACKUP,REM GARANTIDO,6809 DA EAO,REM ESPIÃO007,BACKUP,po; carcaca-5-estrelas; car; maternal; peso; reprodutivo; semiextensivo,SEMI-EXTENSIVO,https://loja.crvbrasil.com.br/semen/touros-de-corte-zebu/nelore/federal-eao-nelore
11934.0,2167 DA VISTA ALEGRE,FUTURO DA VISTA ALEGRE,Nelore PO,ELEJ2167,14/09/2022,31.2,,789.0,41.0,153.0,167.0,55.0,55.0,79.0,214.0,FAZ VALE DA BOA VISTA,Faz Vale da Boa Vista,VENUS  DE NAVIRAI x GENERAL DA MN,VENUS  DE NAVIRAI,1213,CALIBRE  CAMPARINO,GENERAL DA MN,po; carcaca-3-estrelas; maternal; peso; semiintensivo,SEMI-INTENSIVO,https://loja.crvbrasil.com.br/semen/touros-de-corte-zebu/nelore/futuro-da-vista-alegre-nelore
8812.0,GABARITO JCA,GABARITO JCA,Nelore CEIP,71419JCA,22/09/2019,18.7,,,,,,,,,,Jaguari Comercial e Agrícola,Jaguari Comercial e Agrícola,IMBAUBA FM x LITIO AJ,IMBAUBA FM,48 13 TN,GUACU FM,LITIO AJ,ceip; maternal; peso; extensivo,EXTENSIVO,https://loja.crvbrasil.com.br/semen/touros-de-corte-zebu/nelore/gabarito-jca-nelore
9048.0,GAKHUR AYMORE,GAKHUR AYMORE,Nelore PO,AYM2262,04/08/2020,31.2,,1061.0,41.0,162.0,170.0,68.0,58.0,85.0,241.0,Nelore Aymoré,Mencius Mendes Abrahão,B2887 S.NICE x DIRIGÍVEL COL,B2887 S.NICE,VALHA AYMORE,BACKUP,DIRIGÍVEL COL,po; carcaca-4-estrelas; maternal; peso; reprodutivo; semiextensivo,SEMI-EXTENSIVO,https://loja.crvbrasil.com.br/semen/touros-de-corte-zebu/nelore/gakhur-aymore-nelore
12275.0,C2013 DA EAO,GALLARDO DA EAO,Nelore PO,EAOC2013,11/08/2023,31.2,,714.0,39.0,149.0,160.0,54.0,53.0,76.0,214.0,EAO Agropecuária,EAO Agropecuária e Edinilson Exster,INVICTUS DA HORA x CAMPEÃO MN,INVICTUS DA HORA,3496 DA EAO,TNT,CAMPEÃO MN,po; carcaca-4-estrelas; maternal; peso; reprodutivo; semiextensivo,SEMI-EXTENSIVO,https://loja.crvbrasil.com.br/semen/touros-de-corte-zebu/nelore/gallardo-da-eao-nelore
8473.0,GATILHO DA HORA,GATILHO DA HORA,Nelore PO,HORA2926,01/08/2017,33.9,,1128.0,47.0,161.0,159.0,64.0,61.0,87.0,185.0,Nelore HORA,José R. Hofig Ramos e Wilson Roberto da Costa,REM ARMADOR x TRUCK ALO BRASIL,REM ARMADOR,3288 DA JHR,REM TORIXOREU,TRUCK ALO BRASIL,po; ifert; carcaca-4-estrelas; car; novilhas; peso; reprodutivo; semiintensivo,SEMI-INTENSIVO,https://loja.crvbrasil.com.br/semen/touros-de-corte-zebu/nelore/gatilho-da-hora-nelore
10915.0,C528 DA NANA PORA,GIGABITE J MACHADO,Nelore PO,DINO528,05/10/2022,31.2,,660.0,42.0,154.0,158.0,53.0,53.0,78.0,206.0,Nelore J Machado,"Leandro Zardo, João L. N. Machado e Adinilson G. S. Teixeira",CAPITÃO DA ÁGUA FRIA x REM ESPIÃO007,CAPITÃO DA ÁGUA FRIA,ERENA J MACHADO,REM USP,REM ESPIÃO007,po; carcaca-5-estrelas; maternal; peso; reprodutivo; semiintensivo,SEMI-INTENSIVO,https://loja.crvbrasil.com.br/semen/touros-de-corte-zebu/nelore/gigabite-j-machado-nelore
9071.0,GIOTTO AYMORE,GIOTTO AYMORE,Nelore Pintado,AYM2268,06/08/2020,499.0,,585.0,38.0,152.0,150.0,48.0,51.0,75.0,200.0,Nelore Aymoré,Nelore Aymoré,DRUSO DA CA x SAMENINA AYMORE,DRUSO DA CA,ADORAVEL AYMORE,CUBANINHO STA,SAMENINA AYMORE,po; novilhas; semiextensivo,SEMI-EXTENSIVO,https://loja.crvbrasil.com.br/semen/touros-de-corte-zebu/nelore/giotto-aymore-nelore
9786.0,GOIAS NBV,GOIAS NBV,Nelore CEIP,G00519NBV,26/08/2019,43.7,,,45.0,148.0,170.0,60.0,57.0,80.0,223.0,Nelore Boa Vista,Nelore Boa Vista,ESPECIAL TUL x ROCKHAMPTON AJ,ESPECIAL TUL,472415TUL,MAGNÍFICO CFM,ROCKHAMPTON AJ,ceip; ifert; maternal; novilhas; reprodutivo; semiextensivo,SEMI-EXTENSIVO,https://loja.crvbrasil.com.br/semen/touros-de-corte-zebu/nelore/goias-nbv-nelore
9036.0,GOLIAS 7 ESTRELAS,GOLIAS 7 ESTRELAS,Nelore PO,SETE3585,01/08/2018,29.5,,1019.0,46.0,162.0,187.0,64.0,63.0,82.0,227.0,Nelore Sete Estrelas,Juliano Beraldo de Andrade,PRADIP NAV x BACKUP,PRADIP NAV,ELFA 7 ESTRELAS,JABRIEL NAV.,BACKUP,po; ifert; carcaca-3-estrelas; car; peso; reprodutivo; semiintensivo,SEMI-INTENSIVO,https://loja.crvbrasil.com.br/semen/touros-de-corte-zebu/nelore/golias-7-estrelas-nelore
10993.0,,,,,,31.2,,,,,,,,,,,,,,,,,,,https://loja.crvbrasil.com.br/semen/touros-de-corte-zebu/nelore/granizo-da-santa-nice
8936.0,HAVAIANO DA TRADIÇÃO,HAVAIANO TRADIÇÃO,Nelore PO,UTIL1975,24/09/2018,28.3,,984.0,40.0,153.0,172.0,60.0,60.0,70.0,220.0,Fazenda Tradição,Guilherme A. A. do Amaral e Gilberto S. de Souza,PELE DA MN x BITELO DS,PELE DA MN,BIOLOGIA DA TRADIÇÃO,CORONEL DA MN,BITELO DS,po; car; novilhas; semiintensivo,SEMI-INTENSIVO,https://loja.crvbrasil.com.br/semen/touros-de-corte-zebu/nelore/havaiano-da-tradicao-nelore
11104.0,C342,HERÓI DA SANTA NAZARÉ,Nelore PO,NLCM342,26/08/2022,31.2,,815.0,40.0,153.0,156.0,49.0,52.0,58.0,219.0,Nelore Santa Nazare,Luiz Carlos P. Macambira,TAJ  DE NAVIRA x IRIDIUM KA,TAJ  DE NAVIRA,1103 KA,NAVIRAI POLO,IRIDIUM KA,po; carcaca-5-estrelas; car; pnat; peso; semiintensivo,SEMI-INTENSIVO,https://loja.crvbrasil.com.br/semen/touros-de-corte-zebu/nelore/heroi-da-santa-nazare-nelore
8294.0,HORUS NP,HORUS NP,Nelore CEIP,08999216NP,13/09/2016,18.7,,1033.0,39.0,154.0,175.0,70.0,63.0,75.0,224.0,Nelore NP,Ney Padilha,DAKOTA AJ x ASSIS AJ,DAKOTA AJ,8030913,CARDEAL AJ,ASSIS AJ,ceip; maternal; peso; semiintensivo,SEMI-INTENSIVO,https://loja.crvbrasil.com.br/semen/touros-de-corte-zebu/nelore/horus-np-nelore
10106.0,HUMAITÁ PARM,HUMAITÁ PARM,Nelore CEIP,M30021DFM,25/08/2021,48.0,,760.0,40.0,143.0,160.0,60.0,61.0,77.0,223.0,P@RM Agropecuária,P@RM Agropecuária,MAORI AJ x ASSIS AJ,MAORI AJ,L17319DFM,CURIO AJ,ASSIS AJ,ceip; ifert; maternal; novilhas; peso; extensivo,EXTENSIVO,https://loja.crvbrasil.com.br/semen/touros-de-corte-zebu/nelore/humaita-parm-nelore
12685.0,HUNO,HUNO AGROSOL,Nelore PO,SRRN301,02/01/2024,31.2,,737.0,39.0,150.0,147.0,53.0,46.0,72.0,217.0,Fazenda Santa Rita,Fabio Barbosa de Oliveira Junior,DIESEL DA MAGDA x CORONEL DA MN,DIESEL DA MAGDA,28810 SBX,CAMPEÃO MN,CORONEL DA MN,po; carcaca-4-estrelas; maternal; novilhas; peso; reprodutivo; semiextensivo,SEMI-EXTENSIVO,https://loja.crvbrasil.com.br/semen/touros-de-corte-zebu/nelore/huno-agrosol-nelore
10927.0,A3147 FIV GUADALUPE,IBOPE GUADALUPE,Nelore PO,FGPA3147,20/05/2022,36.5,,700.0,39.0,158.0,163.0,60.0,60.0,80.0,224.0,Guadalupe Agropecuária,"Guadalupe Agropecuária, Claudio Beleli e Eduardo da Costa",ESTORIL MAT x BELO J MACHADO,ESTORIL MAT,A1659 GUADALUPE,QUARUP BONS,BELO J MACHADO,po; ifert; carcaca-3-estrelas; maternal; peso; reprodutivo; semiintensivo,SEMI-INTENSIVO,https://loja.crvbrasil.com.br/semen/touros-de-corte-zebu/nelore/ibope-guadalupe-nelore
8848.0,ILHEUS  GC DA SL,ILHEUS GC DA SL,Nelore Pintado,GSCA1047,07/11/2018,43.7,,1024.0,43.0,156.0,163.0,62.0,59.0,74.0,234.0,Geraldo de Souza Carvalho Júnior,Geraldo de Souza Carvalho Junior,BANNER V3 x BITELO SS,BANNER V3,ANGRA  GC DA SL,LACADOR  L.CANCADO,BITELO SS,po; novilhas; semiextensivo,SEMI-EXTENSIVO,https://loja.crvbrasil.com.br/semen/touros-de-corte-zebu/nelore/ilheus-nelore
9936.0,JHVM 22893 FIV CAMPARINO,ÍMPETO CAMPARINO,Nelore PO,JHVM22893,20/09/2021,55.0,,874.0,42.0,159.0,174.0,62.0,57.0,83.0,234.0,Fazenda Camparino,"José Humberto Vilela Martins, Claudio Beleli e Eduardo da Costa",GUERREIRO CAMPARINO x REM ARMADOR,GUERREIRO CAMPARINO,DANCARINA CAMPARINO,FENOMENO CAMPARINO,REM ARMADOR,po; ifert; carcaca-4-estrelas; maternal; peso; semiintensivo,SEMI-INTENSIVO,https://loja.crvbrasil.com.br/semen/touros-de-corte-zebu/nelore/impeto-camparino-ne
8979.0,ITUXI  DO GOLIAS,ITUXI DO GOLIAS,Nelore PO,FSAT4567,13/09/2019,38.9,,747.0,41.0,146.0,148.0,56.0,50.0,75.0,211.0,Nelore do Golias,Flavio Páscoa Telles de Menezes,TIJOLO DO GOLIAS x ERCULES DA SC,TIJOLO DO GOLIAS,ATHENAS DO GOLIAS,FAULAD DA SC,ERCULES DA SC,po; carcaca-5-estrelas; novilhas; semiintensivo,SEMI-INTENSIVO,https://loja.crvbrasil.com.br/semen/touros-de-corte-zebu/nelore/ituxi-do-golias-nelore
9075.0,H1818 DA MDLO,JAÓ DA MODELO,Nelore PO,MDLO1818,30/09/2020,25.9,,834.0,43.0,155.0,163.0,61.0,64.0,82.0,214.0,Fazenda Modelo,Ricardo A. Grassano,REM FIGURAO x REM ARMADOR,REM FIGURAO,F1078 DA MDLO,REM CALDONEGRO,REM ARMADOR,po; ifert; carcaca-4-estrelas; rp-ancp; maternal; peso; reprodutivo; semiintensivo,SEMI-INTENSIVO,https://loja.crvbrasil.com.br/semen/touros-de-corte-zebu/nelore/jao-da-mdlo-nelore
9541.0,I2366 DA MODELO,KAIAPO DA MODELO,Nelore PO,MDLO2366,22/09/2021,25.9,,786.0,44.0,158.0,168.0,60.0,60.0,79.0,221.0,Fazenda Modelo,Ricardo Grassano,EL ZORRERO SINO x REM CALDONEGRO,EL ZORRERO SINO,G1309 DA MDLO,REM ESPIÃO007,REM CALDONEGRO,po; carcaca-4-estrelas; maternal; peso; reprodutivo; semiintensivo,SEMI-INTENSIVO,https://loja.crvbrasil.com.br/semen/touros-de-corte-zebu/nelore/kaiapo-da-modelo-ne
9799.0,9624 JR TAR,KING DA JR,Nelore PO,JRBT B9624,07/09/2021,31.2,,790.0,40.0,164.0,169.0,61.0,53.0,75.0,212.0,Nelore JR,Julio Bernardes,GÊNIO DA HORA x CAMPEÃO DA MN,GÊNIO DA HORA,ARMADA JR TAR,TRUCK ALO BRASIL,CAMPEÃO DA MN,po; carcaca-5-estrelas; car; maternal; peso; reprodutivo; semiextensivo,SEMI-EXTENSIVO,https://loja.crvbrasil.com.br/semen/touros-de-corte-zebu/nelore/king-jr-nelore
8031.0,KOCHI KA,KOCHI KA,Nelore PO,KAPO330,20/10/2014,343.9,,1139.0,40.0,160.0,173.0,62.0,60.0,81.0,249.0,Katayama Pecuária,"Katayama Pecuária, Grupo Caminho e CRV",BACKUP x AVESSO DA BELA,BACKUP,GARATUJA KA,GABINETE DO IZ,AVESSO DA BELA,po; ceip; ifert; carcaca-5-estrelas; car; peso; reprodutivo; semiextensivo,SEMI-EXTENSIVO,https://loja.crvbrasil.com.br/semen/touros-de-corte-zebu/nelore/kochi-ka-nelore
8945.0,MAAB VINDOURO,MAAB VINDOURO,Nelore PO,MAB2580,09/11/2014,31.2,,1055.0,46.0,160.0,180.0,62.0,60.0,79.0,224.0,Nelore MAAB,Marco Antonio Andrade Barbosa,BITELO DS x HELIACO DA JAVA,BITELO DS,MAAB CALADA,ENCARTE DS,HELIACO DA JAVA,po; car; peso; semiintensivo,SEMI-INTENSIVO,https://loja.crvbrasil.com.br/semen/touros-de-corte-zebu/nelore/maab-vindouro-nelore
9023.0,MACAUBA FM,MACAÚBA FM,Nelore CEIP,29120FM,14/08/2020,36.5,,977.0,40.0,162.0,167.0,65.0,67.0,84.0,240.0,Agropecuária Maragogipe,Agropecuária Maragogipe,DAKOTA AJ x DVORAK AJ,DAKOTA AJ,55815FM,CARDEAL AJ,DVORAK AJ,ceip; maternal; novilhas; peso; semiextensivo,SEMI-EXTENSIVO,https://loja.crvbrasil.com.br/semen/touros-de-corte-zebu/nelore/macauba-fm-nelore
11913.0,MALBEC FC CACHOEIRÃO,MALBEC CACHOEIRÃO,Nelore PO,FCCH3216,10/07/2023,31.2,,773.0,42.0,158.0,149.0,51.0,42.0,70.0,214.0,Nelore Cachoeirão,Jose Rodrigues Pereira e Irmãos,DIPLOMATA AGRONOVA x KOCHI KA,DIPLOMATA AGRONOVA,2459 FC CACHOEIRAO,REM ESPIÃO007,KOCHI KA,po; carcaca-4-estrelas; car; peso; reprodutivo; semiintensivo,SEMI-INTENSIVO,https://loja.crvbrasil.com.br/semen/touros-de-corte-zebu/nelore/malbec-cachoeirao-nelore-11393
11937.0,MAQUINA FIV FVC,MAQUINA FVC,Nelore PO,FVCP3119,01/07/2023,31.2,,701.0,43.0,153.0,155.0,48.0,50.0,80.0,229.0,Fazenda Vera Cruz,Fazenda Vera Cruz e Fazenda São Pedro,DIPLOMATA AGRONOVA x LIDER FVC,DIPLOMATA AGRONOVA,VENTANIA FVC,REM ESPIÃO007,LIDER FVC,po; carcaca-5-estrelas; car; maternal; peso; reprodutivo; semiintensivo,SEMI-INTENSIVO,https://loja.crvbrasil.com.br/semen/touros-de-corte-zebu/nelore/maquina-fvc-nelore-11395
4936.0,MAREL DO IZ,MAREL DO IZ,Nelore PO,I3157,08/09/1992,31.2,,,,,,,,,,Instituto De Zootecnia,Instituto De Zootecnia,ESCALDADO x VASTO,ESCALDADO,ENGINA,ANDARILHO,VASTO,po; novilhas; semiextensivo,SEMI-EXTENSIVO,https://loja.crvbrasil.com.br/semen/touros-de-corte-zebu/nelore/marel-iz-nelore
12182.0,MAROLO 3BA,MAROLO 3BA,Nelore CEIP,3441233BA,20/09/2023,28.3,,629.0,40.0,141.0,149.0,52.0,53.0,70.0,202.0,Agropecuária 3 Barras,José Francisco F. Micheloni + Condomínio,VINHÁTICO 3BA x -,VINHÁTICO 3BA,6657163BA,PARDO FM,-,ceip; maternal; peso; semiextensivo,SEMI-EXTENSIVO,https://loja.crvbrasil.com.br/semen/touros-de-corte-zebu/nelore/marolo-3ba-nelore
8471.0,MAROTO DA ELGE,MAROTO DA ELGE,Nelore PO,ELGE4789,09/12/2016,24.8,,929.0,44.0,155.0,175.0,62.0,60.0,82.0,230.0,Chácara Naviraí,MARCELO BARBOSA STRANG,QUICHUA DA TRADIÇÃO x GENERAL DA MN,QUICHUA DA TRADIÇÃO,2502 DA ELGE,DARDO,GENERAL DA MN,po; maternal; novilhas; semiextensivo,SEMI-EXTENSIVO,https://loja.crvbrasil.com.br/semen/touros-de-corte-zebu/nelore/maroto-elge-nelore
8318.0,MASTER DA GREN,MASTER GREN,Nelore PO,GRENA2618,25/08/2016,33.9,,1105.0,44.0,155.0,183.0,61.0,66.0,75.0,237.0,Nelore Grendene,Agropecuária Grendene e Danilo A.Vinhal,CAMPEÃO DA MN x BACKUP,CAMPEÃO DA MN,3066 DA GREN.,HUNO DA MN,BACKUP,po; ifert; carcaca-4-estrelas; car; pnat; novilhas; semiextensivo,SEMI-EXTENSIVO,https://loja.crvbrasil.com.br/semen/touros-de-corte-zebu/nelore/master-da-gren-nelore
8249.0,MISTERIO  CASS,MISTÉRIO CASS,Nelore PO,CASS1957,17/06/2015,209.0,,,,,,,,,,Nelore CASS,"Roberto Bavaresco, Carlos Eduardo de Paula Alvarez e Jairo de Paula e Silva",KAYAK MAFRA x BIG BEN DA S NICE,KAYAK MAFRA,FLAGRA SJ COCAL,BASCO DA SM,BIG BEN DA S NICE,po; semiintensivo,SEMI-INTENSIVO,https://loja.crvbrasil.com.br/semen/touros-de-corte-zebu/nelore/misterio-nelore
8706.0,MORRAD DA PEÇA RARA,MORRAD PEÇA RARA,Nelore PO,PECA7885,22/01/2019,24.8,,980.0,44.0,156.0,180.0,63.0,65.0,83.0,231.0,Peça Rara Agropecuária,"Valdenilson C. Mendes, Fazenda Rio Madeira, José L. Oliveira, Marcelo B. Souza, Felipe A. S. Tavares, Igor A. Azevedo, Alex S. Guaitolini",JANON PECA RARA x GANGES COL,JANON PECA RARA,OITA DA PECA RARA,JUBILEU PECA RARA,GANGES COL,po; ceip; carcaca-3-estrelas; car; peso; reprodutivo; semiintensivo,SEMI-INTENSIVO,https://loja.crvbrasil.com.br/semen/touros-de-corte-zebu/nelore/morrad-da-peca-rara-nelore
9074.0,H1666 DA MDLO,MUTUM DA MODELO,Nelore PO,MDLO1666,16/11/2020,25.9,,863.0,37.0,153.0,170.0,59.0,62.0,79.0,214.0,Fazenda Modelo,"Ricardo A. Grassano, Antonio M. S. Albuquerque e Jfiel Repr. de Produtos Agropecuarios",REM GALO x REM CALDONEGRO,REM GALO,F981 DA MDLO,REM ESPIÃO007,REM CALDONEGRO,po; ifert; carcaca-5-estrelas; maternal; peso; reprodutivo; semiintensivo,SEMI-INTENSIVO,https://loja.crvbrasil.com.br/semen/touros-de-corte-zebu/nelore/mutum-da-mdlo-nelore
9755.0,I2504 DA MODELO,NAURU DA MODELO,Nelore PO,MDLO2504,21/09/2021,33.9,,716.0,40.0,147.0,160.0,62.0,57.0,80.0,214.0,Fazenda Modelo,Ricardo Grassano,REM HERMOSO  x REM ARMADOR,REM HERMOSO,F1068 DA MDLO,REM ESPIÃO007,REM ARMADOR,po; ifert; carcaca-4-estrelas; car; peso; reprodutivo; semiextensivo,SEMI-EXTENSIVO,https://loja.crvbrasil.com.br/semen/touros-de-corte-zebu/nelore/nauro-da-modelo-nelore
10900.0,6527 FIV DA ELGE,NAVAL DA ELGE,Nelore PO,ELGE6527,07/11/2021,31.2,,732.0,40.0,148.0,156.0,54.0,55.0,76.0,222.0,Fazenda Elge,Fazenda Elge,OUTDOOR DA DICA x ATOL DA ELGE,OUTDOOR DA DICA,5353 DA ELGE,HOATCHI LEMGRUBER,ATOL DA ELGE,po; carcaca-5-estrelas; novilhas; extensivo,EXTENSIVO,https://loja.crvbrasil.com.br/semen/touros-de-corte-zebu/nelore/naval-da-elge-nelore
9070.0,NIMBUS KA,NIMBUS KA,Nelore PO,KAPO1987,09/11/2017,38.9,,1034.0,45.0,153.0,175.0,59.0,62.0,82.0,241.0,Katayama Pecuária,Katayama Pecuária e Rosana H. B. Vinhal,KOCHI KA x GANGES COL,KOCHI KA,LINDALVA KA,BACKUP,GANGES COL,po; ifert; carcaca-4-estrelas; peso; reprodutivo; semiextensivo,SEMI-EXTENSIVO,https://loja.crvbrasil.com.br/semen/touros-de-corte-zebu/nelore/nimbus-ka-nelore
9685.0,5244 KATISPERA,NOBEL KATISPERA,Nelore PO,KAT5244,01/10/2021,31.2,,799.0,42.0,157.0,173.0,78.0,60.0,78.0,220.0,Nelore Katispera,Daniel Branco Perin Sanches,REM GLADIADOR x GANGES COL,REM GLADIADOR,MAYA BONS,REM DULLDOG,GANGES COL,po; carcaca-5-estrelas; maternal; peso; reprodutivo; semiextensivo,SEMI-EXTENSIVO,https://loja.crvbrasil.com.br/semen/touros-de-corte-zebu/nelore/nobel-katispera-nelore
9058.0,NÓRDICO KA,NÓRDICO KA,Nelore PO,KAPM7918,29/11/2017,36.5,,1088.0,47.0,160.0,170.0,62.0,65.0,86.0,242.0,Katayama Pecuária,Wilson Roberto Codogno Filho,BACKUP x REM USP,BACKUP,MADELON KA,GABINETE DO IZ,REM USP,po; ifert; carcaca-3-estrelas; car; maternal; peso; reprodutivo; semiintensivo,SEMI-INTENSIVO,https://loja.crvbrasil.com.br/semen/touros-de-corte-zebu/nelore/nordico-ka-nelore
8287.0,ORACULO DA DI GÊNIO,ORÁCULO DA DI GÊNIO,Nelore PO,JCDG9105,10/09/2016,25.9,,1225.0,43.0,163.0,182.0,60.0,58.0,82.0,237.0,Nelore Di Gênio,Nelore Di Gênio,GOLDEN DA DI GÊNIO x EFEITO DI GÊNIO,GOLDEN DA DI GÊNIO,JACARA DA DI GÊNIO,QUARK COL,EFEITO DI GÊNIO,po; peso; reprodutivo; semiintensivo,SEMI-INTENSIVO,https://loja.crvbrasil.com.br/semen/touros-de-corte-zebu/nelore/oraculo-nelore
8873.0,OSMIO KA,ÓSMIO KA,Nelore PO,KAPM8386,06/09/2018,25.9,,1045.0,43.0,154.0,173.0,60.0,59.0,80.0,240.0,Katayama Pecuária,Katayama Pecuária,REM VOKOLO x NUR MAHAL COL,REM VOKOLO,DELAVOL KA,REM RICKET,NUR MAHAL COL,po; carcaca-3-estrelas; maternal; peso; reprodutivo; semiintensivo,SEMI-INTENSIVO,https://loja.crvbrasil.com.br/semen/touros-de-corte-zebu/nelore/osmio-ka-nelore
8817.0,PACTUAL KA,PACTUAL KA,Nelore PO,KAPO3331,29/08/2019,21.9,,978.0,45.0,161.0,172.0,62.0,61.0,79.0,227.0,Katayama Pecuária,Katayama Pecuária,REM ATOLO x GANGLIO KA,REM ATOLO,1264 KA,REM SABIA,GANGLIO KA,po; carcaca-3-estrelas; maternal; peso; reprodutivo; semiintensivo,SEMI-INTENSIVO,https://loja.crvbrasil.com.br/semen/touros-de-corte-zebu/nelore/pactual-ka-nelore
8118.0,PAGORAN IZ,PAGORAN IZ,Nelore PO,IZSNA4024,07/10/2015,38.9,,,,,,,,,,Instituto de Zootecnia de Sertãozinho,Marcelo Paes Menezes,LOSANGO DO IZ x FENIM DO IZ,LOSANGO DO IZ,ITACUA DO IZ,FEDERATIVO DO IZ,FENIM DO IZ,po; carcaca-3-estrelas; car; maternal; novilhas; reprodutivo; semiintensivo,SEMI-INTENSIVO,https://loja.crvbrasil.com.br/semen/touros-de-corte-zebu/nelore/pagoran-iz-nelore
10020.0,PAINT AH,PAINT AH,Nelore CEIP,0K531,19/12/2021,31.2,,615.0,40.0,150.0,145.0,54.0,44.0,72.0,202.0,Fazenda Xingu,Luis Gustavo Dias dos Santos,REM USP x PAINT PHANTON,REM USP,H14119,REM QUISCO,PAINT PHANTON,ceip; ifert; maternal; peso; semiextensivo,SEMI-EXTENSIVO,https://loja.crvbrasil.com.br/semen/touros-de-corte-zebu/nelore/paint-ah-nelore
12738.0,PAINT ATREVIDO AS,PAINT ATREVIDO,Nelore CEIP,E2743,20/11/2023,28.3,,660.0,38.0,149.0,149.0,49.0,43.0,73.0,217.0,Fazenda Santa Emília,Anacleto Sacchi,PAINT GENERAL x PAINT PHANTON,PAINT GENERAL,L678917,LÍTIO AJ,PAINT PHANTON,ceip; maternal; peso; reprodutivo; semiextensivo,SEMI-EXTENSIVO,https://loja.crvbrasil.com.br/semen/touros-de-corte-zebu/nelore/paint-atrevido-nelore
8507.0,PAINT BINOTAURO,PAINT BINOTAURO,Nelore CEIP,6025,08/09/2017,229.7,,954.0,40.0,147.0,163.0,61.0,57.0,74.0,236.0,Fazenda João do Bino,"Wellington L. A. de Souza, Benedito Soares e CRV",PAINT PHANTON x PAINT NITRO,PAINT PHANTON,P432  179313,DVORAK AJ,PAINT NITRO,ceip; ifert; maternal; novilhas; reprodutivo; extensivo,EXTENSIVO,https://loja.crvbrasil.com.br/semen/touros-de-corte-zebu/nelore/paint-binotauro-nelore
9125.0,PAINT BINOTAVEL,PAINT BINOTÁVEL,Nelore CEIP,F1936,21/11/2020,24.8,,,,,,,,,,Fazenda João do Bino,Wellington Luiz Alves de Souza,LITIO AJ x CFM ORGULHO,LITIO AJ,151611,MACAMBIRA AJ,CFM ORGULHO,ceip; novilhas; extensivo,EXTENSIVO,https://loja.crvbrasil.com.br/semen/touros-de-corte-zebu/nelore/paint-binotavel-nelore
11288.0,PAINT BRONCO C.A.,PAINT BRONCO CA,Nelore CEIP,J4035,20/08/2022,31.2,,688.0,40.0,148.0,149.0,52.0,47.0,78.0,218.0,Agropecuária Córrego Alegre,Agropecuária Córrego Alegre,CIA GANDHI HJ x PAINT PHANTON,CIA GANDHI HJ,P340 E094617,ASSIS AJ,PAINT PHANTON,ceip; ifert; maternal; peso; reprodutivo; semiextensivo,SEMI-EXTENSIVO,https://loja.crvbrasil.com.br/semen/touros-de-corte-zebu/nelore/paint-bronco-nelore
8938.0,PAINT CAPITÃO,PAINT CAPITÃO,Nelore CEIP,T436,13/10/2019,33.9,,921.0,40.0,142.0,168.0,61.0,60.0,80.0,220.0,Agropecuária Castagnoli,Virgílio Castagnoli S/A Agropecuária,CASH FJ x PAINT PHANTON,CASH FJ,46217,JAÇANÃ,PAINT PHANTON,ceip; ifert; maternal; novilhas; extensivo,EXTENSIVO,https://loja.crvbrasil.com.br/semen/touros-de-corte-zebu/nelore/paint-capitao-nelore
9559.0,PAINT CARVALHO,PAINT CARVALHO,Nelore CEIP,C262,02/01/2019,31.2,,934.0,43.0,156.0,182.0,56.0,63.0,88.0,231.0,Nelore Carvalho,Rodrigo Ferraresi,REM USP x CFM ORGULHO,REM USP,A25516,REM QUISCO,CFM ORGULHO,ceip; ifert; peso; extensivo,EXTENSIVO,https://loja.crvbrasil.com.br/semen/touros-de-corte-zebu/nelore/paint-carvalho-nelore
9161.0,PAINT CORAL VR,PAINT CORAL VR,Nelore CEIP,S473,03/10/2020,31.2,,,,,,,,,,Agropecuária Vila Rica,José Adolfo Pessoa de Queiroz,ABRAÃO PTZ x NIQUEL AJ,ABRAÃO PTZ,O35516,PAINT NITRO,NIQUEL AJ,ceip; maternal; novilhas; semiextensivo,SEMI-EXTENSIVO,https://loja.crvbrasil.com.br/semen/touros-de-corte-zebu/nelore/paint-coral-nelore
8876.0,PAINT CRONOS,PAINT CRONOS,Nelore CEIP,F0065,18/09/2019,31.2,,820.0,42.0,150.0,158.0,63.0,55.0,80.0,215.0,Agropecuária M&R,Marcos Tavares Duarte,PAINT TRIUNFO x CHUMBO AJ,PAINT TRIUNFO,C023516,CFM ORGULHO,CHUMBO AJ,ceip; semiextensivo,SEMI-EXTENSIVO,https://loja.crvbrasil.com.br/semen/touros-de-corte-zebu/nelore/paint-cronos-nelore
9126.0,PAINT FIRMNESS,PAINT FIRMNESS,Nelore CEIP,Q278,19/10/2020,24.8,,,,,,,,,,Fazenda Promissão,Domingos Ferreira Gomes,PAINT LEDENALY x LITIO AJ,PAINT LEDENALY,M 13416,PAINT NITRO,LITIO AJ,ceip; maternal; reprodutivo; semiextensivo,SEMI-EXTENSIVO,https://loja.crvbrasil.com.br/semen/touros-de-corte-zebu/nelore/paint-firmness-nelore
10018.0,PAINT GAVIÃO FP,PAINT GAVIÃO FP,Nelore CEIP,G2283,13/09/2021,24.8,,622.0,40.0,145.0,149.0,53.0,45.0,70.0,198.0,Agropecuária Pontal,Agropecuária Pontal,CIA METEORO x 643016AJ,CIA METEORO,PAJ16719,PAINT NITRO,643016AJ,ceip; maternal; reprodutivo; extensivo,EXTENSIVO,https://loja.crvbrasil.com.br/semen/touros-de-corte-zebu/nelore/paint-gaviao-fp-nelore
12739.0,PAINT GLADIADOR,PAINT GLADIADOR,Nelore CEIP,P131,31/08/2023,28.3,,720.0,38.0,152.0,162.0,50.0,50.0,77.0,216.0,Agropecuária Castagnoli,Virgílio Castagnoli S/A Agropecuária,PAINT JACARANDÁ x ITÁ FM,PAINT JACARANDÁ,T152,ASSIS AJ,ITÁ FM,ceip; maternal; peso; semiextensivo,SEMI-EXTENSIVO,https://loja.crvbrasil.com.br/semen/touros-de-corte-zebu/nelore/paint-gladiador-nelore
10137.0,PAINT GREGO FP,PAINT GREGO FP,Nelore CEIP,G4353,03/11/2021,28.3,,592.0,37.0,147.0,149.0,50.0,51.0,73.0,195.0,Agropecuária Pontal,Agropecuária Pontal,CAXAMBU FM x LITIO AJ,CAXAMBU FM,1312-16,ASSIS AJ,LITIO AJ,ceip; maternal; novilhas; peso; extensivo,EXTENSIVO,https://loja.crvbrasil.com.br/semen/touros-de-corte-zebu/nelore/paint-grego-fp-nelore
10914.0,PAINT GUARANTÃ,PAINT GUARANTÃ,Nelore CEIP,3526422,16/09/2022,31.2,,,,,,,,,,Fazenda João do Bino,Wellington Luiz Alves de Souza,CIA GANDHI HJ x 9032 NOTAVEL (CFM),CIA GANDHI HJ,P432 9032 20,ASSIS (AJ),9032 NOTAVEL (CFM),ceip; ifert; maternal; peso; reprodutivo; extensivo,EXTENSIVO,https://loja.crvbrasil.com.br/semen/touros-de-corte-zebu/nelore/paint-guranta-nelore
10098.0,PAINT ITAPUI FF,PAINT ITAPUI FF,Nelore CEIP,IO129,10/08/2021,31.2,,705.0,36.0,150.0,155.0,55.0,57.0,73.0,212.0,Fazenda Flamboyant,Charles Adolfo Timm,PAINT BINOTAURO x LITIO AJ,PAINT BINOTAURO,E040517,PAINT PHANTON,LITIO AJ,ceip; ifert; peso; reprodutivo; extensivo,EXTENSIVO,https://loja.crvbrasil.com.br/semen/touros-de-corte-zebu/nelore/pain-itapui
12742.0,PAINT LEÃO LS,PAINT LEÃO,Nelore CEIP,BO7644,08/09/2023,28.3,,614.0,40.0,149.0,144.0,49.0,45.0,74.0,208.0,Fazenda Ledenaly,Lélis Luiz Signoreli,AVIADOR DA PEÇA RARA x CIA GANDHI HJ,AVIADOR DA PEÇA RARA,763120,HONKER DA PEÇA RARA,CIA GANDHI HJ,ceip; maternal; peso; semiextensivo,SEMI-EXTENSIVO,https://loja.crvbrasil.com.br/semen/touros-de-corte-zebu/nelore/paint-leao-nelore-11343
10019.0,PAINT LOGAN,PAINT LOGAN,Nelore CEIP,L3301,27/11/2021,55.0,,670.0,40.0,139.0,153.0,57.0,51.0,73.0,212.0,Fazenda Periquitos S.A.,Fazenda Periquitos S.A.,CAXAMBU FM x PAINT INCAL,CAXAMBU FM,H885218,ASSIS AJ,PAINT INCAL,ceip; ifert; maternal; peso; extensivo,EXTENSIVO,https://loja.crvbrasil.com.br/semen/touros-de-corte-zebu/nelore/paint-logan-nelore
9107.0,PAINT MAESTRO VR,PAINT MAESTRO VR,Nelore CEIP,S116,25/06/2020,24.8,,,,,,,,,,Agropecuária Vila Rica,José Adolfo Pessoa de Queiroz,PRO PROFESSOR BAL x LITIO AJ,PRO PROFESSOR BAL,N4115,CFM ORGULHO,LITIO AJ,ceip; maternal; extensivo,EXTENSIVO,https://loja.crvbrasil.com.br/semen/touros-de-corte-zebu/nelore/paint-maestro-nelore
12743.0,PAINT MCLAREN CA,PAINT MCLAREN,Nelore CEIP,K4496,16/09/2023,28.3,,625.0,40.0,151.0,153.0,55.0,46.0,73.0,204.0,Agropecuária Córrego Alegre,Agropecuária Córrego Alegre + Condomínio,JAPURÁ FST x PAINT PHANTON,JAPURÁ FST,E013417,DAKOTA AJ,PAINT PHANTON,ceip; maternal; peso; reprodutivo; semiextensivo,SEMI-EXTENSIVO,https://loja.crvbrasil.com.br/semen/touros-de-corte-zebu/nelore/paint-mclaren-nelore
8865.0,PAINT MILIONARIO,PAINT MILIONÁRIO,Nelore CEIP,R176,05/08/2019,31.2,,862.0,41.0,149.0,166.0,56.0,57.0,72.0,210.0,Agropecuária Vila Rica,José Adolfo Pessoa de Queiroz Neto,PAINT CRIOULO DA FF x PAINT NITRO,PAINT CRIOULO DA FF,O 25516,LITIO AJ,PAINT NITRO,ceip; ifert; maternal; reprodutivo; semiextensivo,SEMI-EXTENSIVO,https://loja.crvbrasil.com.br/semen/touros-de-corte-zebu/nelore/paint-milionario-nelore
11289.0,PAINT MINUANO BF 1796,PAINT MINUANO,Nelore CEIP,J1796,1/9/2022,43.7,,670.0,37.0,147.0,148.0,49.0,50.0,81.0,220.0,Bom Futuro Agrícola,Bom Futuro Agrícola,CAXAMBU FM x PAINT PHANTON,CAXAMBU FM,P436 E007517,ASSIS AJ,PAINT PHANTON,ceip; ifert; maternal; novilhas; peso; semiextensivo,SEMI-EXTENSIVO,https://loja.crvbrasil.com.br/semen/touros-de-corte-zebu/nelore/paint-minuano-nelore
10099.0,PAINT MOISES,PAINT MOISES,Nelore CEIP,1091,07/08/2021,32.4,,699.0,37.0,152.0,157.0,58.0,59.0,78.0,216.0,Fazenda Cachoeira,Agrocorona Emp. Agrop. Pastoris LTDA,ZELO AJ x LITIO AJ,ZELO AJ,726516,ASSIS AJ,LITIO AJ,ceip; ifert; peso; semiextensivo,SEMI-EXTENSIVO,https://loja.crvbrasil.com.br/semen/touros-de-corte-zebu/nelore/paint-moises
12737.0,PAINT NATIVO,PAINT NATIVO,Nelore CEIP,N5901,30/11/2023,28.3,,630.0,36.0,147.0,151.0,51.0,52.0,71.0,203.0,Fazenda Periquitos S.A.,Fazenda Periquitos S.A.,PAINT CAPITÃO x PAINT INCAL,PAINT CAPITÃO,H885218,CASH FJ,PAINT INCAL,ceip; maternal; peso; extensivo,EXTENSIVO,https://loja.crvbrasil.com.br/semen/touros-de-corte-zebu/nelore/paint-nativo-nelore
9148.0,PAINT SANTA LUZIA,PAINT SANTA LUZIA,Nelore CEIP,H1089,15/08/2020,31.2,,828.0,40.0,158.0,164.0,58.0,55.0,80.0,219.0,Bom Futuro Agrícola,Bom Futuro Agrícola,CFM TOPAZIO x LITIO AJ,CFM TOPAZIO,E061817,CFM MINEIRO,LITIO AJ,ceip; ifert; semiextensivo,SEMI-EXTENSIVO,https://loja.crvbrasil.com.br/semen/touros-de-corte-zebu/nelore/paint-santa-luzia-nelore
8871.0,PAINT SCHEFFER,PAINT SCHEFFER,Nelore CEIP,G2407,01/11/2019,194.8,,917.0,42.0,149.0,166.0,61.0,63.0,80.0,235.0,Bom Futuro Agrícola,"Bom Futuro Agrícola, Agrop. Mata Sul, Guilherme P. Queiroz, Lelis L. Signorelli, Andre L. D. Fontes, Jones A. de Sá",149416 x LITIO AJ,149416,131216,PAINT PHANTON,LITIO AJ,ceip; ifert; maternal; novilhas; peso; semiextensivo,SEMI-EXTENSIVO,https://loja.crvbrasil.com.br/semen/touros-de-corte-zebu/nelore/paint-scheffer-nelore
10135.0,,,,,,31.2,,,,,,,,,,,,,,,,,,,https://loja.crvbrasil.com.br/semen/touros-de-corte-zebu/nelore/paint-senna-nelore
10100.0,PAINT SURUBIM,PAINT SURUBIM,Nelore CEIP,S201,11/09/2021,31.2,,605.0,40.0,150.0,152.0,52.0,53.0,70.0,198.0,Fazenda Cachoeira dos Índios,Pros Participações e Administração LTDA,PAINT PUMA x LITIO AJ,PAINT PUMA,O06717,ASSIS AJ,LITIO AJ,ceip; ifert; reprodutivo; semiextensivo,SEMI-EXTENSIVO,https://loja.crvbrasil.com.br/semen/touros-de-corte-zebu/nelore/paint-surubim-nelore
12450.0,PAINT THANUS,PAINT THANUS,Nelore CEIP,D342,03/10/2020,32.4,,918.0,43.0,144.0,153.0,54.0,46.0,74.0,227.0,Fazenda Marupiara,Hugo Antonio Bruner,TANNAT AJ x LÍTIO AJ,TANNAT AJ,A75018,NAVAJO AJ,LÍTIO AJ,ceip; ifert; maternal; novilhas; peso; reprodutivo; semiextensivo,SEMI-EXTENSIVO,https://loja.crvbrasil.com.br/semen/touros-de-corte-zebu/nelore/paint-thanus-nelore
12744.0,PAINT TÓRIO MR,PAINT TÓRIO,Nelore CEIP,D190,08/02/2023,28.3,,710.0,40.0,151.0,142.0,52.0,50.0,78.0,217.0,MR Agropecuária,MR Agropecuária,PAINT MAJOR x JUBILEU PEÇA RARA,PAINT MAJOR,G003320,UNANIME TUL,JUBILEU PEÇA RARA,ceip; novilhas; peso; reprodutivo; semiextensivo,SEMI-EXTENSIVO,https://loja.crvbrasil.com.br/semen/touros-de-corte-zebu/nelore/paint-torio-nelore
11287.0,PAINT TROPERO,PAINT TROPERO,Nelore CEIP,T012,16/08/2022,31.2,,626.0,40.0,146.0,144.0,49.0,52.0,70.0,196.0,Fazenda Cachoeira dos Índios,Fazenda Cachoeira dos Índios e Condomínio,ULTRAVOX TUL x LÍTIO AJ,ULTRAVOX TUL,9185 O 10917,IMEDIATO TUL,LÍTIO AJ,ceip; ifert; maternal; novilhas; peso; semiextensivo,SEMI-EXTENSIVO,https://loja.crvbrasil.com.br/semen/touros-de-corte-zebu/nelore/paint-tropero-nelore
11291.0,PAINT TUPÃ,PAINT TUPÃ,Nelore CEIP,T284,28/10/2022,31.2,,596.0,40.0,146.0,148.0,50.0,51.0,76.0,197.0,Fazenda Cachoeira dos Índios,Fazenda Cachoeira dos Índios,P185Q183 x P185 M 34516,P185Q183,P185 P356 19,JUBILEU DA PEÇA RARA,P185 M 34516,ceip; ifert; semiextensivo,SEMI-EXTENSIVO,https://loja.crvbrasil.com.br/semen/touros-de-corte-zebu/nelore/paint-tupa-nelore
8888.0,PAINT VOLPI AS,PAINT VOLPI,Nelore CEIP,A0076,18/07/2019,25.9,,916.0,44.0,150.0,166.0,59.0,60.0,80.0,225.0,Fazenda Santa Emília,Anacleto Sacchi,IMEDIATO TUL x LITIO AJ,IMEDIATO TUL,17016,COBRE AJ,LITIO AJ,ceip; ifert; novilhas; semiextensivo,SEMI-EXTENSIVO,https://loja.crvbrasil.com.br/semen/touros-de-corte-zebu/nelore/paint-volpi-as-nelore
9024.0,PAMPA FM,PAMPA FM,Nelore CEIP,72320FM,01/10/2020,25.9,,711.0,43.0,149.0,156.0,55.0,50.0,71.0,204.0,Agropecuária Maragogipe,Agropecuária Maragogipe,PARDO FM x LITIO AJ,PARDO FM,204417FM,BANDEIRANTE JCA,LITIO AJ,ceip; maternal; peso; semiextensivo,SEMI-EXTENSIVO,https://loja.crvbrasil.com.br/semen/touros-de-corte-zebu/nelore/pampa-fm-nelore
9026.0,PARÁ FM,PARÁ FM,Nelore CEIP,12820FM,06/08/2020,31.2,,724.0,40.0,152.0,153.0,56.0,55.0,71.0,202.0,Agropecuária Maragogipe,Agropecuária Maragogipe,CAXAMBU FM x AQUIDAUANA FM,CAXAMBU FM,140516FM,ASSIS AJ,AQUIDAUANA FM,ceip; maternal; novilhas; peso; reprodutivo; semiextensivo,SEMI-EXTENSIVO,https://loja.crvbrasil.com.br/semen/touros-de-corte-zebu/nelore/para-fm-nelore
8821.0,PARADIGMA TUL,PARADIGMA TUL,Nelore CEIP,588219TUL,02/10/2019,18.7,,866.0,43.0,155.0,159.0,60.0,52.0,72.0,220.0,Tulipa Agropecuária,Maria de Lourdes Reato Bruner,USHUAIA TUL x SCHEIDT AJ,USHUAIA TUL,293210AJ,COMANDO TUL,SCHEIDT AJ,ceip; maternal; semiextensivo,SEMI-EXTENSIVO,https://loja.crvbrasil.com.br/semen/touros-de-corte-zebu/nelore/paradigma-tul-nelore
8874.0,PHD KA,PHD KA,Nelore PO,KAPM10287,25/11/2019,38.9,,1070.0,42.0,164.0,184.0,64.0,65.0,85.0,242.0,Katayama Pecuária,Katayama Pecuária,REM VOKOLO x REM ARMADOR,REM VOKOLO,7893 KA,REM RICKET,REM ARMADOR,po; ifert; carcaca-4-estrelas; maternal; peso; reprodutivo; semiintensivo,SEMI-INTENSIVO,https://loja.crvbrasil.com.br/semen/touros-de-corte-zebu/nelore/phd-ka-nelore
8645.0,PIRATINI FM,PIRATINI FM,Nelore CEIP,35814FM,12/09/2014,21.3,,1011.0,41.0,160.0,175.0,62.0,63.0,82.0,230.0,Agropecuária Maragogipe,Agropecuária Maragogipe,DVORAK AJ x ORFF AJ,DVORAK AJ,27210FM,FELIUS AJ,ORFF AJ,ceip; novilhas; semiextensivo,SEMI-EXTENSIVO,https://loja.crvbrasil.com.br/semen/touros-de-corte-zebu/nelore/piratini-fm-nelore
8978.0,PITBULL  DO GOLIAS,PITBULL DO GOLIAS,Nelore PO,FSAT4695,16/03/2020,24.8,,,,,,,,,,Nelore do Golias,Flavio Páscoa Telles de Menezes,TIJOLO DO GOLIAS x CARUA,TIJOLO DO GOLIAS,FINA DAMA DO GOLIAS,FAULAD DA SC,CARUA,po; carcaca-5-estrelas; novilhas; semiextensivo,SEMI-EXTENSIVO,https://loja.crvbrasil.com.br/semen/touros-de-corte-zebu/nelore/pitbull-fiv-do-golias-nelore
9072.0,PRIME RIB,PRIME RIB,Nelore CEIP,032020RIB,13/07/2020,18.7,,644.0,40.0,150.0,150.0,53.0,52.0,79.0,200.0,Agropecuária Ribeirópolis,Agropecuária Ribeirópolis,ABRAÃO PTZ x SUDÃO MN,ABRAÃO PTZ,224117RIB,PAINT NITRO,SUDÃO MN,ceip; maternal; semiextensivo,SEMI-EXTENSIVO,https://loja.crvbrasil.com.br/semen/touros-de-corte-zebu/nelore/prime-rib-nelore
8343.0,PRO LITRO BAL,PRO LITRO BAL,Nelore CEIP,680316BAL,31/10/2016,31.2,,967.0,46.0,156.0,170.0,60.0,58.0,82.0,230.0,Fazenda Balsamo,Mariana Arantes de Almeida,LITIO AJ x PAINT NITRO,LITIO AJ,450513BAL,MACAMBIRA AJ,PAINT NITRO,ceip; ifert; maternal; peso; extensivo,EXTENSIVO,https://loja.crvbrasil.com.br/semen/touros-de-corte-zebu/nelore/pro-litro-bal-nelore
8701.0,PRO MESTRE BAL,PRO MESTRE BAL,Nelore CEIP,828217BAL,23/11/2017,24.8,,1058.0,43.0,158.0,175.0,63.0,64.0,75.0,218.0,Fazenda Balsamo,Heitor Maso - Fazenda Capuava,PRO PROFESSOR BAL x -,PRO PROFESSOR BAL,599215BAL,CFM ORGULHO,-,ceip; maternal; extensivo,EXTENSIVO,https://loja.crvbrasil.com.br/semen/touros-de-corte-zebu/nelore/pro-mestre-bal-nelore
8980.0,QATAR DA DI GÊNIO,QATAR DA DI GÊNIO,Nelore PO,JCDG12029,23/08/2018,43.7,,1148.0,46.0,168.0,185.0,71.0,68.0,82.0,240.0,Nelore Di Gênio,Nelore Di Gênio,REM USP x DESPEJO DA AIMORE,REM USP,LIBERTA DA DI GÊNIO,REM QUISCO,DESPEJO DA AIMORE,po; ceip; ifert; pnat; maternal; peso; reprodutivo; semiextensivo,SEMI-EXTENSIVO,https://loja.crvbrasil.com.br/semen/touros-de-corte-zebu/nelore/qatar-da-di-genio-nelore
8506.0,QLT ROI,QLT ROI,Nelore CEIP,S17554,09/12/2017,33.9,,982.0,41.0,156.0,171.0,55.0,63.0,79.0,218.0,Fazenda Bonanza,Ilézio Inácio Ferreira,RMBZ2017 x QLT JAGUAR,RMBZ2017,B14286,-,QLT JAGUAR,ceip; ifert; maternal; novilhas; peso; semiextensivo,SEMI-EXTENSIVO,https://loja.crvbrasil.com.br/semen/touros-de-corte-zebu/nelore/qlt-roi-nelore
9753.0,QLT SAUDOSO DA MATA VERDE,QLT SAUDOSO,Nelore CEIP,180850,29/09/2018,25.9,,886.0,39.0,147.0,172.0,60.0,59.0,79.0,225.0,Fazenda Mata Verde,Nilson José Michels,QLT MONTANHA x QLT KING,QLT MONTANHA,160274,CFM MINEIRO,QLT KING,ceip; maternal; novilhas; peso; semiextensivo,SEMI-EXTENSIVO,https://loja.crvbrasil.com.br/semen/touros-de-corte-zebu/nelore/qlt-saudoso-nelore
8849.0,QLT TOTEM,QLT TOTEM,Nelore CEIP,WZN190140,06/10/2019,28.3,,890.0,42.0,149.0,161.0,56.0,57.0,78.0,217.0,Weida Zancaner,Weida Zancaner,QLT QUINCAS x QLT NERO,QLT QUINCAS,WZN160059,QLT JAGUAR,QLT NERO,ceip; maternal; novilhas; reprodutivo; semiextensivo,SEMI-EXTENSIVO,https://loja.crvbrasil.com.br/semen/touros-de-corte-zebu/nelore/qlt-totem-nelore
10941.0,QLT TROPEIRO DA TOPGEN,QLT TROPEIRO,Nelore CEIP,AL785,03/10/2019,32.4,,1015.0,43.0,160.0,177.0,66.0,62.0,87.0,235.0,Agropecuária Topgen,Walter Alves Do Nascimento,QLT NERO x REM QUILANO,QLT NERO,D88,CFM ORGULHO,REM QUILANO,ceip; ifert; novilhas; peso; semiextensivo,SEMI-EXTENSIVO,https://loja.crvbrasil.com.br/semen/touros-de-corte-zebu/nelore/qlt-tropeiro-nelore
12296.0,QLT UBERABAO DA BARRA BONITA,QLT UBERABÃO,Nelore CEIP,173056,20/08/2020,32.4,,989.0,41.0,156.0,152.0,55.0,56.0,81.0,236.0,Agropecuária Barra Bonita,Sidney Gasques Bordone,REM DULLDOG x REM USP,REM DULLDOG,SB6096,REM ARMADOR,REM USP,ceip; ifert; maternal; novilhas; peso; reprodutivo; semiextensivo,SEMI-EXTENSIVO,https://loja.crvbrasil.com.br/semen/touros-de-corte-zebu/nelore/qlt-uberabao-nelore
9564.0,QLT VOLATIL DA CAPIVARA,QLT VOLATIL,Nelore CEIP,T80115,06/08/2021,31.2,,998.0,40.0,146.0,180.0,62.0,55.0,83.0,236.0,Fazenda Capivara,Daniel Artur Baumgartner e Outro,QLT NIOBIO x CFM ORGULHO,QLT NIOBIO,Q90109,CFM OBSTINADO,CFM ORGULHO,ceip; novilhas; peso; semiextensivo,SEMI-EXTENSIVO,https://loja.crvbrasil.com.br/semen/touros-de-corte-zebu/nelore/qlt-volatil-nelore
8243.0,QUANTICO IZ,QUANTICO IZ,Nelore PO,IZSNA4252,02/09/2016,25.9,,,,,,,,,,Instituto de Zootecnia de Sertãozinho,Instituto de Zootecnia de Sertãozinho,LOSANGO DO IZ x ERROSO DO IZ,LOSANGO DO IZ,JAGUAREMA DO IZ,FEDERATIVO DO IZ,ERROSO DO IZ,po; carcaca-3-estrelas; maternal; novilhas; semiintensivo,SEMI-INTENSIVO,https://loja.crvbrasil.com.br/semen/touros-de-corte-zebu/nelore/quantico-nelore
8646.0,QUARAÍ FM,QUARAÍ FM,Nelore CEIP,97418FM,13/12/2018,18.7,,,,,,,,,,Agropecuária Maragogipe,Agropecuária Maragogipe,URUGUAI FM x PARDO FM,URUGUAI FM,87314FM,CFM ORGULHO,PARDO FM,ceip; maternal; novilhas; semiextensivo,SEMI-EXTENSIVO,https://loja.crvbrasil.com.br/semen/touros-de-corte-zebu/nelore/quarai-fm-nelore
10910.0,1350 FIV DO MORRO,QUERUBIM DO MORRO,Nelore PO,GFC1350,08/09/2022,31.2,,,,,,,,,,Juliano Oliveira Sales,Juliano Oliveira Sales,REM GALO  x REM UPONIC,REM GALO,18 LAJA,REM ESPIÃO007,REM UPONIC,po; carcaca-5-estrelas; car; maternal; novilhas; peso; reprodutivo; semiintensivo,SEMI-INTENSIVO,https://loja.crvbrasil.com.br/semen/touros-de-corte-zebu/nelore/1350-fiv-do-morro-nelore
9064.0,QUEST KA,QUEST KA,Nelore PO,KPAM38,21/07/2020,36.5,,718.0,44.0,152.0,160.0,55.0,56.0,80.0,202.0,Katayama Pecuária,"Katayama Pecuária, Frederico Arantes, Bruno Andrade, Matheus L.V. da Silva, Diego Cima",KOCHI KA x REM USP,KOCHI KA,1068 KA,BACKUP,REM USP,po; ifert; carcaca-5-estrelas; rp-ancp; novilhas; peso; reprodutivo; semiextensivo,SEMI-EXTENSIVO,https://loja.crvbrasil.com.br/semen/touros-de-corte-zebu/nelore/quest-ka-nelore
8652.0,QUICKMAN COL,QUICKMAN COL,Nelore PO,COL24926,23/11/2016,55.0,,1007.0,38.0,165.0,177.0,64.0,64.0,82.0,233.0,Colonial Agropecuária,Colonial Agropecuária e Oton Nascimento,REM ARMADOR x REM USP,REM ARMADOR,ORLA COL,REM TORIXOREU,REM USP,po; ifert; carcaca-4-estrelas; maternal; novilhas; peso; reprodutivo; semiintensivo,SEMI-INTENSIVO,https://loja.crvbrasil.com.br/semen/touros-de-corte-zebu/nelore/quickman-fiv-col-nelore
8477.0,RAGHAN DO IZ,RAGHAN DO IZ,Nelore PO,IZSNA4778,20/10/2017,33.9,,786.0,40.0,161.0,161.0,57.0,54.0,79.0,218.0,Instituto de Zootecnia de Sertãozinho,Instituto de Zootecnia de Sertãozinho,OCLUSO DO IZ x URGENTO DO IZ,OCLUSO DO IZ,DIANA,LANGHTI DO IZ,URGENTO DO IZ,po; carcaca-3-estrelas; peso; semiextensivo,SEMI-EXTENSIVO,https://loja.crvbrasil.com.br/semen/touros-de-corte-zebu/nelore/raghan-do-iz-nelore
8456.0,RAGHU COL,RAGHU COL,Nelore PO,COL25662,04/12/2017,45.4,,1095.0,46.0,154.0,164.0,64.0,63.0,85.0,244.0,Colonial Agropecuária,Colonial Agropecuária,OBJETIVO COL x DIRIGÍVEL COL,OBJETIVO COL,LIMEIRA COL,CAMPEÃO DA MN,DIRIGÍVEL COL,po; ifert; carcaca-3-estrelas; car; maternal; novilhas; extensivo,EXTENSIVO,https://loja.crvbrasil.com.br/semen/touros-de-corte-zebu/nelore/raghu-col-nelore
7802.0,RAI DA MN,RAÍ DA MN,Nelore PO,LBMND8484,13/08/2013,45.4,,1149.0,42.0,159.0,188.0,63.0,63.0,85.0,256.0,Fazenda Mundo Novo,Eduardo Penteado Cardoso e Outro,HUNO DA MN x JAMANTA DA MN,HUNO DA MN,D3524 DA MN,B9707 DA MN,JAMANTA DA MN,po; ifert; carcaca-5-estrelas; car; maternal; novilhas; semiextensivo,SEMI-EXTENSIVO,https://loja.crvbrasil.com.br/semen/touros-de-corte-zebu/nelore/rai-da-mn-nelore
9189.0,4436  DA TERRA BRAVA,RANCHERO TERRA BRAVA,Nelore PO,EPCF4436,06/09/2020,31.2,,932.0,45.0,142.0,169.0,60.0,62.0,76.0,225.0,Nelore Terra Brava,Eduardo P. Campos e Leonardo D. B. Piauilino,1400 TERRA BRAVA x REM ARMADOR,1400 TERRA BRAVA,2883 DA TERRA BRAVA,CAMPEÃO DA MN,REM ARMADOR,po; carcaca-5-estrelas; car; peso; reprodutivo; semiextensivo,SEMI-EXTENSIVO,https://loja.crvbrasil.com.br/semen/touros-de-corte-zebu/nelore/rancheiro-terra-brava-nelore
9877.0,KPAO1180 KA,RAZUK KA,Nelore PO,KPAO1180,18/09/2021,31.2,,780.0,37.0,162.0,163.0,62.0,57.0,76.0,214.0,Katayama Pecuária,Katayama Pecuária,ORION KA x REM ARMADOR,ORION KA,1001 KA,LAREDO KA,REM ARMADOR,po; carcaca-5-estrelas; car; maternal; peso; reprodutivo; semiintensivo,SEMI-INTENSIVO,https://loja.crvbrasil.com.br/semen/touros-de-corte-zebu/nelore/razuk-ka-ne
8254.0,REM FOX,REM FOX,Nelore PO,REMA1117,09/10/2016,18.7,,,,,,,,,,Genética Aditiva Agropecuária,Genética Aditiva Agropecuária,REM CABALLERO x REM VOKOLO,REM CABALLERO,REM CACARE,REM UELICO,REM VOKOLO,po; carcaca-4-estrelas; maternal; peso; reprodutivo; semiintensivo,SEMI-INTENSIVO,https://loja.crvbrasil.com.br/semen/touros-de-corte-zebu/nelore/rem-fox-nelore
8253.0,REM FUZIL,REM FUZIL,Nelore PO,REMA798,11/08/2016,18.7,,,,,,,,,,Genética Aditiva Agropecuária,Genética Aditiva Agropecuária,REM CABALLERO x REM SAGRES,REM CABALLERO,REM BICA,REM UELICO,REM SAGRES,po; carcaca-4-estrelas; peso; semiextensivo,SEMI-EXTENSIVO,https://loja.crvbrasil.com.br/semen/touros-de-corte-zebu/nelore/rem-fuzil-nelore
8526.0,REM GERENTE GENETICA ADITIVA,REM GERENTE,Nelore PO,REMA1577,24/08/2017,33.9,,1195.0,44.0,161.0,177.0,63.0,60.0,76.0,239.0,Genética Aditiva Agropecuária,"Carlos A. Resene, Gilberto Honório e CRV",REM DITADO x REM ARMADOR,REM DITADO,REM ENDUIA,REM VOLDAS,REM ARMADOR,po; ifert; carcaca-5-estrelas; peso; semiextensivo,SEMI-EXTENSIVO,https://loja.crvbrasil.com.br/semen/touros-de-corte-zebu/nelore/rem-gerente-nelore
8899.0,REM HADOQUE GENETICA ADITIVA,REM HADOQUE,Nelore PO,REMCA2215,01/10/2018,33.9,,1091.0,48.0,155.0,167.0,64.0,58.0,74.0,228.0,Genética Aditiva Agropecuária,Igor Nogueira Marques,REM EXTREMADO x PROVADOR DO IZ,REM EXTREMADO,REM UARAR,REM ATOLO,PROVADOR DO IZ,po; ifert; carcaca-3-estrelas; peso; reprodutivo; semiintensivo,SEMI-INTENSIVO,https://loja.crvbrasil.com.br/semen/touros-de-corte-zebu/nelore/rem-hadoque-nelore
8700.0,REM HAVARD GENETICA ADITIVA,REM HAVARD,Nelore PO,REM10436,21/11/2018,33.9,,1070.0,43.0,160.0,178.0,65.0,67.0,86.0,233.0,Genética Aditiva Agropecuária,Cleber Tairone Bitencourt da Silva,REM VOKOLO x REM ARMADOR,REM VOKOLO,REM EPPA,REM RICKET,REM ARMADOR,po; carcaca-5-estrelas; maternal; peso; reprodutivo; semiextensivo,SEMI-EXTENSIVO,https://loja.crvbrasil.com.br/semen/touros-de-corte-zebu/nelore/rem-havard-nelore
10897.0,REM2101M FIV GENETICA ADITIVA,REM MARVEL,Nelore PO,REMP2101,26/11/2022,31.2,,710.0,40.0,152.0,150.0,56.0,53.0,77.0,224.0,Genética Aditiva Agropecuária,Genética Aditiva Agropecuária,ARMEIRO DA IPB x REM GALO,ARMEIRO DA IPB,REM JAQUE,REM ARMADOR,REM GALO,po; carcaca-5-estrelas; car; maternal; peso; reprodutivo; semiextensivo,SEMI-EXTENSIVO,https://loja.crvbrasil.com.br/semen/touros-de-corte-zebu/nelore/rem-marvel-nelore
8905.0,RENOMADO  COL,RENOMADO COL,Nelore PO,COL25846,11/01/2018,31.2,,1058.0,43.0,156.0,175.0,63.0,62.0,87.0,245.0,Colonial Agropecuária,Agropecuária e Mineração Lagoa Alta,REM ARMADOR x HERCULES COL,REM ARMADOR,LADIZ COL,REM TORIXOREU,HERCULES COL,po; ifert; carcaca-3-estrelas; car; maternal; reprodutivo; semiintensivo,SEMI-INTENSIVO,https://loja.crvbrasil.com.br/semen/touros-de-corte-zebu/nelore/renomado-fiv-col-nelore
8900.0,RIFLE DA DI GÊNIO,RIFLE DA DI GÊNIO,Nelore PO,JCDG13999,20/08/2019,31.2,,,,,,,,,,Nelore Di Gênio,Nelore Di Gênio e João A. Gonçalves Tomé,LANDAU DI GÊNIO x BACKUP,LANDAU DI GÊNIO,OJUI DA DI GÊNIO,BRADO S.M.,BACKUP,po; ifert; carcaca-4-estrelas; pnat; maternal; peso; semiintensivo,SEMI-INTENSIVO,https://loja.crvbrasil.com.br/semen/touros-de-corte-zebu/nelore/rifle-da-di-genio-nelore
9443.0,2163 FIV PHOC,RIFLE PHOC,Nelore PO,PHOC2163,21/09/2021,33.9,,777.0,40.0,150.0,157.0,60.0,57.0,73.0,217.0,Agropecuária Cutolo,Caetano Rodolpho Cutolo,CALIBRE CAMPARINO x REM ARMADOR,CALIBRE CAMPARINO,OVYDA STM,CAMPEÃO MN,REM ARMADOR,po; ifert; carcaca-5-estrelas; car; maternal; peso; semiextensivo,SEMI-EXTENSIVO,https://loja.crvbrasil.com.br/semen/touros-de-corte-zebu/nelore/rifle-phoc-ne
10992.0,C2837 DA S. NICE,ROBUSTO SANTA NICE,Nelore PO,GRIC2837,07/10/2021,31.2,,873.0,36.0,155.0,166.0,56.0,56.0,85.0,235.0,Fazenda Santa Nice,Marcelo Procópio Grisi e Outros,JATA MAGNUM x B5012 DA S. NICE,JATA MAGNUM,B7371 DA S. NICE,GANGES COL,B5012 DA S. NICE,po; carcaca-5-estrelas; maternal; peso; reprodutivo; semiintensivo,SEMI-INTENSIVO,https://loja.crvbrasil.com.br/semen/touros-de-corte-zebu/nelore/robusto-santa-nice-nelore
8868.0,ROCHEDO DA ELGE,ROCHEDO DA ELGE,Nelore PO,ELGE5508,15/10/2018,33.9,,988.0,47.0,155.0,162.0,62.0,64.0,87.0,249.0,Nelore Elge,Yuri Amaral Cruz,ATOL DA ELGE x BATUTA DA MN,ATOL DA ELGE,4185 DA ELGE,HUNO DA MN,BATUTA DA MN,po; ifert; carcaca-4-estrelas; car; atj-plus; maternal; novilhas; peso; semiextensivo,SEMI-EXTENSIVO,https://loja.crvbrasil.com.br/semen/touros-de-corte-zebu/nelore/rochedo-da-elge-nelore
9880.0,KPAM1484 KA,ROCHEDO KA,Nelore PO,KPAM1484,06/08/2021,33.9,,780.0,42.0,161.0,171.0,61.0,62.0,74.0,214.0,Katayama Pecuária,Katayama Pecuária,OLIMPHO KA x HORISTA KA,OLIMPHO KA,KAPM7995 KA,LEGADO KA,HORISTA KA,po; ifert; carcaca-5-estrelas; car; maternal; novilhas; peso; reprodutivo; semiintensivo,SEMI-INTENSIVO,https://loja.crvbrasil.com.br/semen/touros-de-corte-zebu/nelore/rochedo-ka-ne
9878.0,KPAM1356 KA,ROTOR KA,Nelore PO,KPAM1356,02/08/2021,24.8,,715.0,37.0,166.0,164.0,62.0,59.0,76.0,217.0,Katayama Pecuária,Katayama Pecuária,NEOGEN KA x GANGES COL,NEOGEN KA,KAPM7299 KA,GAETAN KA,GANGES COL,po; carcaca-3-estrelas; car; maternal; peso; reprodutivo; semiintensivo,SEMI-INTENSIVO,https://loja.crvbrasil.com.br/semen/touros-de-corte-zebu/nelore/rotor-ka-ne
8651.0,SCOTT COL,SCOTT COL,Nelore PO,COL26329,04/12/2018,18.7,,,,,,,,,,Colonial Agropecuária,Colonial Agropecuária,OGUM COL x REM USP,OGUM COL,ORLA COL,INFLUXO COL,REM USP,po; carcaca-3-estrelas; car; maternal; peso; reprodutivo; semiintensivo,SEMI-INTENSIVO,https://loja.crvbrasil.com.br/semen/touros-de-corte-zebu/nelore/scott-fiv-col-nelore
10935.0,KPAO1792 KA,SERGIPE KA,Nelore PO,KPAO1792,30/07/2022,31.2,,700.0,42.0,148.0,156.0,51.0,54.0,83.0,214.0,Katayama Pecuária,Katayama Pecuária,REM HERMOSO  x GANGLIO KA,REM HERMOSO,KAPO2245 KA,REM ESPIÃO007,GANGLIO KA,po; carcaca-4-estrelas; maternal; peso; reprodutivo; semiextensivo,SEMI-EXTENSIVO,https://loja.crvbrasil.com.br/semen/touros-de-corte-zebu/nelore/sergipe-ka-nelore
8721.0,SERTÃO DO IZ,SERTÃO DO IZ,Nelore PO,IZSNA4977,26/09/2018,31.2,,958.0,40.0,161.0,178.0,63.0,66.0,86.0,230.0,Instituto de Zootecnia de Sertãozinho,Instituto de Zootecnia de Sertãozinho,OREON DO IZ x FERTIL DO IZ,OREON DO IZ,JARABOA DO IZ,LANCADOR DO IZ,FERTIL DO IZ,po; ifert; peso; reprodutivo; semiextensivo,SEMI-EXTENSIVO,https://loja.crvbrasil.com.br/semen/touros-de-corte-zebu/nelore/sertao-do-iz-nelore
10937.0,KPAM3028 KA,SONETO KA,Nelore PO,KPAM3028,28/07/2022,31.2,,724.0,38.0,157.0,158.0,55.0,53.0,80.0,218.0,Katayama Pecuária,"Katayama Pecuária, Rosana Helena, Jamil Buchalla e Rodrigo Castro",QUICKMAN COL x BACKUP,QUICKMAN COL,MAUSI KA,REM ARMADOR,BACKUP,po; carcaca-5-estrelas; maternal; peso; reprodutivo; semiintensivo,SEMI-INTENSIVO,https://loja.crvbrasil.com.br/semen/touros-de-corte-zebu/nelore/soneto-ka-nelore
9176.0,SONITO G.SALES,SONITO G. SALES,Nelore PO,MFBN7479,11/10/2020,21.9,,767.0,35.0,147.0,160.0,58.0,59.0,80.0,210.0,Agropecuária G Sales,"Arnon V. David, Guilherme F. Padilha, Vanessa da S. Diomasio e Luiz Felipe P. Garcez",QUEIXO DO IZ x PROVADOR DO IZ,QUEIXO DO IZ,LALIKA G.SALES,MALHAL DO IZ,PROVADOR DO IZ,po; carcaca-4-estrelas; car; maternal; peso; semiextensivo,SEMI-EXTENSIVO,https://loja.crvbrasil.com.br/semen/touros-de-corte-zebu/nelore/sonito-g-sales-nelore
11340.0,SORRENTO RF,SORRENTO RF,Nelore CEIP,946522RF,18/08/2022,32.4,,545.0,39.0,151.0,156.0,54.0,52.0,79.0,211.0,Fazenda Rancho Fundo,Maria Helena Zaccarelli Pimentel,CAXAMBU FM x BEDUINO FST,CAXAMBU FM,835219RF,ASSIS AJ,BEDUINO FST,ceip; ifert; maternal; novilhas; semiextensivo,SEMI-EXTENSIVO,https://loja.crvbrasil.com.br/semen/touros-de-corte-zebu/nelore/sorrento-rf-nelore
8638.0,STAFF DA BELA,STAFF DA BELA,Nelore PO,AZAP2625,20/09/2018,28.3,,953.0,43.0,159.0,170.0,64.0,58.0,82.0,235.0,Fazenda Bela Alvorda,Fazenda Bela Alvorada,LEGAL DA BELA x DOLMAN DO IZ,LEGAL DA BELA,MACIA DA BELA,NADA DA BONS.,DOLMAN DO IZ,po; carcaca-3-estrelas; maternal; peso; semiextensivo,SEMI-EXTENSIVO,https://loja.crvbrasil.com.br/semen/touros-de-corte-zebu/nelore/staff-da-bela-nelore
8779.0,STAR  DO MURA,STAR DO MURA,Nelore PO,MURA12542,18/08/2017,45.4,,1250.0,43.0,159.0,185.0,70.0,60.0,79.0,240.0,Jatobá Pecuária,Agropecuária Xuab,LANDAU DI GÊNIO x BASCO DA SM,LANDAU DI GÊNIO,JOLIE DO MURA,BRADO S.M.,BASCO DA SM,po; semiintensivo,SEMI-INTENSIVO,https://loja.crvbrasil.com.br/semen/touros-de-corte-zebu/nelore/star-fiv-do-mura-nelore
10931.0,KPAM3325 KA,SULTÃO KA,Nelore PO,KPAM3325,06/09/2022,31.2,,700.0,40.0,150.0,150.0,49.0,52.0,75.0,207.0,Katayama Pecuária,Katayama Pecuária,REM GARANTIDO x GANGLIO KA,REM GARANTIDO,8375 KA,REM ESPIÃO007,GANGLIO KA,po; carcaca-4-estrelas; maternal; peso; reprodutivo; semiextensivo,SEMI-EXTENSIVO,https://loja.crvbrasil.com.br/semen/touros-de-corte-zebu/nelore/sultao-ka-nelore
10934.0,KPAM3634 KA,SUPREMO KA,Nelore PO,KPAM3634,06/10/2022,31.2,,650.0,35.0,158.0,160.0,53.0,56.0,77.0,208.0,Katayama Pecuária,Katayama Pecuária,POTENTE  KA x GAETAN KA,POTENTE  KA,2468 KA,REM DULLDOG,GAETAN KA,po; carcaca-5-estrelas; maternal; peso; reprodutivo; semiintensivo,SEMI-INTENSIVO,https://loja.crvbrasil.com.br/semen/touros-de-corte-zebu/nelore/supremo-ka-nelore
8951.0,TAITI  COL,TAITI COL,Nelore PO,COL27123,10/12/2019,24.8,,,,,,,,,,Colonial Agropecuária,Colonial Agropecuária,QUARRIE COL x JAGMOHAN COL,QUARRIE COL,ROALA COL,REM ARMADOR,JAGMOHAN COL,po; carcaca-4-estrelas; car; peso; reprodutivo; semiintensivo,SEMI-INTENSIVO,https://loja.crvbrasil.com.br/semen/touros-de-corte-zebu/nelore/taiti-fiv-col-nelore
8999.0,TAJASWI COL,TAJASWI COL,Nelore PO,COL27267,17/01/2020,33.9,,1008.0,41.0,168.0,181.0,63.0,64.0,93.0,237.0,Colonial Agropecuária,Colonial Agropecuária,QUICKMAN COL x HENRY COL,QUICKMAN COL,LAMPRITA COL,REM ARMADOR,HENRY COL,po; ifert; carcaca-3-estrelas; maternal; peso; reprodutivo; semiintensivo,SEMI-INTENSIVO,https://loja.crvbrasil.com.br/semen/touros-de-corte-zebu/nelore/tajaswi-col-nelore
9002.0,TAKASHI COL,TAKASHI COL,Nelore PO,COLM6002,20/01/2020,36.5,,932.0,42.0,158.0,172.0,62.0,60.0,80.0,234.0,Colonial Agropecuária,Colonial Agropecuária e Oton Nascimento,QUICKMAN COL x MUKESH COL,QUICKMAN COL,PUNTHALI COL,REM ARMADOR,MUKESH COL,po; ifert; maternal; novilhas; peso; reprodutivo; semiintensivo,SEMI-INTENSIVO,https://loja.crvbrasil.com.br/semen/touros-de-corte-zebu/nelore/takashi-col-nelore
8149.0,TANNAT AJ,TANNAT AJ,Nelore CEIP,586214AJ,12/11/2014,49.9,,1090.0,39.0,161.0,176.0,64.0,62.0,83.0,233.0,Agropecuária Jacarezinho,"Agropec Jacarezinho , Tulipa Agropecuária, SF Agropecuária e MB Genetics Inc.",NAVAJO AJ x KULAL AJ,NAVAJO AJ,513705AJ,COBRE AJ,KULAL AJ,ceip; ifert; maternal; novilhas; peso; reprodutivo; semiextensivo,SEMI-EXTENSIVO,https://loja.crvbrasil.com.br/semen/touros-de-corte-zebu/nelore/tannat-aj-nelore
9025.0,TATUI FM,TATUI FM,Nelore CEIP,54420FM,18/09/2020,18.7,,628.0,40.0,143.0,147.0,51.0,41.0,69.0,196.0,Agropecuária Maragogipe,Agropecuária Maragogipe,ITA FM x ASSIS AJ,ITA FM,2417FM,LITIO AJ,ASSIS AJ,ceip; maternal; novilhas; peso; semiextensivo,SEMI-EXTENSIVO,https://loja.crvbrasil.com.br/semen/touros-de-corte-zebu/nelore/tatui-fm-nelore
9761.0,TEIXOR G.SALES,TEIXOR G SALES,Nelore PO,MFBN9170,11/11/2021,36.5,,659.0,38.0,148.0,160.0,53.0,54.0,82.0,212.0,G Sales Agropecuária,G Sales Agropecuária,QUEDHAR  G.SALES x QUEIXO DO IZ,QUEDHAR  G.SALES,REICXA G.SALES,MACEGAL DO IZ,QUEIXO DO IZ,po; ifert; carcaca-4-estrelas; car; atj-plus; maternal; novilhas; semiextensivo,SEMI-EXTENSIVO,https://loja.crvbrasil.com.br/semen/touros-de-corte-zebu/nelore/teixor-g-sales-nelore
8793.0,TEMPO COL,TEMPO COL,Nelore PO,COL26971,29/10/2019,36.5,,957.0,33.0,162.0,171.0,65.0,61.0,84.0,221.0,Colonial Agropecuária,Colonial Agropecuária e Carlos Alverne R.,QUICKMAN COL x SARAU MAT,QUICKMAN COL,POESIA COL,REM ARMADOR,SARAU MAT,po; carcaca-3-estrelas; car; maternal; reprodutivo; semiextensivo,SEMI-EXTENSIVO,https://loja.crvbrasil.com.br/semen/touros-de-corte-zebu/nelore/tempo-col-nelore
11100.0,TEXAS NEG,TEXAS NEG,Nelore CEIP,91063920NEG,21/10/2020,28.3,,931.0,42.0,160.0,170.0,63.0,61.0,84.0,230.0,Fazenda Nova Estrela do Gauporé,Fazenda Nova Estrela do Gauporé,CIA CARIBU x COXIM FM,CIA CARIBU,500056415EGA,PAINT NITRO,COXIM FM,ceip; maternal; peso; semiextensivo,SEMI-EXTENSIVO,https://loja.crvbrasil.com.br/semen/touros-de-corte-zebu/nelore/texas-neg-nelore
10142.0,C3747 DA S. NICE,THUNDER SANTA NICE,Nelore PO,GRIC3747,05/02/2022,33.9,,664.0,37.0,148.0,156.0,55.0,56.0,74.0,213.0,Fazenda Santa Nice,Marcelo Procópio Grisi e Outros,CAMPEÃO MN x REM ARMADOR,CAMPEÃO MN,B9841 DA S.NICE,HUNO MN,REM ARMADOR,po; ifert; carcaca-5-estrelas; car; maternal; novilhas; peso; reprodutivo; semiextensivo,SEMI-EXTENSIVO,https://loja.crvbrasil.com.br/semen/touros-de-corte-zebu/nelore/thunder-santa-nice
8640.0,TITÂNIO TUL,TITÂNIO TUL,Nelore CEIP,746315TUL,03/09/2015,18.7,,1133.0,44.0,158.0,176.0,62.0,62.0,87.0,244.0,Tulipa Agropecuária,Jaguari Comercial e Agrícola,PAINT INCAL x CFM LINIERS,PAINT INCAL,176509TUL,ORFF AJ,CFM LINIERS,ceip; ifert; semiextensivo,SEMI-EXTENSIVO,https://loja.crvbrasil.com.br/semen/touros-de-corte-zebu/nelore/titanio-tul-nelore
8664.0,TOSCANO 3BA,TOSCANO 3BA,Nelore CEIP,841918BA,07/09/2018,18.7,,,,,,,,,,Agropecuária 3 Barras,José F. F. Micheloni e Carlos A. de Santi,TIRRENO 3BA x TORDEPO PA,TIRRENO 3BA,4171143BA,DVORAK AJ,TORDEPO PA,ceip; maternal; novilhas; reprodutivo; semiextensivo,SEMI-EXTENSIVO,https://loja.crvbrasil.com.br/semen/touros-de-corte-zebu/nelore/toscano-3ba-nelore
8885.0,TRAJANO DA MN,TRAJANO DA MN,Nelore PO,LBMNE3913,08/08/2019,24.8,,802.0,40.0,152.0,167.0,59.0,55.0,72.0,210.0,Fazenda Mundo Novo,Eduardo Penteado Cardoso e Outro,TAMBORIL DA MN x D630 DA MN,TAMBORIL DA MN,E1478 DA MN,JAMANTA DA MN,D630 DA MN,po; carcaca-3-estrelas; novilhas; semiextensivo,SEMI-EXTENSIVO,https://loja.crvbrasil.com.br/semen/touros-de-corte-zebu/nelore/trajano-da-mn-nelore
8806.0,TRIBUTO  DA S.NICE,TRIBUTO SANTA NICE,Nelore PO,GRIC434,13/12/2019,31.2,,831.0,42.0,158.0,163.0,60.0,60.0,82.0,225.0,Fazenda Santa Nice,Marcelo Procópio Grisi e Outros,CAMPEÃO DA MN x REM DHEEF,CAMPEÃO DA MN,B7463 DA S.NICE,HUNO DA MN,REM DHEEF,po; carcaca-4-estrelas; maternal; peso; reprodutivo; semiextensivo,SEMI-EXTENSIVO,https://loja.crvbrasil.com.br/semen/touros-de-corte-zebu/nelore/tributo-fiv-sn-nelore
10832.0,TROIS FIV G.SALES,TROIS G SALES,Nelore PO,MFBN9973,28/12/2021,31.2,,772.0,38.0,150.0,156.0,57.0,42.0,83.0,226.0,G Sales Agropecuária,G Sales Agropecuária,REM GALO x HUNO DA MN,REM GALO,PRIMASTELA G.SALES,REM ESPIÃO007,HUNO DA MN,po; carcaca-5-estrelas; car; maternal; novilhas; peso; reprodutivo; semiextensivo,SEMI-EXTENSIVO,https://loja.crvbrasil.com.br/semen/touros-de-corte-zebu/nelore/trois-g-sales-nelore
8997.0,TRONO COL,TRONO COL,Nelore PO,COL27137,11/12/2019,33.9,,920.0,40.0,162.0,164.0,63.0,66.0,71.0,217.0,Colonial Agropecuária,Colonial Agropecuária,OPERÁRIO COL x HERCULES COL,OPERÁRIO COL,MARIA COL,REM USP,HERCULES COL,po; carcaca-3-estrelas; maternal; peso; semiintensivo,SEMI-INTENSIVO,https://loja.crvbrasil.com.br/semen/touros-de-corte-zebu/nelore/trono-col-nelore
9034.0,TRUMP DA ALVORADA,TRUMP DA ALVORADA,Nelore PO,TCL212,30/01/2020,43.7,,960.0,43.0,147.0,169.0,65.0,61.0,78.0,225.0,Anália Cunha Mello,"Enio R. Castelo Branco, Analia C. Mello e Diamantino Silva Filho",GANDHI  TERRAMATA x JABRIEL NAV.,GANDHI  TERRAMATA,FIORELLA DA ALVORADA,BASCO DA SM,JABRIEL NAV.,po; carcaca-3-estrelas; peso; semiintensivo,SEMI-INTENSIVO,https://loja.crvbrasil.com.br/semen/touros-de-corte-zebu/nelore/trump-da-alvorada-nelore
8952.0,TUCURUI  COL,TUCURUÍ COL,Nelore PO,COL26876,11/09/2019,24.8,,,,,,,,,,Colonial Agropecuária,Colonial Agropecuária,QUARRIE COL x GANGES COL,QUARRIE COL,MAIA COL,REM ARMADOR,GANGES COL,po; carcaca-3-estrelas; maternal; peso; reprodutivo; semiextensivo,SEMI-EXTENSIVO,https://loja.crvbrasil.com.br/semen/touros-de-corte-zebu/nelore/tucurui-col-nelore
8883.0,UIRAPURU DA MN,UIRAPURU DA MN,Nelore PO,LBMNE3714,19/11/2018,33.9,,987.0,40.0,158.0,167.0,70.0,56.0,82.0,240.0,Fazenda Mundo Novo,Eduardo Penteado Cardoso e Outro,MUCURI DA MN x TRUQUE DA MN,MUCURI DA MN,D8957 DA MN,MARLBORO DA MN,TRUQUE DA MN,po; ifert; carcaca-4-estrelas; car; semiextensivo,SEMI-EXTENSIVO,https://loja.crvbrasil.com.br/semen/touros-de-corte-zebu/nelore/uirapuru-da-mn-nelore
8317.0,UNANIME TUL,UNANIME TUL,Nelore CEIP,867716TUL,15/10/2016,249.0,,1156.0,42.0,168.0,170.0,68.0,66.0,92.0,245.0,Tulipa Agropecuária,"Tulipa Agropecuária, José P. Constatini, José J. C. dos Santos, Claudeci O. Lemes e CRV",FRED TUL x CFM ORGULHO,FRED TUL,470014TUL,ORFF AJ,CFM ORGULHO,ceip; ifert; maternal; peso; semiintensivo,SEMI-INTENSIVO,https://loja.crvbrasil.com.br/semen/touros-de-corte-zebu/nelore/unanime-tul-nelore
11284.0,20217 FIV DA DI GÊNIO,UNIP DA DI GÊNIO,Nelore PO,JCGD20217,28/08/2022,28.3,,671.0,40.0,156.0,158.0,53.0,50.0,72.0,205.0,Nelore Di Gênio,Nelore Di Gênio,QATAR DA DI GÊNIO x LANCHUDO DA DI GENIO,QATAR DA DI GÊNIO,PREMIADA DA DI GENIO,REM USP,LANCHUDO DA DI GENIO,po; ceip; carcaca-3-estrelas; maternal; peso; reprodutivo; semiextensivo,SEMI-EXTENSIVO,https://loja.crvbrasil.com.br/semen/touros-de-corte-zebu/nelore/unip-da-di-genio-nelore
10849.0,URIEL FIV DA DI GÊNIO,URIEL DA DI GÊNIO,Nelore PO,JCDG20459,24/09/2022,36.5,,831.0,41.0,157.0,171.0,62.0,68.0,77.0,218.0,Nelore Di Gênio,Nelore Di Gênio,QATAR DA DI GÊNIO x LANDAU DA DI GÊNIO,QATAR DA DI GÊNIO,QUILE DA DI GÊNIO,REM USP,LANDAU DA DI GÊNIO,po; ifert; carcaca-3-estrelas; car; peso; reprodutivo; semiintensivo,SEMI-INTENSIVO,https://loja.crvbrasil.com.br/semen/touros-de-corte-zebu/nelore/uriel-da-di-genio-nelore
8644.0,URUTAU FM,URUTAU FM,Nelore CEIP,70418FM,07/11/2018,18.7,,,37.0,149.0,153.0,51.0,51.0,74.0,202.0,Agropecuária Maragogipe,Agropecuária Maragogipe,ESPECIAL TUL x 782 00 PA,ESPECIAL TUL,180 06 PA,MAGNÍFICO CFM,782 00 PA,ceip; maternal; novilhas; semiextensivo,SEMI-EXTENSIVO,https://loja.crvbrasil.com.br/semen/touros-de-corte-zebu/nelore/urutau-fm-nelore
9000.0,UTIL  COL,UTIL COL,Nelore PO,COL27561,23/09/2020,18.7,,,,,,,,,,Colonial Agropecuária,Colonial Agropecuária,CARANDAH MAT x CENTO CAL,CARANDAH MAT,HILEIA COL,VERNON MAT,CENTO CAL,po; carcaca-3-estrelas; peso; semiintensivo,SEMI-INTENSIVO,https://loja.crvbrasil.com.br/semen/touros-de-corte-zebu/nelore/util-col-nelore
9765.0,VASUVED,VASUVED,Nelore PO,TABE0615,10/08/2021,33.9,,830.0,42.0,152.0,175.0,60.0,52.0,40.0,230.0,Alexandre Brandao Nunes,Alexandre Brandao Nunes,OPERÁRIO COL x HUNO DA MN,OPERÁRIO COL,QUERENCIA,REM USP,HUNO DA MN,po; ifert; carcaca-5-estrelas; maternal; novilhas; peso; reprodutivo; semiintensivo,SEMI-INTENSIVO,https://loja.crvbrasil.com.br/semen/touros-de-corte-zebu/nelore/vasuved-nelore
9870.0,VESTÍGIO COL,VESTÍGIO COL,Nelore PO,COL28419,30/11/2021,33.9,,742.0,38.0,162.0,160.0,54.0,55.0,72.0,205.0,Colonial Agropecuária,Colonial Agropecuária,SOMBREIRO DA BELA x QUARRIE  COL,SOMBREIRO DA BELA,TALENTOSA  COL,MARANHAO BONS,QUARRIE  COL,po; carcaca-3-estrelas; car; maternal; peso; reprodutivo; semiintensivo,SEMI-INTENSIVO,https://loja.crvbrasil.com.br/semen/touros-de-corte-zebu/nelore/vestigio-col-nelore
9871.0,VIRENTE COL,VIRENTE COL,Nelore PO,COL28605,21/12/2021,31.2,,637.0,39.0,147.0,159.0,52.0,52.0,79.0,202.0,Colonial Agropecuária,Colonial Agropecuária,RESULTADO COL  x QUILATE COL,RESULTADO COL,TAJUVA COL,MUKESH COL,QUILATE COL,po; carcaca-4-estrelas; car; peso; reprodutivo; semiintensivo,SEMI-INTENSIVO,https://loja.crvbrasil.com.br/semen/touros-de-corte-zebu/nelore/virente-col-ne
10908.0,VISCONDE DA TRADIÇÃO,VISCONDE DA TRADIÇÃO,Nelore PO,TECO2133,01/11/2019,36.5,,772.0,38.0,161.0,167.0,57.0,42.0,83.0,226.0,Fazenda Tradição,Fazenda Tradição,DESTAQUE DS DA TRAD x BITELO,DESTAQUE DS DA TRAD,ORA ESSA DS DA TRAD,JAMANTA DA MN,BITELO,po; ifert; carcaca-5-estrelas; car; maternal; novilhas; peso; semiextensivo,SEMI-EXTENSIVO,https://loja.crvbrasil.com.br/semen/touros-de-corte-zebu/nelore/visconde-da-tradicao-nelore
8375.0,VITORIOSO SL NOVO,VITORIOSO SL,Nelore Pintado,NOV2088,02/10/2016,346.5,,1033.0,43.0,155.0,166.0,61.0,61.0,80.0,247.0,Agropec João Nunes da Silva,Agropecuária João N. da Silva  e Wagner Miranda,PINTOR L CANCADO x LBMH 707 DA MN,PINTOR L CANCADO,RELVA SL NOVO,RAMBO DA MN,LBMH 707 DA MN,po; ifert; novilhas; semiextensivo,SEMI-EXTENSIVO,https://loja.crvbrasil.com.br/semen/touros-de-corte-zebu/nelore/vitorioso-nelore
12206.0,VOLGA FM,VOLGA FM,Nelore CEIP,90623FM,16/11/2023,28.3,,574.0,40.0,144.0,148.0,49.0,48.0,66.0,195.0,Agropecuária Maragogipe,Agropecuária Maragogipe,TOCANTINS FM x COXIM FM,TOCANTINS FM,15820FM,LÍTIO AJ,COXIM FM,ceip; maternal; novilhas; peso; reprodutivo; semiextensivo,SEMI-EXTENSIVO,https://loja.crvbrasil.com.br/semen/touros-de-corte-zebu/nelore/volga-fm-nelore-11363
9896.0,VOX  COL,VOX COL,Nelore PO,COL28175,14/09/2021,33.9,,769.0,39.0,155.0,168.0,58.0,59.0,79.0,221.0,Colonial Agropecuária,Colonial Agropecuária,TIPO  COL x MUKESH COL,TIPO  COL,TROVA COL,REM FUSCÃO,MUKESH COL,po; ifert; carcaca-3-estrelas; maternal; peso; reprodutivo; semiextensivo,SEMI-EXTENSIVO,https://loja.crvbrasil.com.br/semen/touros-de-corte-zebu/nelore/vox-col-ne
9869.0,VULCANO COL,VULCANO COL,Nelore PO,COL28196,11/10/2021,33.9,,791.0,41.0,162.0,172.0,62.0,62.0,81.0,221.0,Colonial Agropecuária,Colonial Agropecuária,RAJAN COL x QUARRIE  COL,RAJAN COL,TANAJUBA COL,OPERÁRIO COL,QUARRIE  COL,po; ifert; carcaca-5-estrelas; maternal; peso; reprodutivo; semiextensivo,SEMI-EXTENSIVO,https://loja.crvbrasil.com.br/semen/touros-de-corte-zebu/nelore/vulcano-ka-nelore
8547.0,VULCÃO  DA RFA,VULCÃO RFA,Nelore PO,RFA5120,21/08/2018,24.8,,677.0,41.0,156.0,149.0,52.0,54.0,71.0,201.0,José Antônio Furtado.,José Antônio Furtado.,REM DHEEF x LASTRO  DA RF,REM DHEEF,PARTITURA DA RFA,REM ARMADOR,LASTRO  DA RF,po; carcaca-5-estrelas; peso; semiintensivo,SEMI-INTENSIVO,https://loja.crvbrasil.com.br/semen/touros-de-corte-zebu/nelore/vulcao-fiv-rfa-nelore
8963.0,WIFI  AJ,WIFI  AJ,Nelore CEIP,317418AJ,04/01/2019,36.5,,949.0,43.0,153.0,159.0,59.0,60.0,77.0,225.0,Agropecuária Jacarezinho,Agropecuária Jacarezinho,502215AJ x ASSIS AJ,502215AJ,247015AJ,HIGUAIN TUL,ASSIS AJ,ceip; ifert; maternal; peso; reprodutivo; semiextensivo,SEMI-EXTENSIVO,https://loja.crvbrasil.com.br/semen/touros-de-corte-zebu/nelore/wifi-aj-nelore
8708.0,WKF4 ÁRABE,WKF4 ÁRABE,Nelore PO,WKF4,22/09/2018,28.3,,1065.0,42.0,160.0,184.0,62.0,63.0,82.0,232.0,Fazenda WKF Atalla,William Koury Filho e Carlos Alberto Polato,REM ARMADOR x REM USP,REM ARMADOR,B1772 DA JANDAIA,REM TORIXOREU,REM USP,po; ifert; carcaca-3-estrelas; car; maternal; peso; reprodutivo; semiintensivo,SEMI-INTENSIVO,https://loja.crvbrasil.com.br/semen/touros-de-corte-zebu/nelore/wkf4-arabe-nelore
8864.0,WKF83 BEIRUTE,WKF83 BEIRUTE,Nelore PO,WKF83,02/09/2019,24.8,,942.0,45.0,160.0,168.0,63.0,59.0,80.0,221.0,Fazenda WKF Atalla,William Koury Filho e Outros,SHERLOCK MAT x CAMPEÃO DA MN,SHERLOCK MAT,B3931 DA JANDAIA,NEHRU MAT,CAMPEÃO DA MN,po; carcaca-4-estrelas; peso; reprodutivo; semiextensivo,SEMI-EXTENSIVO,https://loja.crvbrasil.com.br/semen/touros-de-corte-zebu/nelore/wkf83-beirute-nelore
10648.0,XAMA COL,XAMÃ COL,Nelore PO,COLM6690,21/10/2022,31.2,,,,,,,,,,Colonial Agropecuária,Colonial Agropecuária,DIPLOMATA AGRONOVA x IMPONENTE COL,DIPLOMATA AGRONOVA,MAZOLA COL *,REM ESPIÃO007,IMPONENTE COL,po; carcaca-5-estrelas; car; maternal; peso; reprodutivo; semiextensivo,SEMI-EXTENSIVO,https://loja.crvbrasil.com.br/semen/touros-de-corte-zebu/nelore/xama-col
11108.0,XAROPE COL,XAROPE COL,Nelore PO,COL28890,20/09/2022,33.9,,706.0,39.0,150.0,154.0,56.0,50.0,80.0,225.0,Colonial Agropecuária,Colonial Agropecuária e Ronaldo B. Disbom,DIPLOMATA AGRONOVA x REAL COL,DIPLOMATA AGRONOVA,UNICA COL,REM ESPIÃO007,REAL COL,po; ifert; carcaca-4-estrelas; car; pnat; maternal; peso; reprodutivo; semiextensivo,SEMI-EXTENSIVO,https://loja.crvbrasil.com.br/semen/touros-de-corte-zebu/nelore/xarope-col
8311.0,ZELO AJ,ZELO AJ,Nelore CEIP,223415AJ,09/11/2015,31.2,,1038.0,40.0,160.0,178.0,67.0,60.0,81.0,240.0,Agropecuária Jacarezinho,"Agropec Jacarezinho, Estrela do Guaporé e José Francisco F. Micheloni",ASSIS AJ x RM,ASSIS AJ,866506AJ,DVORAK AJ,RM,ceip; ifert; maternal; peso; semiextensivo,SEMI-EXTENSIVO,https://loja.crvbrasil.com.br/semen/touros-de-corte-zebu/nelore/zelo-aj-nelore
9872.0,ZEUS FM,ZEUS FM,Nelore CEIP,207221FM,26/08/2021,28.3,,750.0,39.0,146.0,171.0,64.0,57.0,86.0,219.0,Agropecuária Maragogipe,Agropecuária Maragogipe,DAKOTA AJ x CAXAMBU FM,DAKOTA AJ,73319FM,CARDEAL AJ,CAXAMBU FM,ceip; maternal; novilhas; peso; extensivo,EXTENSIVO,https://loja.crvbrasil.com.br/semen/touros-de-corte-zebu/nelore/zeus-fm-nelore
8474.0,,,,,,21.8,,,,,,,,,,,,,,,,,,,https://loja.crvbrasil.com.br/semen/touros-de-corte-zebu/nelore/absoluto-da-agua-fria-nelore
8710.0,,,,,,35.0,,,,,,,,,,,,,,,,,,,https://loja.crvbrasil.com.br/semen/touros-de-corte-zebu/nelore/amim-beabisa-nelore
8886.0,,,,,,36.5,,,,,,,,,,,,,,,,,,,https://loja.crvbrasil.com.br/semen/touros-de-corte-zebu/nelore/badalado-da-aymore-nelore
8965.0,,,,,,36.5,,,,,,,,,,,,,,,,,,,https://loja.crvbrasil.com.br/semen/touros-de-corte-zebu/nelore/bombado-7-estrelas-nelore
7899.0,,,,,,25.0,,,,,,,,,,,,,,,,,,,https://loja.crvbrasil.com.br/semen/touros-de-corte-zebu/nelore/cash-fj-nelore
8313.0,,,,,,33.9,,,,,,,,,,,,,,,,,,,https://loja.crvbrasil.com.br/semen/touros-de-corte-zebu/nelore/cen-fiscal-nelore
8910.0,CFM HOBBY,CFM HOBBY,Nelore CEIP,PU334919,10/09/2019,18.3,,,,,,,,,,Agropecuária CFM,Agropecuária CFM,CFM ASTRO x -,CFM ASTRO,PU162515,CFM KRISHNA,-,ceip; novilhas; peso; semiextensivo,SEMI-EXTENSIVO,https://loja.crvbrasil.com.br/semen/touros-de-corte-zebu/nelore/cfm-hobby-nelore
8419.0,,,,,,36.5,,,,,,,,,,,,,,,,,,,https://loja.crvbrasil.com.br/semen/touros-de-corte-zebu/nelore/conan-mat-nelore
8123.0,,,,,,25.0,,,,,,,,,,,,,,,,,,,https://loja.crvbrasil.com.br/semen/touros-de-corte-zebu/nelore/drone-da-cachoeira-nelore
8421.0,,,,,,31.2,,,,,,,,,,,,,,,,,,,https://loja.crvbrasil.com.br/semen/touros-de-corte-zebu/nelore/furacao-fvc-nelore
9077.0,,,,,,28.3,,,,,,,,,,,,,,,,,,,https://loja.crvbrasil.com.br/semen/touros-de-corte-zebu/nelore/gangster-de-cv-nelore
8309.0,,,,,,18.0,,,,,,,,,,,,,,,,,,,https://loja.crvbrasil.com.br/semen/touros-de-corte-zebu/nelore/gerais-aj-nelore
346.0,,,,,,31.2,,,,,,,,,,,,,,,,,,,https://loja.crvbrasil.com.br/semen/touros-de-corte-zebu/nelore/hoatchi-nelore
8961.0,,,,,,55.0,,,,,,,,,,,,,,,,,,,https://loja.crvbrasil.com.br/semen/touros-de-corte-zebu/nelore/hulk-zeus-nelore
8045.0,,,,,,18.0,,,,,,,,,,,,,,,,,,,https://loja.crvbrasil.com.br/semen/touros-de-corte-zebu/nelore/sheik-iaop-nelore
8429.0,,,,,,18.7,,,,,,,,,,,,,,,,,,,https://loja.crvbrasil.com.br/semen/touros-de-corte-zebu/nelore/indio-laja-nelore
7239.0,,,,,,20.9,,,,,,,,,,,,,,,,,,,https://loja.crvbrasil.com.br/semen/touros-de-corte-zebu/nelore/interior-nelore
8211.0,,,,,,17.6,,,,,,,,,,,,,,,,,,,https://loja.crvbrasil.com.br/semen/touros-de-corte-zebu/nelore/janon-da-peca-rara-nelore
8017.0,,,,,,22.8,,,,,,,,,,,,,,,,,,,https://loja.crvbrasil.com.br/semen/touros-de-corte-zebu/nelore/jquest-aj-nelore
8210.0,,,,,,36.5,,,,,,,,,,,,,,,,,,,https://loja.crvbrasil.com.br/semen/touros-de-corte-zebu/nelore/jubileu-da-peca-rara-nelore
7867.0,,,,,,157.5,,,,,,,,,,,,,,,,,,,https://loja.crvbrasil.com.br/semen/touros-de-corte-zebu/nelore/lanchudo-da-di-genio-nelore
8247.0,,,,,,2400.0,,,,,,,,,,,,,,,,,,,https://loja.crvbrasil.com.br/semen/touros-de-corte-zebu/nelore/landau-nelore
7985.0,,,,,,22.8,,,,,,,,,,,,,,,,,,,https://loja.crvbrasil.com.br/semen/touros-de-corte-zebu/nelore/layout-nelore
4218.0,,,,,,35.0,,,,,,,,,,,,,,,,,,,https://loja.crvbrasil.com.br/semen/touros-de-corte-zebu/nelore/macegal-do-iz-nelore
8901.0,,,,,,29.8,,,,,,,,,,,,,,,,,,,https://loja.crvbrasil.com.br/semen/touros-de-corte-zebu/nelore/mandil-da-onix-nelore
7847.0,,,,,,35.0,,,,,,,,,,,,,,,,,,,https://loja.crvbrasil.com.br/semen/touros-de-corte-zebu/nelore/maranhao-nelore
8469.0,,,,,,19.9,,,,,,,,,,,,,,,,,,,https://loja.crvbrasil.com.br/semen/touros-de-corte-zebu/nelore/mitto-da-eao-nelore
8258.0,,,,,,29.3,,,,,,,,,,,,,,,,,,,https://loja.crvbrasil.com.br/semen/touros-de-corte-zebu/nelore/muscat-fiv-stm-nelore
8464.0,,,,,,28.0,,,,,,,,,,,,,,,,,,,https://loja.crvbrasil.com.br/semen/touros-de-corte-zebu/nelore/naipe-ka-nelore
8463.0,,,,,,15.8,,,,,,,,,,,,,,,,,,,https://loja.crvbrasil.com.br/semen/touros-de-corte-zebu/nelore/nero-ka-nelore
8872.0,,,,,,25.0,,,,,,,,,,,,,,,,,,,https://loja.crvbrasil.com.br/semen/touros-de-corte-zebu/nelore/olimpho-ka-nelore
8437.0,,,,,,20.4,,,,,,,,,,,,,,,,,,,https://loja.crvbrasil.com.br/semen/touros-de-corte-zebu/nelore/ologunan-fiv-da-dica-nelore
8288.0,,,,,,27.3,,,,,,,,,,,,,,,,,,,https://loja.crvbrasil.com.br/semen/touros-de-corte-zebu/nelore/orpheu-nelore
9067.0,,,,,,28.3,,,,,,,,,,,,,,,,,,,https://loja.crvbrasil.com.br/semen/touros-de-corte-zebu/nelore/osiris-ka-nelore
11283.0,PAINT ALADO MR,PAINT ALADO MR,Nelore CEIP,C 349,26/02/2022,31.2,,626.0,40.0,146.0,158.0,49.0,52.0,70.0,196.0,MR Agropecuária,MR Agropecuária,ABRAAO PTZ x CATALAO PA,ABRAAO PTZ,P445 D024517,PAINT NITRO,CATALAO PA,ceip; ifert; peso; semiextensivo,SEMI-EXTENSIVO,https://loja.crvbrasil.com.br/semen/touros-de-corte-zebu/nelore/paint-alado-nelore
7991.0,,,,,,25.0,,,,,,,,,,,,,,,,,,,https://loja.crvbrasil.com.br/semen/touros-de-corte-zebu/nelore/paint-coronel-nelore
8209.0,,,,,,28.4,,,,,,,,,,,,,,,,,,,https://loja.crvbrasil.com.br/semen/touros-de-corte-zebu/nelore/paint-crioulo-da-ff-nelore
5034.0,,,,,,33.9,,,,,,,,,,,,,,,,,,,https://loja.crvbrasil.com.br/semen/touros-de-corte-zebu/nelore/paint-impacto-ne
8331.0,,,,,,25.0,,,,,,,,,,,,,,,,,,,https://loja.crvbrasil.com.br/semen/touros-de-corte-zebu/nelore/paint-periquitos-nelore
8006.0,,,,,,20.0,,,,,,,,,,,,,,,,,,,https://loja.crvbrasil.com.br/semen/touros-de-corte-zebu/nelore/paint-royal-nelore
10017.0,,,,,,28.3,,,,,,,,,,,,,,,,,,,https://loja.crvbrasil.com.br/semen/touros-de-corte-zebu/nelore/paint-tirano-asi-nelore
7852.0,,,,,,33.9,,,,,,,,,,,,,,,,,,,https://loja.crvbrasil.com.br/semen/touros-de-corte-zebu/nelore/paint-triunfo-nelore
8344.0,,,,,,33.9,,,,,,,,,,,,,,,,,,,https://loja.crvbrasil.com.br/semen/touros-de-corte-zebu/nelore/pro-guaraci-bal-nelore
8649.0,,,,,,33.9,,,,,,,,,,,,,,,,,,,https://loja.crvbrasil.com.br/semen/touros-de-corte-zebu/nelore/qi-col-nelore
8265.0,,,,,,29.0,,,,,,,,,,,,,,,,,,,https://loja.crvbrasil.com.br/semen/touros-de-corte-zebu/nelore/qlt-montanha-nelore
8476.0,,,,,,24.8,,,,,,,,,,,,,,,,,,,https://loja.crvbrasil.com.br/semen/touros-de-corte-zebu/nelore/qlt-radial-da-capivara-nelore
8727.0,,,,,,31.2,,,,,,,,,,,,,,,,,,,https://loja.crvbrasil.com.br/semen/touros-de-corte-zebu/nelore/qlt-sonho-da-capivara-nelore
8893.0,,,,,,21.9,,,,,,,,,,,,,,,,,,,https://loja.crvbrasil.com.br/semen/touros-de-corte-zebu/nelore/qlt-texas-nelore
9065.0,,,,,,31.2,,,,,,,,,,,,,,,,,,,https://loja.crvbrasil.com.br/semen/touros-de-corte-zebu/nelore/quebec-ka-nelore
9066.0,QUORUM  KA,QUORUM KA,Nelore PO,KPA57,05/10/2020,38.9,,816.0,41.0,157.0,168.0,57.0,60.0,78.0,206.0,Katayama Pecuária,Katayama Pecuária e Carlos A. P. Barros,NOGARA KA x GANGES COL,NOGARA KA,KAPO1965 KA,GANGLIO KA,GANGES COL,po; carcaca-3-estrelas; maternal; peso; semiintensivo,SEMI-INTENSIVO,https://loja.crvbrasil.com.br/semen/touros-de-corte-zebu/nelore/quorum-ka-nelore
8996.0,,,,,,31.2,,,,,,,,,,,,,,,,,,,https://loja.crvbrasil.com.br/semen/touros-de-corte-zebu/nelore/randhir-fiv-col-nelore
7237.0,,,,,,25.1,,,,,,,,,,,,,,,,,,,https://loja.crvbrasil.com.br/semen/touros-de-corte-zebu/nelore/rem-alto-astral-nelore
8327.0,,,,,,33.9,,,,,,,,,,,,,,,,,,,https://loja.crvbrasil.com.br/semen/touros-de-corte-zebu/nelore/rem-el-espanhol-nelore
9864.0,C3403 DA S. NICE,RIO NEGRO SANTA NICE,Nelore PO,GRIC3403,12/12/2021,33.9,,633.0,39.0,146.0,160.0,53.0,43.0,70.0,203.0,Fazenda Santa Nice,Marcelo Procópio Grisi e Outros,RAM DA BELA x CARTAZ TRADIÇÃO,RAM DA BELA,B9836  DA S.NICE,MARANHAO BONS,CARTAZ TRADIÇÃO,po; ifert; carcaca-5-estrelas; novilhas; peso; reprodutivo; semiintensivo,SEMI-INTENSIVO,https://loja.crvbrasil.com.br/semen/touros-de-corte-zebu/nelore/rio-negro-santa-nice-nelore
8504.0,,,,,,28.6,,,,,,,,,,,,,,,,,,,https://loja.crvbrasil.com.br/semen/touros-de-corte-zebu/nelore/rivaldo-da-jandaia-nelore
8621.0,,,,,,24.1,,,,,,,,,,,,,,,,,,,https://loja.crvbrasil.com.br/semen/touros-de-corte-zebu/nelore/sinai-bons-nelore
8655.0,,,,,,153.2,,,,,,,,,,,,,,,,,,,https://loja.crvbrasil.com.br/semen/touros-de-corte-zebu/nelore/sohan-col-nelore
8747.0,,,,,,28.6,,,,,,,,,,,,,,,,,,,https://loja.crvbrasil.com.br/semen/touros-de-corte-zebu/nelore/sumare-b-correia-nelore
8475.0,,,,,,25.0,,,,,,,,,,,,,,,,,,,https://loja.crvbrasil.com.br/semen/touros-de-corte-zebu/nelore/supremo-gren-nelore
8151.0,,,,,,35.5,,,,,,,,,,,,,,,,,,,https://loja.crvbrasil.com.br/semen/touros-de-corte-zebu/nelore/taruma-tul-nelore
8196.0,,,,,,22.8,,,,,,,,,,,,,,,,,,,https://loja.crvbrasil.com.br/semen/touros-de-corte-zebu/nelore/terere-fm-nelore
9062.0,4579  PO CONFIANCA,TROVÃO CONFIANÇA,Nelore PO,DVD4579,11/11/2020,33.9,,680.0,39.0,159.0,159.0,56.0,53.0,72.0,196.0,Agropecuária Confiança,Demerval Viana David,BELO J MACHADO x BACKUP,BELO J MACHADO,1438 PO CONFIANCA,REM ARMADOR,BACKUP,po; ifert; carcaca-5-estrelas; car; peso; reprodutivo; semiintensivo,SEMI-INTENSIVO,https://loja.crvbrasil.com.br/semen/touros-de-corte-zebu/nelore/4579-confianca-nelore
10511.0,2431 ESALQ,TRUCO DA ESALQ,Nelore PO,ALQ2431,10/08/2022,36.5,,651.0,38.0,153.0,150.0,56.0,53.0,71.0,203.0,ESALQ,ESALQ,REM GALO x VERNON MAT,REM GALO,2174 ESALQ,REM ESPIÃO007,VERNON MAT,po; ifert; carcaca-4-estrelas; maternal; peso; reprodutivo; semiintensivo,SEMI-INTENSIVO,https://loja.crvbrasil.com.br/semen/touros-de-corte-zebu/nelore/truco-da-esalq
8018.0,,,,,,28.0,,,,,,,,,,,,,,,,,,,https://loja.crvbrasil.com.br/semen/touros-de-corte-zebu/nelore/vernon-mat-nelore
,,,,,,,,,,,,,,,,,,,,,,,,,https://loja.crvbrasil.com.br/semen/touros-de-corte-zebu/nelore/bruthus-da-silverado-nelore
,,,,,,,,,,,,,,,,,,,,,,,,,https://loja.crvbrasil.com.br/semen/touros-de-corte-zebu/nelore/bugatti-da-confianca-nelore
,,,,,,,,,,,,,,,,,,,,,,,,,https://loja.crvbrasil.com.br/semen/touros-de-corte-zebu/nelore/chumbo-da-diamante-nelore
,,,,,,,,,,,,,,,,,,,,,,,,,https://loja.crvbrasil.com.br/semen/touros-de-corte-zebu/nelore/classic-vrjo-nelore
,,,,,,,,,,,,,,,,,,,,,,,,,https://loja.crvbrasil.com.br/semen/touros-de-corte-zebu/nelore/coliseu-fiv-grupo-costa
,,,,,,,,,,,,,,,,,,,,,,,,,https://loja.crvbrasil.com.br/semen/touros-de-corte-zebu/nelore/corumba-fvc-nelore
,,,,,,,,,,,,,,,,,,,,,,,,,https://loja.crvbrasil.com.br/semen/touros-de-corte-zebu/nelore/decisivo-gren-nelore
,,,,,,,,,,,,,,,,,,,,,,,,,https://loja.crvbrasil.com.br/semen/touros-de-corte-zebu/nelore/efetivo-jacamim-nelore
,,,,,,,,,,,,,,,,,,,,,,,,,https://loja.crvbrasil.com.br/semen/touros-de-corte-zebu/nelore/enlevo-morungaba-ne
,,,,,,,,,,,,,,,,,,,,,,,,,https://loja.crvbrasil.com.br/semen/touros-de-corte-zebu/nelore/estouro-7-estrelas-nelore
,,,,,,,,,,,,,,,,,,,,,,,,,https://loja.crvbrasil.com.br/semen/touros-de-corte-zebu/nelore/estrondo-ema-nelore
,,,,,,,,,,,,,,,,,,,,,,,,,https://loja.crvbrasil.com.br/semen/touros-de-corte-zebu/nelore/executivo-7-estrelas-nelore
,,,,,,,,,,,,,,,,,,,,,,,,,https://loja.crvbrasil.com.br/semen/touros-de-corte-zebu/nelore/expoente-ema-nelore
,,,,,,,,,,,,,,,,,,,,,,,,,https://loja.crvbrasil.com.br/semen/touros-de-corte-zebu/nelore/fajardo-ne
,,,,,,,,,,,,,,,,,,,,,,,,,https://loja.crvbrasil.com.br/semen/touros-de-corte-zebu/nelore/fnan-dubai-nelore
,,,,,,,,,,,,,,,,,,,,,,,,,https://loja.crvbrasil.com.br/semen/touros-de-corte-zebu/nelore/fusion-eao-nelore
12274.0,C1656 FIV DA EAO,GALÃ DA EAO,Nelore PO,EAOC1656,26/06/2023,0.0,,748.0,41.0,155.0,167.0,54.0,55.0,73.0,220.0,EAO Agropecuária,EAO Agropecuária e Jose Edinaldo,D8 DA EAO x QUARUP BONS,D8 DA EAO,3272 DA EAO,REM ESPIAO007,QUARUP BONS,po; carcaca-5-estrelas; maternal; peso; reprodutivo; semiextensivo,SEMI-EXTENSIVO,https://loja.crvbrasil.com.br/semen/touros-de-corte-zebu/nelore/gala-da-eao-nelore
,,,,,,,,,,,,,,,,,,,,,,,,,https://loja.crvbrasil.com.br/semen/touros-de-corte-zebu/nelore/granizo-santa-nice-nelore
,,,,,,,,,,,,,,,,,,,,,,,,,https://loja.crvbrasil.com.br/semen/touros-de-corte-zebu/nelore/handicap-bons-nelore
,,,,,,,,,,,,,,,,,,,,,,,,,https://loja.crvbrasil.com.br/semen/touros-de-corte-zebu/nelore/malbec-cachoeirao-nelore
,,,,,,,,,,,,,,,,,,,,,,,,,https://loja.crvbrasil.com.br/semen/touros-de-corte-zebu/nelore/maquina-fvc-nelore
,,,,,,,,,,,,,,,,,,,,,,,,,https://loja.crvbrasil.com.br/semen/touros-de-corte-zebu/nelore/matisse-da-mn-nelore
,,,,,,,,,,,,,,,,,,,,,,,,,https://loja.crvbrasil.com.br/semen/touros-de-corte-zebu/nelore/mestre-fst-nelore
,,,,,,,,,,,,,,,,,,,,,,,,,https://loja.crvbrasil.com.br/semen/touros-de-corte-zebu/nelore/nacho-da-hora-nelore
,,,,,,,,,,,,,,,,,,,,,,,,,https://loja.crvbrasil.com.br/semen/touros-de-corte-zebu/nelore/neva-fm-nelore
11290.0,PAINT BARON BF 1935,PAINT BARON BF,Nelore CEIP,J1935,15/09/2022,0.0,,671.0,39.0,150.0,155.0,57.0,54.0,78.0,215.0,Bom Futuro Agrícola,Bom Futuro Agrícola,PAINT SCHEFFER x PAINT NITRO,PAINT SCHEFFER,P436 53116,P436 149416,PAINT NITRO,ceip; maternal; peso; semiextensivo,SEMI-EXTENSIVO,https://loja.crvbrasil.com.br/semen/touros-de-corte-zebu/nelore/paint-baron-nelore
9108.0,,,,,,0.0,,,,,,,,,,,,,,,,,,,https://loja.crvbrasil.com.br/semen/touros-de-corte-zebu/nelore/paint-frevo-vr-nelore
,,,,,,,,,,,,,,,,,,,,,,,,,https://loja.crvbrasil.com.br/semen/touros-de-corte-zebu/nelore/1443-fiv-do-morro-nelore
9879.0,,,,,,0.0,,,,,,,,,,,,,,,,,,,https://loja.crvbrasil.com.br/semen/touros-de-corte-zebu/nelore/ram-ka-ne
9876.0,,,,,,0.0,,,,,,,,,,,,,,,,,,,https://loja.crvbrasil.com.br/semen/touros-de-corte-zebu/nelore/robusto-ka-ne
12680.0,KPAR867 KA,SHARK KA,Nelore PO,KPAR867,21/10/2022,,,960.0,42.0,164.0,170.0,60.0,54.0,84.0,240.0,Katayama Pecuária,Katayama Pecuária,PHD KA x MALTES KA,PHD KA,KAPM9155 KA,REM VOKOLO,MALTES KA,po; carcaca-4-estrelas; maternal; peso; reprodutivo; semiintensivo,SEMI-INTENSIVO,https://loja.crvbrasil.com.br/semen/touros-de-corte-zebu/nelore/shark-ka-nelore
,,,,,,,,,,,,,,,,,,,,,,,,,https://loja.crvbrasil.com.br/semen/touros-de-corte-zebu/nelore/signo-ka-nelore
,,,,,,,,,,,,,,,,,,,,,,,,,https://loja.crvbrasil.com.br/semen/touros-de-corte-zebu/nelore/sorrente-rf-nelore
,,,,,,,,,,,,,,,,,,,,,,,,,https://loja.crvbrasil.com.br/semen/touros-de-corte-zebu/nelore/stalone-abra-nelore
,,,,,,,,,,,,,,,,,,,,,,,,,https://loja.crvbrasil.com.br/semen/touros-de-corte-zebu/nelore/takeo-ka-nelore
,,,,,,,,,,,,,,,,,,,,,,,,,https://loja.crvbrasil.com.br/semen/touros-de-corte-zebu/nelore/taranto-3ba-nelore
9868.0,,,,,,,,,,,,,,,,,,,,,,,,,https://loja.crvbrasil.com.br/semen/touros-de-corte-zebu/nelore/tipo-col-ne
9750.0,,,,,,0.0,,,,,,,,,,,,,,,,,,,https://loja.crvbrasil.com.br/semen/touros-de-corte-zebu/nelore/uisque-col-nelore
,,,,,,,,,,,,,,,,,,,,,,,,,https://loja.crvbrasil.com.br/semen/touros-de-corte-zebu/nelore/vespasiano-col-nelore
,,,,,,,,,,,,,,,,,,,,,,,,,https://loja.crvbrasil.com.br/semen/touros-de-corte-zebu/nelore/volga-fm-nelore
,,,,,,,,,,,,,,,,,,,,,,,,,https://loja.crvbrasil.com.br/semen/touros-de-corte-zebu/nelore/volpi-da-mn-nelore
,,,,,,,,,,,,,,,,,,,,,,,,,https://loja.crvbrasil.com.br/semen/touros-de-corte-zebu/nelore/xacado-col-nelore
,,,,,,,,,,,,,,,,,,,,,,,,,https://loja.crvbrasil.com.br/semen/touros-de-corte-zebu/nelore/xaru-col-nelore
,,,,,,,,,,,,,,,,,,,,,,,,,https://loja.crvbrasil.com.br/semen/touros-de-corte-zebu/nelore/xefu-col-nelore
,,,,,,,,,,,,,,,,,,,,,,,,,https://loja.crvbrasil.com.br/semen/touros-de-corte-zebu/nelore/xiand-col-nelore
,,,,,,,,,,,,,,,,,,,,,,,,,https://loja.crvbrasil.com.br/semen/touros-de-corte-zebu/nelore/xung-col
,,,,,,,,,,,,,,,,,,,,,,,,,https://loja.crvbrasil.com.br/semen/touros-de-corte-zebu/nelore/yadiel-col-nelore
,,,,,,,,,,,,,,,,,,,,,,,,,https://loja.crvbrasil.com.br/semen/touros-de-corte-zebu/nelore/yermo-col-nelore
,,,,,,,,,,,,,,,,,,,,,,,,,https://loja.crvbrasil.com.br/semen/touros-de-corte-zebu/nelore/zurik-fvc-nelore
