crv_code,nome_oficial,nome_guerra,raca,rgd,data_nascimento,preco_convencional,preco_sexado,ANCP_MGTe_DEP,ANCP_MGTe_TOP,PMGZ_iABCZ_DEP,PMGZ_iABCZ_DECA,GENEPLUS_IQG_DEP,GENEPLUS_IQG_TOP,peso_kg,circunferencia_escrotal_cm,altura_garupa_cm,criador,proprietario,linhagem,pai,mae,selos,url_loja,ALIANÇA_CD_ACC,ALIANÇA_CD_DECA,ALIANÇA_CD_DEP,ALIANÇA_CS_ACC,ALIANÇA_CS_DECA,ALIANÇA_CS_DEP,ALIANÇA_D160_ACC,ALIANÇA_D160_DECA,ALIANÇA_D160_DEP,ALIANÇA_D240_ACC,ALIANÇA_D240_DECA,ALIANÇA_D240_DEP,ALIANÇA_D400_ACC,ALIANÇA_D400_DECA,ALIANÇA_D400_DEP,ALIANÇA_GDS_ACC,ALIANÇA_GDS_DECA,ALIANÇA_GDS_DEP,ALIANÇA_GND_ACC,ALIANÇA_GND_DECA,ALIANÇA_GND_DEP,ALIANÇA_GNS_ACC,ALIANÇA_GNS_DECA,ALIANÇA_GNS_DEP,ALIANÇA_HMAT_ACC,ALIANÇA_HMAT_DECA,ALIANÇA_HMAT_DEP,ALIANÇA_INDD_ACC,ALIANÇA_INDD_DECA,ALIANÇA_INDD_DEP,ALIANÇA_INDF_ACC,ALIANÇA_INDF_DECA,ALIANÇA_INDF_DEP,ALIANÇA_IPP_ACC,ALIANÇA_IPP_DECA,ALIANÇA_IPP_DEP,ALIANÇA_MD_ACC,ALIANÇA_MD_DECA,ALIANÇA_MD_DEP,ALIANÇA_MS_ACC,ALIANÇA_MS_DECA,ALIANÇA_MS_DEP,ALIANÇA_PD_ACC,ALIANÇA_PD_DECA,ALIANÇA_PD_DEP,ALIANÇA_PE/I_ACC,ALIANÇA_PE/I_DECA,ALIANÇA_PE/I_DEP,ALIANÇA_PN_ACC,ALIANÇA_PN_DECA,ALIANÇA_PN_DEP,ALIANÇA_PS_ACC,ALIANÇA_PS_DECA,ALIANÇA_PS_DEP,ALIANÇA_RMAT_ACC,ALIANÇA_RMAT_DECA,ALIANÇA_RMAT_DEP,ALIANÇA_UD_ACC,ALIANÇA_UD_DECA,ALIANÇA_UD_DEP,ALIANÇA_US_ACC,ALIANÇA_US_DECA,ALIANÇA_US_DEP,ANCP_D3P_ACC,ANCP_D3P_DEP,ANCP_D3P_TOP,ANCP_DACAB_ACC,ANCP_DACAB_DEP,ANCP_DACAB_TOP,ANCP_DAOL_ACC,ANCP_DAOL_DEP,ANCP_DAOL_TOP,ANCP_DCAR_ACC,ANCP_DCAR_DEP,ANCP_DCAR_TOP,ANCP_DFPP_ACC,ANCP_DFPP_DEP,ANCP_DFPP_TOP,ANCP_DFRAME_ACC,ANCP_DFRAME_DEP,ANCP_DFRAME_TOP,ANCP_DIPP_ACC,ANCP_DIPP_DEP,ANCP_DIPP_TOP,ANCP_DMARM_ACC,ANCP_DMARM_DEP,ANCP_DMARM_TOP,ANCP_DP210_ACC,ANCP_DP210_DEP,ANCP_DP210_TOP,ANCP_DP365_ACC,ANCP_DP365_DEP,ANCP_DP365_TOP,ANCP_DP450_ACC,ANCP_DP450_DEP,ANCP_DP450_TOP,ANCP_DPE450_ACC,ANCP_DPE450_DEP,ANCP_DPE450_TOP,ANCP_DSTAY_ACC,ANCP_DSTAY_DEP,ANCP_DSTAY_TOP,ANCP_MGTe_ACC,ANCP_MP120_ACC,ANCP_MP120_DEP,ANCP_MP120_TOP,ANCP_MP210_ACC,ANCP_MP210_DEP,ANCP_MP210_TOP,ANCP_N°_FILHOS,ANCP_N°_REBANHOS,ANCP_PAC_ACC,ANCP_PAC_DEP,ANCP_PAC_TOP,ANCP_PN_ACC,ANCP_PN_DEP,ANCP_PN_TOP,CFM_ALT_ACC,CFM_ALT_DEP,CFM_ALT_TOP,CFM_CFM_ACC,CFM_CFM_DEP,CFM_CFM_TOP,CFM_CONF_ACC,CFM_CONF_DEP,CFM_CONF_TOP,CFM_GPSOB_ACC,CFM_GPSOB_DEP,CFM_GPSOB_TOP,CFM_MAT_ACC,CFM_MAT_DEP,CFM_MAT_TOP,CFM_MUSC_ACC,CFM_MUSC_DEP,CFM_MUSC_TOP,CFM_P18_ACC,CFM_P18_DEP,CFM_P18_TOP,CFM_PD_ACC,CFM_PD_DEP,CFM_PD_TOP,CFM_PE_ACC,CFM_PE_DEP,CFM_PE_TOP,CFM_PN_ACC,CFM_PN_DEP,CFM_PN_TOP,CFM_PP14_ACC,CFM_PP14_DEP,CFM_PP14_TOP,CFM_PREC_ACC,CFM_PREC_DEP,CFM_PREC_TOP,CIA_CD_ACC,CIA_CD_DECA,CIA_CD_DEP,CIA_CS_ACC,CIA_CS_DECA,CIA_CS_DEP,CIA_GND_ACC,CIA_GND_DECA,CIA_GND_DEP,CIA_GNS_ACC,CIA_GNS_DECA,CIA_GNS_DEP,CIA_GPD_ACC,CIA_GPD_DECA,CIA_GPD_DEP,CIA_ICIA_ACC,CIA_ICIA_DECA,CIA_ICIA_DEP,CIA_IDESM_ACC,CIA_IDESM_DECA,CIA_IDESM_DEP,CIA_IFRIG_ACC,CIA_IFRIG_DECA,CIA_IFRIG_DEP,CIA_IPP_ACC,CIA_IPP_DECA,CIA_IPP_DEP,CIA_MD_ACC,CIA_MD_DECA,CIA_MD_DEP,CIA_MS_ACC,CIA_MS_DECA,CIA_MS_DEP,CIA_PD_ACC,CIA_PD_DECA,CIA_PD_DEP,CIA_PEip_ACC,CIA_PEip_DECA,CIA_PEip_DEP,CIA_PG_ACC,CIA_PG_DECA,CIA_PG_DEP,CIA_PN_ACC,CIA_PN_DECA,CIA_PN_DEP,CIA_PS_ACC,CIA_PS_DECA,CIA_PS_DEP,CIA_RMAT_ACC,CIA_RMAT_DECA,CIA_RMAT_DEP,CIA_TS_ACC,CIA_TS_DECA,CIA_TS_DEP,CIA_UD_ACC,CIA_UD_DECA,CIA_UD_DEP,CIA_US_ACC,CIA_US_DECA,CIA_US_DEP,DELTAGEN_CD_ACC,DELTAGEN_CD_DECA,DELTAGEN_CD_DEP,DELTAGEN_CS_ACC,DELTAGEN_CS_DECA,DELTAGEN_CS_DEP,DELTAGEN_D160_ACC,DELTAGEN_D160_DECA,DELTAGEN_D160_DEP,DELTAGEN_D240_ACC,DELTAGEN_D240_DECA,DELTAGEN_D240_DEP,DELTAGEN_D400_ACC,DELTAGEN_D400_DECA,DELTAGEN_D400_DEP,DELTAGEN_GDS_ACC,DELTAGEN_GDS_DECA,DELTAGEN_GDS_DEP,DELTAGEN_GND_ACC,DELTAGEN_GND_DECA,DELTAGEN_GND_DEP,DELTAGEN_GNS_ACC,DELTAGEN_GNS_DECA,DELTAGEN_GNS_DEP,DELTAGEN_IFRIG_ACC,DELTAGEN_IFRIG_DECA,DELTAGEN_IFRIG_DEP,DELTAGEN_INDD_ACC,DELTAGEN_INDD_DECA,DELTAGEN_INDD_DEP,DELTAGEN_INDF_ACC,DELTAGEN_INDF_DECA,DELTAGEN_INDF_DEP,DELTAGEN_IPP_ACC,DELTAGEN_IPP_DECA,DELTAGEN_IPP_DEP,DELTAGEN_MD_ACC,DELTAGEN_MD_DECA,DELTAGEN_MD_DEP,DELTAGEN_MS_ACC,DELTAGEN_MS_DECA,DELTAGEN_MS_DEP,DELTAGEN_PD_ACC,DELTAGEN_PD_DECA,DELTAGEN_PD_DEP,DELTAGEN_PEi_ACC,DELTAGEN_PEi_DECA,DELTAGEN_PEi_DEP,DELTAGEN_PN_ACC,DELTAGEN_PN_DECA,DELTAGEN_PN_DEP,DELTAGEN_PS_ACC,DELTAGEN_PS_DECA,DELTAGEN_PS_DEP,DELTAGEN_RMAT_ACC,DELTAGEN_RMAT_DECA,DELTAGEN_RMAT_DEP,DELTAGEN_UD_ACC,DELTAGEN_UD_DECA,DELTAGEN_UD_DEP,DELTAGEN_US_ACC,DELTAGEN_US_DECA,DELTAGEN_US_DEP,GENEPLUS_AOL_ACC,GENEPLUS_AOL_DEP,GENEPLUS_AOL_TOP,GENEPLUS_CAR_ACC,GENEPLUS_CAR_DEP,GENEPLUS_CAR_TOP,GENEPLUS_CFD_ACC,GENEPLUS_CFD_DEP,GENEPLUS_CFD_TOP,GENEPLUS_CFS_ACC,GENEPLUS_CFS_DEP,GENEPLUS_CFS_TOP,GENEPLUS_DSTAY_ACC,GENEPLUS_DSTAY_DEP,GENEPLUS_DSTAY_TOP,GENEPLUS_EGS_ACC,GENEPLUS_EGS_DEP,GENEPLUS_EGS_TOP,GENEPLUS_GPD_ACC,GENEPLUS_GPD_DEP,GENEPLUS_GPD_TOP,GENEPLUS_IPP_ACC,GENEPLUS_IPP_DEP,GENEPLUS_IPP_TOP,GENEPLUS_IQG_ACC,GENEPLUS_MARM_ACC,GENEPLUS_MARM_DEP,GENEPLUS_MARM_TOP,GENEPLUS_P120 EM_ACC,GENEPLUS_P120 EM_DEP,GENEPLUS_P120 EM_TOP,GENEPLUS_PD_ACC,GENEPLUS_PD_DEP,GENEPLUS_PD_TOP,GENEPLUS_PES_ACC,GENEPLUS_PES_DEP,GENEPLUS_PES_TOP,GENEPLUS_PN_ACC,GENEPLUS_PN_DEP,GENEPLUS_PN_TOP,GENEPLUS_PS_ACC,GENEPLUS_PS_DEP,GENEPLUS_PS_TOP,GENEPLUS_RD_ACC,GENEPLUS_RD_DEP,GENEPLUS_RD_TOP,GENEPLUS_TM 120_ACC,GENEPLUS_TM 120_DEP,GENEPLUS_TM 120_TOP,GENEPLUS_TMD_ACC,GENEPLUS_TMD_DEP,GENEPLUS_TMD_TOP,IZ_ALT_ACC,IZ_ALT_DEP,IZ_ALT_TOP,IZ_AOL_ACC,IZ_AOL_DEP,IZ_AOL_TOP,IZ_CAR_ACC,IZ_CAR_DEP,IZ_CAR_TOP,IZ_EGS_ACC,IZ_EGS_DEP,IZ_EGS_TOP,IZ_P210M_ACC,IZ_P210M_DEP,IZ_P210M_TOP,IZ_P210_ACC,IZ_P210_DEP,IZ_P210_TOP,IZ_P378_ACC,IZ_P378_DEP,IZ_P378_TOP,IZ_PE_ACC,IZ_PE_DEP,IZ_PE_TOP,IZ_PN_ACC,IZ_PN_DEP,IZ_PN_TOP,IZ_PTOR_ACC,IZ_PTOR_DEP,IZ_PTOR_TOP,NELORE_CD_ACC,NELORE_CD_DECA,NELORE_CD_DEP,NELORE_CS_ACC,NELORE_CS_DECA,NELORE_CS_DEP,NELORE_D160_ACC,NELORE_D160_DECA,NELORE_D160_DEP,NELORE_D240_ACC,NELORE_D240_DECA,NELORE_D240_DEP,NELORE_D400_ACC,NELORE_D400_DECA,NELORE_D400_DEP,NELORE_GDS_ACC,NELORE_GDS_DECA,NELORE_GDS_DEP,NELORE_GND_ACC,NELORE_GND_DECA,NELORE_GND_DEP,NELORE_GNS_ACC,NELORE_GNS_DECA,NELORE_GNS_DEP,NELORE_HMAT_ACC,NELORE_HMAT_DECA,NELORE_HMAT_DEP,NELORE_INDD_ACC,NELORE_INDD_DECA,NELORE_INDD_DEP,NELORE_INDF_ACC,NELORE_INDF_DECA,NELORE_INDF_DEP,NELORE_IPP_ACC,NELORE_IPP_DECA,NELORE_IPP_DEP,NELORE_MD_ACC,NELORE_MD_DECA,NELORE_MD_DEP,NELORE_MS_ACC,NELORE_MS_DECA,NELORE_MS_DEP,NELORE_PD_ACC,NELORE_PD_DECA,NELORE_PD_DEP,NELORE_PE/I_ACC,NELORE_PE/I_DECA,NELORE_PE/I_DEP,NELORE_PN_ACC,NELORE_PN_DECA,NELORE_PN_DEP,NELORE_PS_ACC,NELORE_PS_DECA,NELORE_PS_DEP,NELORE_RMAT_ACC,NELORE_RMAT_DECA,NELORE_RMAT_DEP,NELORE_UD_ACC,NELORE_UD_DECA,NELORE_UD_DEP,NELORE_US_ACC,NELORE_US_DECA,NELORE_US_DEP,PAINT_CD_ACC,PAINT_CD_D,PAINT_CD_DEPH,PAINT_CD_DP,PAINT_CS_ACC,PAINT_CS_D,PAINT_CS_DEPH,PAINT_CS_DP,PAINT_GND_ACC,PAINT_GND_D,PAINT_GND_DEPH,PAINT_GND_DP,PAINT_GNS_ACC,PAINT_GNS_D,PAINT_GNS_DEPH,PAINT_GNS_DP,PAINT_GPD_ACC,PAINT_GPD_D,PAINT_GPD_DEPH,PAINT_GPD_DP,PAINT_HGP_ACC,PAINT_HGP_D,PAINT_HGP_DEP,PAINT_HGP_DP,PAINT_IDESM_ACC,PAINT_IDESM_D,PAINT_IDESM_DEP,PAINT_IDESM_DP,PAINT_IPAINT_ACC,PAINT_IPAINT_D,PAINT_IPAINT_DEP,PAINT_IPAINT_DP,PAINT_IPP_ACC,PAINT_IPP_D,PAINT_IPP_DEP,PAINT_IPP_DP,PAINT_MD_ACC,PAINT_MD_D,PAINT_MD_DEPH,PAINT_MD_DP,PAINT_MS_ACC,PAINT_MS_D,PAINT_MS_DEPH,PAINT_MS_DP,PAINT_PD_ACC,PAINT_PD_D,PAINT_PD_DEPH,PAINT_PD_DP,PAINT_PEIP_ACC,PAINT_PEIP_D,PAINT_PEIP_DEPH,PAINT_PEIP_DP,PAINT_PEI_ACC,PAINT_PEI_D,PAINT_PEI_DEPH,PAINT_PEI_DP,PAINT_PG_ACC,PAINT_PG_D,PAINT_PG_DEPH,PAINT_PG_DP,PAINT_PN_ACC,PAINT_PN_D,PAINT_PN_DEPH,PAINT_PN_DP,PAINT_PS_ACC,PAINT_PS_D,PAINT_PS_DEPH,PAINT_PS_DP,PAINT_RMAT_ACC,PAINT_RMAT_D,PAINT_RMAT_DEP,PAINT_RMAT_DP,PAINT_TS_ACC,PAINT_TS_D,PAINT_TS_DEPH,PAINT_TS_DP,PAINT_UD_ACC,PAINT_UD_D,PAINT_UD_DEPH,PAINT_UD_DP,PAINT_US_ACC,PAINT_US_D,PAINT_US_DEPH,PAINT_US_DP,PMGZ_ACAB_ACC,PMGZ_ACAB_DECA,PMGZ_ACAB_DEP,PMGZ_AOL_ACC,PMGZ_AOL_DECA,PMGZ_AOL_DEP,PMGZ_E_ACC,PMGZ_E_DECA,PMGZ_E_DEP,PMGZ_IPP_ACC,PMGZ_IPP_DECA,PMGZ_IPP_DEP,PMGZ_MARM_ACC,PMGZ_MARM_DECA,PMGZ_MARM_DEP,PMGZ_M_ACC,PMGZ_M_DECA,PMGZ_M_DEP,PMGZ_PA_ACC,PMGZ_PA_DECA,PMGZ_PA_DEP,PMGZ_PD_ACC,PMGZ_PD_DECA,PMGZ_PD_DEP,PMGZ_PE365_ACC,PMGZ_PE365_DECA,PMGZ_PE365_DEP,PMGZ_PM EM_ACC,PMGZ_PM EM_DECA,PMGZ_PM EM_DEP,PMGZ_PN_ACC,PMGZ_PN_DECA,PMGZ_PN_DEP,PMGZ_PSN_ACC,PMGZ_PSN_DECA,PMGZ_PSN_DEP,PMGZ_PS_ACC,PMGZ_PS_DECA,PMGZ_PS_DEP,PMGZ_P_ACC,PMGZ_P_DECA,PMGZ_P_DEP,PMGZ_STAY_ACC,PMGZ_STAY_DECA,PMGZ_STAY_DEP,PMGZ_iABCZ_ACC,QUALITAS_GPD_ACC,QUALITAS_GPD_DEP,QUALITAS_GPD_TOP,QUALITAS_MUSC_ACC,QUALITAS_MUSC_DEP,QUALITAS_MUSC_TOP,QUALITAS_PDMAT_ACC,QUALITAS_PDMAT_DEP,QUALITAS_PDMAT_TOP,QUALITAS_PD_ACC,QUALITAS_PD_DEP,QUALITAS_PD_TOP,QUALITAS_PE450_ACC,QUALITAS_PE450_DEP,QUALITAS_PE450_TOP,QUALITAS_PG_ACC,QUALITAS_PG_DEP,QUALITAS_PG_TOP,QUALITAS_PN_ACC,QUALITAS_PN_DEP,QUALITAS_PN_TOP,QUALITAS_PPP_ACC,QUALITAS_PPP_DEP,QUALITAS_PPP_TOP,QUALITAS_PSOB_ACC,QUALITAS_PSOB_DEP,QUALITAS_PSOB_TOP,QUALITAS_QUALITAS_ACC,QUALITAS_QUALITAS_DEP,QUALITAS_QUALITAS_TOP,QUALITAS_REC SP_ACC,QUALITAS_REC SP_DEP,QUALITAS_REC SP_TOP,avo_materno,avo_paterno,comprimento_corporal_cm,comprimento_garupa_cm,idade_medicao,largura_garupa_cm,mae_reg,nome_loja,pai_reg,perimetro_toracico_cm,profundidade_torax_cm,sistema_criacao
09006,ACE FC CACHOEIRAO,ACE CACHOEIRÃO,Nelore PO,FCCH2110,13/07/2020,33.9,,26.63,8.0,25.99,1.0,33.54,1.0,803.0,44.0,153.0,Fazenda Cachoeirão,Jose Rodrigues Pereira e Irmãos,SHERLOCK MAT x REM ARMADOR,SHERLOCK MAT,FCCH 815,po; ifert; carcaca-4-estrelas; maternal; peso; reprodutivo; semiintensivo,https://loja.crvbrasil.com.br/semen/touros-de-corte-zebu/nelore/ace-cachoeirao-nelore,,,,,,,,,,,,,,,,,,,,,,,,,,,,,,,,,,,,,,,,,,,,,,,,,,,,,,,,,,,,,,,,23.0,87.3,6.0,20.0,0.31,15.0,21.0,4.5,4.0,17.0,-0.05,36.0,28.0,40.94,86.0,17.0,0.159,88.0,19.0,-1.18,4.0,18.0,0.05,24.0,24.0,18.1,3.0,30.0,30.15,5.0,25.0,28.57,6.0,28.0,1.44,10.0,20.0,79.6,17.0,20.0,22.0,1.68,38.0,23.0,2.65,42.0,0.0,0.0,17.0,6.91,22.0,32.0,0.97,80.0,,,,,,,,,,,,,,,,,,,,,,,,,,,,,,,,,,,,,,,,,,,,,,,,,,,,,,,,,,,,,,,,,,,,,,,,,,,,,,,,,,,,,,,,,,,,,,,,,,,,,,,,,,,,,,,,,,,,,,,,,,,,,,,,,,,,,,,,,,,,,,,,,,,,,,,,,,,,,,,,63.0,3.71,2.0,,0.08,99.0,55.0,6.47,1.0,63.0,8.0,2.0,27.0,74.65,4.0,49.0,1.49,3.0,64.0,10.09,3.0,40.0,-4.7,23.0,,61.0,0.52,28.0,49.0,2.73,9.0,60.0,16.68,0.5,70.0,2.54,0.1,58.0,0.94,99.0,64.0,26.77,0.5,63.0,1.39,5.0,,7.66,0.5,,13.11,0.5,,,,,,,,,,,,,,,,,,,,,,,,,,,,,,,,,,,,,,,,,,,,,,,,,,,,,,,,,,,,,,,,,,,,,,,,,,,,,,,,,,,,,,,,,,,,,,,,,,,,,,,,,,,,,,,,,,,,,,,,,,,,,,,,,,,,,,,,,,,,,,,,,,,,,,,,,,,,,,,,,,,,,,,,,,,,,,,,,,52.0,2.0,1.19,61.0,1.0,4.4,51.0,1.0,2.99,48.0,3.0,-9.2,55.0,3.0,0.57,51.0,1.0,4.45,64.0,1.0,23.29,64.0,1.0,15.13,62.0,1.0,1.65,55.0,1.0,3.63,65.0,10.0,0.99,35.0,2.0,37.58,64.0,1.0,27.76,51.0,1.0,7.02,29.0,1.0,54.36,,,,,,,,,,,,,,,,,,,,,,,,,,,,,,,,,,,REM ARMADOR,NEHRU MAT,160.0,57.0,3anose4meses,57.0,FCCH 815,ACE CACHOEIRÃO - NELORE,RDM 6023,208.0,72.0,SEMI-INTENSIVO
09031,ALIADO JL DA BAMA,ALIADO DA BAMA,Nelore PO,AIBA2139,18/08/2019,31.2,,20.17,18.0,18.98,1.0,28.97,2.0,,,,Fazenda BAMA,J L Agropecuária,HERDEIRO DO IZ x RAÍ DA MN,HERDEIRO DO IZ,AIB A56 JL DA BAMA,po; carcaca-3-estrelas; car; maternal; novilhas; peso; semiextensivo,https://loja.crvbrasil.com.br/semen/touros-de-corte-zebu/nelore/aliado-da-bama-nelore,,,,,,,,,,,,,,,,,,,,,,,,,,,,,,,,,,,,,,,,,,,,,,,,,,,,,,,,,,,,,,,,44.0,75.92,49.0,41.0,0.3,16.0,44.0,2.11,22.0,6.0,-0.06,31.0,37.0,64.06,0.5,5.0,-0.28,5.0,14.0,-0.43,71.0,44.0,0.04,29.0,52.0,8.39,29.0,65.0,17.35,23.0,48.0,18.28,23.0,54.0,0.19,61.0,55.0,77.27,21.0,41.0,47.0,5.45,2.0,13.0,7.67,2.0,104.0,6.0,5.0,6.53,25.0,59.0,-1.0,3.0,,,,,,,,,,,,,,,,,,,,,,,,,,,,,,,,,,,,,,,,,,,,,,,,,,,,,,,,,,,,,,,,,,,,,,,,,,,,,,,,,,,,,,,,,,,,,,,,,,,,,,,,,,,,,,,,,,,,,,,,,,,,,,,,,,,,,,,,,,,,,,,,,,,,,,,,,,,,,,,,72.0,3.01,5.0,,-0.01,28.0,66.0,3.99,10.0,69.0,7.62,3.0,26.0,74.05,4.0,64.0,1.05,10.0,72.0,9.83,4.0,59.0,-6.79,13.0,,70.0,-1.45,97.0,62.0,3.84,2.0,70.0,4.76,35.0,75.0,0.21,55.0,68.0,-0.67,1.0,72.0,14.59,12.0,57.0,2.23,0.5,,4.02,14.0,,7.42,9.0,,,,,,,,,,,,,,,,,,,,,,,,,,,,,,,,,,,,,,,,,,,,,,,,,,,,,,,,,,,,,,,,,,,,,,,,,,,,,,,,,,,,,,,,,,,,,,,,,,,,,,,,,,,,,,,,,,,,,,,,,,,,,,,,,,,,,,,,,,,,,,,,,,,,,,,,,,,,,,,,,,,,,,,,,,,,,,,,,,68.0,3.0,1.12,76.0,1.0,4.17,52.0,5.0,0.6,43.0,1.0,-19.0,68.0,9.0,-1.12,52.0,1.0,4.0,74.0,1.0,12.94,79.0,2.0,6.53,58.0,5.0,0.22,53.0,1.0,4.81,78.0,1.0,-0.8,29.0,1.0,40.24,78.0,1.0,21.01,52.0,2.0,3.16,24.0,2.0,48.19,,,,,,,,,,,,,,,,,,,,,,,,,,,,,,,,,,,RAÍ DA MN,BIRIMBAU DO IZ,,,-,,AIB A 56,ALIADO DA BAMA - NELORE,IZSN A 1941,,,SEMI-EXTENSIVO
09749,1440  DE NAVIRAI,ALOK DE NAVIRAÍ,Nelore PO,CSCZ1440,18/11/2020,36.5,,28.81,5.0,17.03,1.0,25.36,4.0,915.0,38.0,157.0,Chácara Naviraí,Luiz Carlos P. Macambira,REM GALO x NAVIRAI HORARIO,REM GALO,NERINE DE NAVIRAI,po; carcaca-5-estrelas; peso; semiintensivo,https://loja.crvbrasil.com.br/semen/touros-de-corte-zebu/nelore/alok-de-nivarai-nelore,,,,,,,,,,,,,,,,,,,,,,,,,,,,,,,,,,,,,,,,,,,,,,,,,,,,,,,,,,,,,,,,32.0,75.73,50.0,60.0,0.66,5.0,63.0,5.68,2.0,38.0,-0.09,14.0,65.0,42.79,79.0,48.0,-0.28,5.0,42.0,-1.25,3.0,33.0,-0.03,65.0,65.0,18.06,3.0,66.0,30.64,4.0,67.0,32.18,3.0,63.0,1.15,16.0,41.0,89.06,5.0,32.0,48.0,1.99,31.0,49.0,-0.94,99.0,3.0,1.0,54.0,9.37,9.0,63.0,0.16,40.0,,,,,,,,,,,,,,,,,,,,,,,,,,,,,,,,,,,,,,,,,,,,,,,,,,,,,,,,,,,,,,,,,,,,,,,,,,,,,,,,,,,,,,,,,,,,,,,,,,,,,,,,,,,,,,,,,,,,,,,,,,,,,,,,,,,,,,,,,,,,,,,,,,,,,,,,,,,,,,,,61.0,3.38,3.0,,0.07,98.0,41.0,6.18,2.0,54.0,8.82,1.0,26.0,70.66,6.0,50.0,2.21,0.5,57.0,6.14,17.0,41.0,-0.17,55.0,,59.0,1.4,5.0,28.0,-1.34,85.0,55.0,13.11,2.0,64.0,1.14,12.0,51.0,0.24,58.0,57.0,19.25,4.0,61.0,0.78,15.0,,2.09,37.0,,5.13,22.0,,,,,,,,,,,,,,,,,,,,,,,,,,,,,,,,,,,,,,,,,,,,,,,,,,,,,,,,,,,,,,,,,,,,,,,,,,,,,,,,,,,,,,,,,,,,,,,,,,,,,,,,,,,,,,,,,,,,,,,,,,,,,,,,,,,,,,,,,,,,,,,,,,,,,,,,,,,,,,,,,,,,,,,,,,,,,,,,,,52.0,1.0,4.14,63.0,1.0,4.18,55.0,1.0,3.24,48.0,7.0,1.31,55.0,1.0,1.9,55.0,1.0,4.2,68.0,1.0,17.82,71.0,1.0,11.41,62.0,1.0,0.93,56.0,6.0,0.05,66.0,5.0,0.07,38.0,5.0,32.6,69.0,1.0,21.65,55.0,1.0,4.56,21.0,2.0,44.28,,,,,,,,,,,,,,,,,,,,,,,,,,,,,,,,,,,NAVIRAI HORARIO,REM ESPIÃO007,155.0,58.0,3anos1mês,66.0,CSCC 3802,ALOK DE NAVIRAÍ - NELORE,REM A1576,236.0,89.0,SEMI-INTENSIVO
08444,AMANDAU FM,AMANDAU FM,Nelore CEIP,91717FM,05/08/2017,21.3,,,,,,,,680.0,41.0,146.0,Agropecuária Maragogipe,Agropecuária Maragogipe,PARDO FM x ORFF AJ,PARDO FM,28610FM,ceip; ifert; novilhas; extensivo,https://loja.crvbrasil.com.br/semen/touros-de-corte-zebu/nelore/amandau-fm-nelore,,,,,,,,,,,,,,,,,,,,,,,,,,,,,,,,,,,,,,,,,,,,,,,,,,,,,,,,,,,,,,,,,,,,,,,,,,,,,,,,,,,,,,,,,,,,,,,,,,,,,,,,,,,,,,,,,,,,,,,,,,,,,,,,,,,,,,,,,,,,,,,,,,,,,,,,,,,,,,,,,,,,,,,,,,,,,,,,,,,,,,,,,,,,,,,,,,,,,,,,,,,,,,,,,,,,,,0.97,8.0,-0.09,0.97,9.0,-0.13,0.97,8.0,-3.16,0.97,7.0,-10.09,0.97,7.0,-13.25,0.97,7.0,-1.34,0.97,8.0,-1.74,0.97,8.0,-3.08,0.65,6.0,-0.67,0.96,9.0,-5.56,0.96,9.0,-1.88,0.94,8.0,3.92,0.97,9.0,-0.14,0.97,9.0,-0.21,0.97,3.0,0.09,0.96,2.0,0.38,0.96,1.0,-0.66,0.97,3.0,0.13,0.88,6.0,-0.77,0.99,5.0,0.52,0.99,6.0,0.48,,,,,,,,,,,,,,,,,,,,,,,,,,,,,,,,,,,,,,,,,,,,,,,,,,,,,,,,,,,,,,,,,,,,,,,,,,,,,,,,,,,,,,,,,,,,,,,,,,,,,,,,,,,,,,,,,,,,,,,,,,,,,,,,,,,,,,,,,,,,,,,,,,,,,,,,,,,,,,,,,,,,,,,,,,,,,,,,,,,,,,,,,,,,,,,,,,,,,,,,,,,,,,,,,,,,,,,,,,,,,,,,,,,,,,,,,,,,,,,,,,,,,,,,,,,,,,,,,,,,,,,,,,,,,,,,,,,,,,,,,,,,,,,,,,,,,,,,,,,,,,,,,,,,,ORFF AJ,BANDEIRANTE JCA,150.0,49.0,2anos1meses,48.0,28610FM,AMANDAU FM - NELORE,74111FM,211.0,74.0,EXTENSIVO
10065,ANGICO EMA,ANGICO EMA,Nelore CEIP,1122417EMA,25/10/2017,38.9,,,,,,,,900.0,40.0,152.0,EMA - Empresa Marinho Agrop. Pantanal,EMA - Empresa Marinho Agrop. Pantanal,PARDO FM x LGRM5814,PARDO FM,781714EMA,ceip; ifert; maternal; novilhas; extensivo,https://loja.crvbrasil.com.br/semen/touros-de-corte-zebu/nelore/angico-ema-nelore,,2.0,0.16,,1.0,0.37,,3.0,3.8,,3.0,17.21,,3.0,21.01,,2.0,3.03,,3.0,1.34,,2.0,4.37,,1.0,2.36,0.97,7.0,-0.36,0.87,,6.41,,6.0,0.37,,9.0,-0.17,,2.0,0.18,,8.0,-0.12,,1.0,0.82,,1.0,-1.02,,2.0,0.18,,1.0,17.49,,2.0,0.55,,9.0,0.41,,,,,,,,,,,,,,,,,,,,,,,,,,,,,,,,,,,,,,,,,,,,,,,,,,,,,,,,,,,,,,,,,,,,,,,,,,,,,,,,,,,,,,,,,,,,,,,,,,,,,,,,,,,,,,,,,,,,,,,,,,,,,,,,,,,,,,,,,,,,,,,,,,,,,,,0.97,2.0,0.16,0.84,1.0,0.37,0.97,3.0,3.8,0.84,3.0,17.21,0.84,2.0,21.01,0.84,2.0,3.03,0.97,3.0,1.34,0.84,2.0,4.37,0.61,4.0,1.87,0.97,8.0,-0.52,0.87,6.0,6.89,0.76,6.0,0.37,0.97,9.0,-0.17,0.84,2.0,0.18,0.97,8.0,-0.12,0.81,1.0,0.82,0.87,1.0,-1.02,0.84,2.0,0.18,0.47,1.0,17.49,0.99,3.0,0.55,0.89,10.0,0.41,,,,,,,,,,,,,,,,,,,,,,,,,,,,,,,,,,,,,,,,,,,,,,,,,,,,,,,,,,,,,,,,,,,,,,,,,,,,,,,,,,,,,,,,,,,,,,,,,,,,,,,,,,,,,,,,,,,,,,,,,,,,,,,,,,,,,,,,,,,,,,,,,,,,,,,,,,,,,,,,,,,,,,,,,,,,,,,,,,,,,,,,,,,,,,,,,,,,,,,,,,,,,,,,,,,,,,,,,,,,,,,,,,,,,,,,,,,,,,,,,,,,,,,,,,,,,,,,,,,,,,,,,,,,,,,,,,,,,,,,,,,,,,,,,,,,,,,,,,,,,,,,,,,,,LGRM5814,BANDEIRANTE JCA,161.0,62.0,5anos5meses,63.0,781714EMA,ANGICO EMA - NELORE,74111FM,233.0,81.0,EXTENSIVO
11339,APOGEU P@RM,APOGEU PARM,Nelore CEIP,253822PARM,03/10/2022,33.9,,,,,,,,579.0,40.0,141.0,P@RM Agropecuária,"P@RM Agropecuária, Aluisio de Figueiredo Neto",VINHÁTICO 3BA x ASSIS AJ,VINHÁTICO 3BA,L15919DFM,ceip; ifert; maternal; novilhas; extensivo,https://loja.crvbrasil.com.br/semen/touros-de-corte-zebu/nelore/apogeu-p-rm-nelore,,7.0,-0.04,,,,,6.0,-0.21,,,,,,,,,,,6.0,-0.08,,,,,4.0,0.53,0.96,6.0,3.04,,,,,,,,2.0,0.16,,,,,1.0,0.26,,,,,1.0,-0.79,,,,,,,,1.0,0.61,,,,,,,,,,,,,,,,,,,,,,,,,,,,,,,,,,,,,,,,,,,,,,,,,,,,,,,,,,,,,,,,,,,,,,,,,,,,,,,,,,,,,,,,,,,,,,,,,,,,,,,,,,,,,,,,,,,,,,,,,,,,,,,,,,,,,,,,,,,,,,,,,,,,,,,,,,0.96,7.0,-0.04,,,,0.96,6.0,-0.21,,,,,,,,,,0.96,6.0,-0.08,,,,0.6,1.0,16.42,0.96,6.0,3.08,,,,,,,0.96,2.0,0.16,,,,0.96,1.0,0.26,,,,,1.0,-0.79,,,,0.38,1.0,20.49,0.98,1.0,0.61,,,,,,,,,,,,,,,,,,,,,,,,,,,,,,,,,,,,,,,,,,,,,,,,,,,,,,,,,,,,,,,,,,,,,,,,,,,,,,,,,,,,,,,,,,,,,,,,,,,,,,,,,,,,,,,,,,,,,,,,,,,,,,,,,,,,,,,,,,,,,,,,,,,,,,,,,,,,,,,,,,,,,,,,,,,,,,,,,,,,,,,,,,,,,,,,,,,,,,,,,,,,,,,,,,,,,,,,,,,,,,,,,,,,,,,,,,,,,,,,,,,,,,,,,,,,,,,,,,,,,,,,,,,,,,,,,,,,,,,,,,,,,,,,,,,,,,,,,,,,,,,,,,,,,,,,ASSIS AJ,PARDO FM,149.0,51.0,2 anos,50.0,L15919DFM,APOGEU PARM - NELORE,7453173BA,203.0,72.0,EXTENSIVO
09073,ARACUÃ DA MDLO,ARACUÃ DA MODELO,Nelore PO,MDLO1711,25/07/2020,33.9,,30.75,3.0,28.38,1.0,37.09,0.5,848.0,38.0,165.0,Fazenda Modelo,"Ricardo A. Grassano, Antonio M. S. Albuquerque e Jfiel Repr. de Produtos Agropecuarios",BELO J MACHADO x AVESSO DA BELA,BELO J MACHADO,CAROLA,po; car; maternal; peso; reprodutivo; semiintensivo,https://loja.crvbrasil.com.br/semen/touros-de-corte-zebu/nelore/aracua-da-mdlo-nelore,,,,,,,,,,,,,,,,,,,,,,,,,,,,,,,,,,,,,,,,,,,,,,,,,,,,,,,,,,,,,,,,53.0,90.54,2.0,65.0,0.3,16.0,67.0,2.67,17.0,39.0,-0.18,0.5,37.0,41.31,85.0,50.0,-0.05,23.0,44.0,-1.62,0.1,58.0,0.02,38.0,67.0,17.67,4.0,68.0,35.18,2.0,70.0,30.64,4.0,65.0,2.18,2.0,48.0,96.22,2.0,48.0,49.0,4.43,5.0,49.0,6.97,3.0,8.0,1.0,48.0,10.83,4.0,63.0,1.74,98.0,,,,,,,,,,,,,,,,,,,,,,,,,,,,,,,,,,,,,,,,,,,,,,,,,,,,,,,,,,,,,,,,,,,,,,,,,,,,,,,,,,,,,,,,,,,,,,,,,,,,,,,,,,,,,,,,,,,,,,,,,,,,,,,,,,,,,,,,,,,,,,,,,,,,,,,,,,,,,,,,61.0,1.85,18.0,,0.04,86.0,54.0,6.37,1.0,62.0,10.74,0.5,25.0,79.56,2.0,52.0,-0.21,68.0,62.0,18.16,0.1,36.0,-11.25,3.0,,57.0,-0.8,85.0,48.0,4.99,0.5,60.0,15.68,0.5,69.0,2.3,0.5,58.0,0.93,99.0,62.0,33.84,0.1,61.0,1.46,4.0,,9.39,0.1,,15.3,0.1,,,,,,,,,,,,,,,,,,,,,,,,,,,,,,,,,,,,,,,,,,,,,,,,,,,,,,,,,,,,,,,,,,,,,,,,,,,,,,,,,,,,,,,,,,,,,,,,,,,,,,,,,,,,,,,,,,,,,,,,,,,,,,,,,,,,,,,,,,,,,,,,,,,,,,,,,,,,,,,,,,,,,,,,,,,,,,,,,,56.0,5.0,0.17,64.0,2.0,1.83,53.0,1.0,3.43,46.0,1.0,-21.64,53.0,7.0,-0.43,53.0,1.0,4.96,63.0,1.0,28.02,64.0,1.0,17.53,62.0,1.0,2.04,53.0,1.0,4.85,65.0,10.0,1.12,32.0,1.0,59.92,64.0,1.0,33.3,53.0,1.0,5.85,20.0,1.0,52.95,,,,,,,,,,,,,,,,,,,,,,,,,,,,,,,,,,,AVESSO DA BELA,REM ARMADOR,177.0,57.0,2anos7meses,58.0,MDLO 297,ARACUÃ DA MODELO - NELORE,ACNP 3146,211.0,86.0,SEMI-INTENSIVO
09862,C2503 DA S.NICE,ARGOS SANTA NICE,Nelore PO,GRIC2503,05/09/2021,31.2,,30.3,4.0,27.71,1.0,30.35,2.0,766.0,40.0,153.0,Fazenda Santa Nice,Marcelo Procópio Grisi e Outros,RAJAN COL x BARAN TRADIÇÃO,RAJAN COL,B9930  DA S.NICE,po; carcaca-4-estrelas; car; maternal; peso; reprodutivo; semiintensivo,https://loja.crvbrasil.com.br/semen/touros-de-corte-zebu/nelore/argos-s-nice-nelore,,,,,,,,,,,,,,,,,,,,,,,,,,,,,,,,,,,,,,,,,,,,,,,,,,,,,,,,,,,,,,,,75.0,85.49,10.0,55.0,0.36,13.0,55.0,3.78,8.0,33.0,-0.06,30.0,65.0,51.85,14.0,42.0,-0.14,12.0,36.0,-0.89,19.0,53.0,0.04,29.0,57.0,16.05,6.0,56.0,27.7,7.0,59.0,28.75,6.0,52.0,1.11,17.0,68.0,98.85,1.0,38.0,38.0,4.63,4.0,38.0,6.63,4.0,72.0,4.0,49.0,12.62,2.0,59.0,1.08,85.0,,,,,,,,,,,,,,,,,,,,,,,,,,,,,,,,,,,,,,,,,,,,,,,,,,,,,,,,,,,,,,,,,,,,,,,,,,,,,,,,,,,,,,,,,,,,,,,,,,,,,,,,,,,,,,,,,,,,,,,,,,,,,,,,,,,,,,,,,,,,,,,,,,,,,,,,,,,,,,,,68.0,2.35,10.0,,0.05,92.0,61.0,6.17,2.0,65.0,8.21,2.0,22.0,79.06,2.0,61.0,1.68,2.0,68.0,7.75,9.0,32.0,-4.3,25.0,,67.0,0.57,26.0,59.0,3.91,2.0,65.0,11.19,4.0,70.0,1.03,16.0,66.0,0.63,91.0,68.0,18.94,5.0,52.0,1.45,4.0,,7.25,1.0,,10.56,2.0,,,,,,,,,,,,,,,,,,,,,,,,,,,,,,,,,,,,,,,,,,,,,,,,,,,,,,,,,,,,,,,,,,,,,,,,,,,,,,,,,,,,,,,,,,,,,,,,,,,,,,,,,,,,,,,,,,,,,,,,,,,,,,,,,,,,,,,,,,,,,,,,,,,,,,,,,,,,,,,,,,,,,,,,,,,,,,,,,,52.0,1.0,3.05,61.0,1.0,3.71,47.0,6.0,0.4,39.0,1.0,-31.91,52.0,3.0,0.75,47.0,2.0,2.77,61.0,1.0,16.54,63.0,1.0,8.09,58.0,1.0,0.84,47.0,1.0,5.07,66.0,6.0,0.15,26.0,1.0,55.74,62.0,1.0,21.73,47.0,1.0,3.6,16.0,1.0,62.46,,,,,,,,,,,,,,,,,,,,,,,,,,,,,,,,,,,BARAN TRADIÇÃO,OPERÁRIO COL,159.0,49.0,2anose9meses,61.0,GRIB9930,ARGOS SANTA NICE - NELORE,COL25550,220.0,80.0,SEMI-INTENSIVO
12180,ATLAS RF,ATLAS RF,Nelore CEIP,07223RF,24/08/2023,28.3,,,,,,,,685.0,40.0,150.0,Fazenda Rancho Fundo,Maria Helena Zaccarelli Pimentel,LOHAN NP x CAXAMBU FM,LOHAN NP,848419RF,ceip; maternal; peso; reprodutivo; semiextensivo,https://loja.crvbrasil.com.br/semen/touros-de-corte-zebu/nelore/atlas-rf-nelore,,,,,,,,,,,,,,,,,,,,,,,,,,,,,,,,,,,,,,,,,,,,,,,,,,,,,,,,,,,,,,,,,,,,,,,,,,,,,,,,,,,,,,,,,,,,,,,,,,,,,,,,,,,,,,,,,,,,,,,,,,,,,,,,,,,,,,,,,,,,,,,,,,,,,,,,,,,,,,,,,,,,,,,,,,,,,,,,,,,,,,,,,,,,,,,,,,,,,,,,,,,,,,,,,,,,,,,1.0,0.23,,1.0,0.37,,1.0,14.49,,1.0,99.04,,1.0,113.54,,1.0,12.35,,1.0,6.99,,,,,,,,1.0,29.42,,1.0,32.38,,4.0,-2.79,,1.0,0.5,,1.0,0.69,,1.0,0.46,,1.0,1.37,,6.0,0.07,,1.0,0.69,,1.0,18.44,,10.0,0.4,,7.0,0.48,,,,,,,,,,,,,,,,,,,,,,,,,,,,,,,,,,,,,,,,,,,,,,,,,,,,,,,,,,,,,,,,,,,,,,,,,,,,,,,,,,,,,,,,,,,,,,,,,,,,,,,,,,,,,,,,,,,,,,,,,,,,,,,,,,,,,,,,,,,,,,,,,,,,,,,,,,,,,,,,,,,,,,,,,,,,,,,,,,,,,,,,,,,,,,,,,,,,,,,,,,,,,,,,,,,,,,,,,,,,,,,,,,,,,,,,,,,,,,,,,,,,,,,,,,,,,,,,,,,,,,,,,,,,,,,,,,,,,,,,,,,,,,,,,,,,,,,,,,,,,,,,,,,,,CAXAMBU FM,Bourbon AH,156.0,51.0,2 anos e 1 mês,50.0,848419RF,ATLAS RF - NELORE,-,212.0,77.0,SEMI-EXTENSIVO
08095,AVATAR MAT,AVATAR DA MATINHA,Nelore PO,RDM8694,10/11/2015,36.5,,20.18,18.0,8.79,3.0,4.73,52.0,1129.0,49.0,158.0,Rancho da Matinha,"Tangará Pecuária, José R. Hofig Ramos e Adelosmar Ório",REM TORIXOREU x QUARK COL,REM TORIXOREU,RAGHUNA MAT,po; ifert; carcaca-3-estrelas; car; peso; semiintensivo,https://loja.crvbrasil.com.br/semen/touros-de-corte-zebu/nelore/avatar-da-matinha-nelore,,,,,,,,,,,,,,,,,,,,,,,,,,,,,,,,,,,,,,,,,,,,,,,,,,,,,,,,,,,,,,,,88.0,83.73,15.0,80.0,0.06,44.0,82.0,2.62,17.0,66.0,-0.11,5.0,79.0,48.22,38.0,63.0,0.21,94.0,70.0,-0.81,27.0,71.0,-0.04,71.0,93.0,13.11,12.0,92.0,18.05,22.0,92.0,18.42,23.0,86.0,1.3,13.0,84.0,87.28,7.0,71.0,71.0,-0.08,89.0,72.0,1.26,77.0,696.0,15.0,57.0,5.2,35.0,93.0,-0.09,28.0,,,,,,,,,,,,,,,,,,,,,,,,,,,,,,,,,,,,,,,,,,,,,,,,,,,,,,,,,,,,,,,,,,,,,,,,,,,,,,,,,,,,,,,,,,,,,,,,,,,,,,,,,,,,,,,,,,,,,,,,,,,,,,,,,,,,,,,,,,,,,,,,,,,,,,,,,,,,,,,,63.0,2.0,15.0,,-0.05,3.0,34.0,4.63,6.0,60.0,5.55,10.0,42.0,40.38,72.0,27.0,-0.27,71.0,76.0,2.42,47.0,40.0,3.11,77.0,,56.0,0.37,35.0,56.0,-2.0,93.0,73.0,6.4,23.0,77.0,1.69,3.0,71.0,0.14,46.0,76.0,8.81,32.0,74.0,-0.92,82.0,,-0.34,74.0,,0.36,67.0,,,,,,,,,,,,,,,,,,,,,,,,,,,,,,,,,,,,,,,,,,,,,,,,,,,,,,,,,,,,,,,,,,,,,,,,,,,,,,,,,,,,,,,,,,,,,,,,,,,,,,,,,,,,,,,,,,,,,,,,,,,,,,,,,,,,,,,,,,,,,,,,,,,,,,,,,,,,,,,,,,,,,,,,,,,,,,,,,,67.0,7.0,-0.53,76.0,1.0,2.51,76.0,1.0,2.31,76.0,4.0,-6.69,63.0,6.0,-0.01,76.0,1.0,3.41,90.0,2.0,9.45,91.0,2.0,6.22,85.0,1.0,1.31,81.0,8.0,-0.74,92.0,5.0,0.09,46.0,2.0,39.01,91.0,2.0,12.71,76.0,2.0,2.86,53.0,5.0,37.99,,,,,,,,,,,,,,,,,,,,,,,,,,,,,,,,,,,QUARK COL,REM QUISCO,172.0,68.0,6anos7meses,68.0,RDM5118,AVATAR DA MATINHA - NELORE,REMC3462,248.0,80.0,SEMI-INTENSIVO
08918,AVIADOR DA PEÇA RARA,AVIADOR PEÇA RARA,Nelore PO,PECA8233,12/08/2019,33.9,,,,22.9,1.0,,,986.0,43.0,154.0,Peça Rara Agropecuária,"Valdenilson C. Mendes, Luis A. O. Junior",HONKER PECA RARA x GANGES COL,HONKER PECA RARA,EMPENHADA DA PECA RARA,po; ceip; carcaca-3-estrelas; novilhas; peso; reprodutivo; semiextensivo,https://loja.crvbrasil.com.br/semen/touros-de-corte-zebu/nelore/aviador-peca-rara-nelore,,,,,,,,,,,,,,,,,,,,,,,,,,,,,,,,,,,,,,,,,,,,,,,,,,,,,,,,,,,,,,,,,,,,,,,,,,,,,,,,,,,,,,,,,,,,,,,,,,,,,,,,,,,,,,,,,,,,,,,,,,,,,,,,,,,,,,,,,,,,,,,,,,,,,,,,,,,,,,,,,,,,,,,,,,,,,,,,,,,,,,,,,,,,,,,,,,,,,,,,,,,,,,,,,,,,,,,,,,,,,,,,,,,,,,,,,,,,,,,,,,,,,,,,,,,,,,,,,,,,,,,,,,,,,,,,,,,,,,,,,,,,,,,,,,,,,,,,,,,,,,,,,,,,,,,,,,,,,,,,,,,,,,,,,,,,,,,,,,,,,,,,,,,,,,,,,,,,,,,,,,,,,,,,,,,,,,,,,,,,,,,,,,,,,,,,,,,,,,,,,,,,,,,,,,,,,,,,,,,,,,0.96,9.0,2.92,-0.67,0.95,2.0,3.1,0.75,0.96,9.0,198.03,-0.59,,2.0,404.6,0.75,0.95,1.0,206.62,2.11,,,6.9,-0.36,,3.0,5.47,0.34,,1.0,14.85,0.96,0.61,1.0,905.18,1.64,0.96,6.0,2.99,-0.05,0.95,1.0,3.23,1.36,0.96,2.0,3.17,1.13,0.92,10.0,27.47,-1.47,0.92,8.0,27.75,-0.49,0.95,9.0,294.64,-0.61,0.94,2.0,29.67,0.63,0.95,1.0,3.5,2.9,,3.0,10.7,0.66,0.95,10.0,2.08,-0.99,0.96,10.0,2.13,-1.17,0.95,10.0,2.18,-1.61,7.0,1.0,4.29,15.0,6.0,0.31,23.0,8.0,-0.41,25.0,1.0,-19.5,7.0,5.0,0.09,23.0,1.0,4.8,54.0,2.0,9.07,68.0,2.0,6.15,42.0,1.0,1.11,35.0,6.0,0.14,72.0,2.0,-0.3,8.0,1.0,51.61,57.0,2.0,13.26,23.0,1.0,5.17,11.0,1.0,70.61,,,,,,,,,,,,,,,,,,,,,,,,,,,,,,,,,,,GANGES COL,DEPOSITO COL,169.0,63.0,3anos7meses,62.0,PECA3730,AVIADOR PEÇA RARA - NELORE,PECA3155,229.0,85.0,SEMI-EXTENSIVO
07882,B1909 DA JANDAIA,B1909 DA JANDAIA,Nelore PO,AIAB1909,13/10/2012,36.5,,18.13,23.0,13.78,2.0,10.84,32.0,,,,Nelore Jandaia,Nelore Jandaia,REM USP x NUR MAHAL COL,REM USP,A8088 DA JANDAIA,po; car; reprodutivo; semiintensivo,https://loja.crvbrasil.com.br/semen/touros-de-corte-zebu/nelore/b1909-da-jandaia-nelore,,,,,,,,,,,,,,,,,,,,,,,,,,,,,,,,,,,,,,,,,,,,,,,,,,,,,,,,,,,,,,,,85.0,76.61,46.0,61.0,0.2,21.0,61.0,0.12,78.0,35.0,-0.08,18.0,79.0,50.23,23.0,47.0,-0.23,7.0,48.0,-0.87,21.0,54.0,0.1,9.0,77.0,11.86,16.0,81.0,12.42,36.0,83.0,19.51,20.0,77.0,1.04,19.0,85.0,88.83,6.0,54.0,54.0,1.04,60.0,54.0,3.07,34.0,178.0,14.0,37.0,8.51,13.0,83.0,0.85,75.0,,,,,,,,,,,,,,,,,,,,,,,,,,,,,,,,,,,,,,,,,,,,,,,,,,,,,,,,,,,,,,,,,,,,,,,,,,,,,,,,,,,,,,,,,,,,,,,,,,,,,,,,,,,,,,,,,,,,,,,,,,,,,,,,,,,,,,,,,,,,,,,,,,,,,,,,,,,,,,,,56.0,-1.15,88.0,,0.02,60.0,40.0,5.18,4.0,57.0,5.95,8.0,30.0,70.48,6.0,39.0,-0.02,57.0,66.0,1.68,54.0,20.0,-10.94,3.0,,53.0,0.01,51.0,43.0,-1.16,83.0,62.0,5.16,32.0,69.0,0.68,30.0,60.0,0.59,89.0,66.0,6.84,41.0,64.0,-0.2,54.0,,0.37,64.0,,0.58,65.0,,,,,,,,,,,,,,,,,,,,,,,,,,,,,,,,,,,,,,,,,,,,,,,,,,,,,,,,,,,,,,,,,,,,,,,,,,,,,,,,,,,,,,,,,,,,,,,,,,,,,,,,,,,,,,,,,,,,,,,,,,,,,,,,,,,,,,,,,,,,,,,,,,,,,,,,,,,,,,,,,,,,,,,,,,,,,,,,,,50.0,8.0,-0.88,61.0,9.0,-1.17,56.0,8.0,-0.35,58.0,1.0,-21.55,50.0,6.0,-0.04,56.0,3.0,1.75,75.0,3.0,7.6,78.0,3.0,4.48,72.0,6.0,0.1,67.0,8.0,-1.12,77.0,9.0,0.56,36.0,1.0,40.65,78.0,4.0,6.84,56.0,4.0,1.18,40.0,1.0,62.92,,,,,,,,,,,,,,,,,,,,,,,,,,,,,,,,,,,NUR MAHAL COL,REM QUISCO,,,-,,AIAA8088,B1909 DA JANDAIA - NELORE,REM5531,,,SEMI-INTENSIVO
10845,BAMBOLET DA SERROTE,BAMBOLET DA SERROTE,Nelore Pintado,DUJU370,12/10/2021,43.7,,,,-0.94,7.0,3.95,55.0,745.0,38.0,152.0,Nelore Pintado Fazenda Serrote,Jorge Luiz Arguello,LUTTAR DA CA x VUBACAN,LUTTAR DA CA,THARVANA DA CA,po; car; semiintensivo,https://loja.crvbrasil.com.br/semen/touros-de-corte-zebu/nelore/bambolet-da-serrote-nelore-pintado,,,,,,,,,,,,,,,,,,,,,,,,,,,,,,,,,,,,,,,,,,,,,,,,,,,,,,,,,,,,,,,,,,,,,,,,,,,,,,,,,,,,,,,,,,,,,,,,,,,,,,,,,,,,,,,,,,,,,,,,,,,,,,,,,,,,,,,,,,,,,,,,,,,,,,,,,,,,,,,,,,,,,,,,,,,,,,,,,,,,,,,,,,,,,,,,,,,,,,,,,,,,,,,,,,,,,,,,,,,,,,,,,,,,,,,,,,,,,,,,,,,,,,,,,,,,,,,,,,,,,,,,,,,,,,,,,,,,,3.0,-0.59,78.0,,-0.02,20.0,9.0,-0.74,83.0,10.0,-0.83,80.0,3.0,50.87,44.0,1.0,-1.19,97.0,18.0,4.79,26.0,3.0,2.21,72.0,,1.0,-0.3,66.0,6.0,1.92,18.0,22.0,-1.04,81.0,8.0,-0.14,73.0,26.0,0.07,38.0,18.0,3.76,56.0,9.0,1.44,4.0,,1.82,41.0,,2.03,50.0,,,,,,,,,,,,,,,,,,,,,,,,,,,,,,,,,,,,,,,,,,,,,,,,,,,,,,,,,,,,,,,,,,,,,,,,,,,,,,,,,,,,,,,,,,,,,,,,,,,,,,,,,,,,,,,,,,,,,,,,,,,,,,,,,,,,,,,,,,,,,,,,,,,,,,,,,,,,,,,,,,,,,,,,,,,,,,,,,,2.0,9.0,-1.02,7.0,6.0,0.04,4.0,9.0,-0.94,8.0,5.0,-4.97,1.0,7.0,-0.43,4.0,9.0,-1.05,28.0,8.0,-2.34,36.0,9.0,-3.0,21.0,5.0,0.18,10.0,3.0,1.41,42.0,6.0,0.17,1.0,6.0,30.07,28.0,7.0,1.0,4.0,9.0,-1.57,4.0,7.0,31.03,,,,,,,,,,,,,,,,,,,,,,,,,,,,,,,,,,,VUBACAN,MAGHAIVER DA CA,160.0,56.0,3 anos e 5 meses,55.0,HCA4680,BAMBOLET DA SERROTE - NELORE PINTADO,HCA5713,214.0,75.0,SEMI-INTENSIVO
08692,BÁRBARO DA EAO,BÁRBARO EAO,Nelore PO,EAOA9063,20/08/2018,31.2,,21.63,15.0,18.78,1.0,,,1020.0,44.0,158.0,EAO Agropecuária,EAO Agropecuária e Nelore Texas,SHERLOCK MAT x NEVI DA EAO,SHERLOCK MAT,1927 DA EAO,po; ifert; carcaca-4-estrelas; car; peso; semiintensivo,https://loja.crvbrasil.com.br/semen/touros-de-corte-zebu/nelore/barbaro-da-eao-nelore,,,,,,,,,,,,,,,,,,,,,,,,,,,,,,,,,,,,,,,,,,,,,,,,,,,,,,,,,,,,,,,,84.0,79.76,31.0,75.0,0.35,14.0,77.0,2.73,16.0,47.0,-0.06,29.0,77.0,38.8,96.0,48.0,-0.66,0.1,55.0,-0.88,20.0,70.0,-0.03,65.0,84.0,11.25,18.0,85.0,24.81,11.0,87.0,23.14,14.0,81.0,1.48,9.0,80.0,76.52,23.0,56.0,56.0,2.98,15.0,55.0,4.76,13.0,187.0,21.0,51.0,7.14,20.0,82.0,1.0,81.0,,,,,,,,,,,,,,,,,,,,,,,,,,,,,,,,,,,,,,,,,,,,,,,,,,,,,,,,,,,,,,,,,,,,,,,,,,,,,,,,,,,,,,,,,,,,,,,,,,,,,,,,,,,,,,,,,,,,,,,,,,,,,,,,,,,,,,,,,,,,,,,,,,,,,,,,,,,,,,,,,,,,,,,,,,,,,,,,,,,,,,,,,,,,,,,,,,,,,,,,,,,,,,,,,,,,,,,,,,,,,,,,,,,,,,,,,,,,,,,,,,,,,,,,,,,,,,,,,,,,,,,,,,,,,,,,,,,,,,,,,,,,,,,,,,,,,,,,,,,,,,,,,,,,,,,,,,,,,,,,,,,,,,,,,,,,,,,,,,,,,,,,,,,,,,,,,,,,,,,,,,,,,,,,,,,,,,,,,,,,,,,,,,,,,49.0,1.0,4.51,62.0,2.0,2.2,22.0,2.0,1.44,45.0,2.0,-13.5,39.0,3.0,0.77,22.0,1.0,3.98,78.0,1.0,13.18,82.0,1.0,8.67,60.0,1.0,1.22,58.0,3.0,1.73,83.0,10.0,0.58,24.0,6.0,29.01,80.0,1.0,16.06,22.0,1.0,5.1,16.0,1.0,49.67,,,,,,,,,,,,,,,,,,,,,,,,,,,,,,,,,,,NEVI DA EAO,NEHRU MAT,170.0,59.0,3anos8meses,61.0,EAOA1927,BÁRBARO EAO - NELORE,RDM6023,240.0,80.0,SEMI-INTENSIVO
11107,9891 FIV DA COMETA,BARON DA COMETA,Nelore PO,FLPE9891,27/09/2022,31.2,,32.77,2.0,24.77,1.0,33.78,1.0,786.0,40.0,151.0,Nelore Cometa,Nelore Cometa,FAROL  CAMPARINO x GLOBO  CAMPARINO,FAROL  CAMPARINO,7280 DA COMETA,po; carcaca-4-estrelas; car; pnat; maternal; peso; reprodutivo; semiintensivo,https://loja.crvbrasil.com.br/semen/touros-de-corte-zebu/nelore/baron-da-cometa-nelore,,,,,,,,,,,,,,,,,,,,,,,,,,,,,,,,,,,,,,,,,,,,,,,,,,,,,,,,,,,,,,,,59.0,75.11,53.0,62.0,0.51,9.0,62.0,6.7,0.1,30.0,-0.08,19.0,44.0,40.44,88.0,51.0,-0.121,14.0,38.0,-0.46,68.0,54.0,-0.01,54.0,63.0,18.96,3.0,65.0,35.38,2.0,67.0,37.44,1.0,63.0,1.84,4.0,51.0,79.6,17.0,43.0,43.0,5.24,2.0,43.0,7.79,2.0,48.0,3.0,42.0,7.96,16.0,64.0,1.65,97.0,,,,,,,,,,,,,,,,,,,,,,,,,,,,,,,,,,,,,,,,,,,,,,,,,,,,,,,,,,,,,,,,,,,,,,,,,,,,,,,,,,,,,,,,,,,,,,,,,,,,,,,,,,,,,,,,,,,,,,,,,,,,,,,,,,,,,,,,,,,,,,,,,,,,,,,,,,,,,,,,57.0,4.96,0.1,,0.0,32.0,48.0,6.58,1.0,50.0,9.52,0.5,21.0,75.26,3.0,45.0,1.47,4.0,53.0,11.55,2.0,33.0,7.77,95.0,,55.0,0.83,17.0,43.0,2.51,11.0,50.0,17.05,0.1,59.0,1.98,1.0,48.0,0.96,99.0,53.0,28.61,0.5,56.0,0.59,21.0,,7.12,1.0,,12.6,0.5,,,,,,,,,,,,,,,,,,,,,,,,,,,,,,,,,,,,,,,,,,,,,,,,,,,,,,,,,,,,,,,,,,,,,,,,,,,,,,,,,,,,,,,,,,,,,,,,,,,,,,,,,,,,,,,,,,,,,,,,,,,,,,,,,,,,,,,,,,,,,,,,,,,,,,,,,,,,,,,,,,,,,,,,,,,,,,,,,,50.0,1.0,3.02,60.0,1.0,5.1,46.0,1.0,3.07,42.0,5.0,-4.11,50.0,2.0,1.06,46.0,1.0,5.69,62.0,1.0,23.13,65.0,1.0,14.12,60.0,1.0,1.48,50.0,1.0,3.02,68.0,10.0,0.67,27.0,2.0,37.85,63.0,1.0,27.67,46.0,1.0,5.24,19.0,1.0,51.51,,,,,,,,,,,,,,,,,,,,,,,,,,,,,,,,,,,GLOBO  CAMPARINO,FENOMENO CAMPARINO,157.0,55.0,2 anos e 1 mês,57.0,FLPE7280,BARON DA COMETA - NELORE,JHVM19015,225.0,84.0,SEMI-INTENSIVO
08884,BIGUA DA MN,BIGUÁ DA MN,Nelore PO,LBMNE2937,06/08/2018,24.8,,17.28,25.0,10.64,2.0,16.88,16.0,830.0,38.0,149.0,Fazenda Mundo Novo,Eduardo Penteado Cardoso e Outro,CARIRI DA MN x VERDI DA MN,CARIRI DA MN,E0619 DA MN,po; carcaca-4-estrelas; car; semiextensivo,https://loja.crvbrasil.com.br/semen/touros-de-corte-zebu/nelore/bigua-da-mn-nelore,,,,,,,,,,,,,,,,,,,,,,,,,,,,,,,,,,,,,,,,,,,,,,,,,,,,,,,,,,,,,,,,7.0,75.32,52.0,23.0,0.36,13.0,14.0,2.71,16.0,5.0,-0.07,26.0,40.0,55.94,3.0,17.0,-0.186,9.0,10.0,-0.95,15.0,5.0,0.07,17.0,41.0,4.05,54.0,49.0,10.38,43.0,25.0,13.97,34.0,35.0,0.56,34.0,13.0,82.73,12.0,7.0,11.0,3.2,13.0,11.0,4.81,13.0,21.0,1.0,6.0,7.33,19.0,56.0,-0.27,21.0,,,,,,,,,,,,,,,,,,,,,,,,,,,,,,,,,,,,,,,,,,,,,,,,,,,,,,,,,,,,,,,,,,,,,,,,,,,,,,,,,,,,,,,,,,,,,,,,,,,,,,,,,,,,,,,,,,,,,,,,,,,,,,,,,,,,,,,,,,,,,,,,,,,,,,,,,,,,,,,,75.0,2.37,10.0,,-0.04,6.0,74.0,3.76,12.0,75.0,3.14,32.0,21.0,70.77,6.0,73.0,1.96,1.0,76.0,0.67,63.0,33.0,-4.59,23.0,,75.0,0.04,50.0,74.0,1.22,31.0,76.0,-1.03,81.0,77.0,0.32,49.0,76.0,0.09,40.0,76.0,-0.36,75.0,56.0,1.05,9.0,,1.1,53.0,,0.66,64.0,,,,,,,,,,,,,,,,,,,,,,,,,,,,,,,,,,,,,,,,,,,,,,,,,,,,,,,,,,,,,,,,,,,,,,,,,,,,,,,,,,,,,,,,,,,,,,,,,,,,,,,,,,,,,,,,,,,,,,,,,,,,,,,,,,,,,,,,,,,,,,,,,,,,,,,,,,,,,,,,,,,,,,,,,,,,,,,,,,37.0,1.0,3.78,48.0,1.0,2.3,59.0,10.0,-1.49,36.0,4.0,-7.52,39.0,9.0,-0.96,59.0,3.0,2.0,63.0,9.0,-2.74,66.0,10.0,-3.52,60.0,8.0,-0.13,44.0,4.0,0.77,68.0,5.0,0.05,19.0,1.0,42.07,61.0,8.0,-2.73,59.0,1.0,3.98,17.0,1.0,58.79,,,,,,,,,,,,,,,,,,,,,,,,,,,,,,,,,,,VERDI DA MN,CAMPEÃO DA MN,156.0,54.0,3anos9meses,62.0,LBMNE619,BIGUA DA MN - NELORE,LBMNE180,216.0,73.0,SEMI-EXTENSIVO
09142,BITOLA DA EMA,BITOLA DA EMA,Nelore CEIP,1367320EMA,21/08/2020,18.7,,,,,,,,,,,EMA - Empresa Marinho Agrop. Pantanal,EMA - Empresa Marinho Agrop. Pantanal,ASSIS AJ x LITIO AJ,ASSIS AJ,1145017EMA,ceip; maternal; novilhas; peso; extensivo,https://loja.crvbrasil.com.br/semen/touros-de-corte-zebu/nelore/bitola-nelore,0.93,9.0,-0.14,0.92,6.0,0.0,0.93,4.0,2.13,0.91,1.0,36.44,0.91,1.0,38.57,0.91,1.0,5.16,0.93,4.0,1.04,0.91,2.0,6.2,0.53,5.0,0.23,0.92,4.0,7.91,0.89,2.0,16.08,0.78,4.0,-2.37,0.93,1.0,0.4,0.92,1.0,0.51,0.93,1.0,0.34,0.87,1.0,1.53,0.92,1.0,-1.15,0.92,1.0,0.42,0.5,1.0,16.81,0.94,5.0,0.51,0.93,4.0,0.53,,,,,,,,,,,,,,,,,,,,,,,,,,,,,,,,,,,,,,,,,,,,,,,,,,,,,,,,,,,,,,,,,,,,,,,,,,,,,,,,,,,,,,,,,,,,,,,,,,,,,,,,,,,,,,,,,,,,,,,,,,,,,,,,,,,,,,,,,,,,,,,,,,,,,,,0.93,9.0,-0.14,0.92,6.0,0.0,0.93,4.0,2.13,0.91,1.0,36.44,0.91,1.0,38.57,0.91,1.0,5.16,4.0,1.0,1.04,0.91,1.0,6.2,0.67,2.0,4.44,0.88,4.0,7.79,0.86,1.0,16.81,0.78,4.0,-2.37,0.93,1.0,0.4,0.92,1.0,0.51,0.93,1.0,0.34,0.87,1.0,1.53,0.86,1.0,-1.15,0.92,1.0,0.42,1.0,1.0,16.81,0.94,5.0,0.51,0.93,4.0,0.53,,,,,,,,,,,,,,,,,,,,,,,,,,,,,,,,,,,,,,,,,,,,,,,,,,,,,,,,,,,,,,,,,,,,,,,,,,,,,,,,,,,,,,,,,,,,,,,,,,,,,,,,,,,,,,,,,,,,,,,,,,,,,,,,,,,,,,,,,,,,,,,,,,,,,,,,,,,,,,,,,,,,,,,,,,,,,,,,,,,,,,,,,,,,,,,,,,,,,,,,,,,,,,,,,,,,,,,,,,,,,,,,,,,,,,,,,,,,,,,,,,,,,,,,,,,,,,,,,,,,,,,,,,,,,,,,,,,,,,,,,,,,,,,,,,,,,,,,,,,,,,,,,,,,,LITIO AJ,DVORAK AJ,,,-,,1145017EMA,BITOLA DA EMA - NELORE,313910AJ,,,EXTENSIVO
09037,BLINDADO 7 ESTRELAS,BLINDADO 7 ESTRELAS,Nelore PO,SETE4324,28/09/2019,33.9,,,,7.89,3.0,12.99,25.0,860.0,41.0,160.0,Nelore Sete Estrelas,Juliano Beraldo de Andrade,TRUCK ALO BRASIL x FALDAN FI,TRUCK ALO BRASIL,ANADHY 7 ESTRELAS,po; maternal; novilhas; semiintensivo,https://loja.crvbrasil.com.br/semen/touros-de-corte-zebu/nelore/blindado-7-estrelas-nelore,,,,,,,,,,,,,,,,,,,,,,,,,,,,,,,,,,,,,,,,,,,,,,,,,,,,,,,,,,,,,,,,,,,,,,,,,,,,,,,,,,,,,,,,,,,,,,,,,,,,,,,,,,,,,,,,,,,,,,,,,,,,,,,,,,,,,,,,,,,,,,,,,,,,,,,,,,,,,,,,,,,,,,,,,,,,,,,,,,,,,,,,,,,,,,,,,,,,,,,,,,,,,,,,,,,,,,,,,,,,,,,,,,,,,,,,,,,,,,,,,,,,,,,,,,,,,,,,,,,,,,,,,,,,,,,,,,,,,66.0,-0.92,84.0,,-0.02,19.0,59.0,1.83,40.0,64.0,2.23,43.0,28.0,58.18,25.0,58.0,-0.19,66.0,67.0,1.13,59.0,51.0,-3.81,28.0,,64.0,-1.29,95.0,56.0,4.58,1.0,65.0,-1.56,84.0,70.0,1.18,11.0,64.0,-0.63,1.0,67.0,-0.44,75.0,59.0,3.12,0.1,,3.5,19.0,,5.43,20.0,,,,,,,,,,,,,,,,,,,,,,,,,,,,,,,,,,,,,,,,,,,,,,,,,,,,,,,,,,,,,,,,,,,,,,,,,,,,,,,,,,,,,,,,,,,,,,,,,,,,,,,,,,,,,,,,,,,,,,,,,,,,,,,,,,,,,,,,,,,,,,,,,,,,,,,,,,,,,,,,,,,,,,,,,,,,,,,,,,58.0,9.0,-1.13,66.0,8.0,-0.75,54.0,8.0,-0.49,44.0,1.0,-20.88,59.0,10.0,-1.27,54.0,1.0,2.89,68.0,7.0,0.87,72.0,10.0,-4.29,62.0,1.0,0.86,53.0,1.0,6.1,74.0,1.0,-1.08,33.0,3.0,36.67,69.0,7.0,1.26,54.0,1.0,3.77,29.0,3.0,42.44,,,,,,,,,,,,,,,,,,,,,,,,,,,,,,,,,,,FALDAN FI,7308 PERDIZ,163.0,61.0,2anos10meses,60.0,SEEN 6996,BLINDADO 7 ESTRELAS - NELORE,MNS 3981,215.0,73.0,SEMI-INTENSIVO
08802,BOLT FC CACHOEIRÃO,BOLT CACHOEIRÃO,Nelore PO,FCCH1901,30/08/2019,18.7,,18.21,23.0,10.11,3.0,13.99,23.0,,,,Fazenda Cachoeirão,Jose Rodrigues Pereira e Irmãos,EIROS DA FC x REM UROVADOR,EIROS DA FC,FCCH 252,po; atj-plus; reprodutivo; semiextensivo,https://loja.crvbrasil.com.br/semen/touros-de-corte-zebu/nelore/bolt-fc-cachoeirao-nelore,,,,,,,,,,,,,,,,,,,,,,,,,,,,,,,,,,,,,,,,,,,,,,,,,,,,,,,,,,,,,,,,14.0,85.08,11.0,12.0,-0.1,84.0,15.0,1.85,25.0,14.0,0.03,84.0,17.0,46.42,53.0,17.0,0.138,85.0,13.0,-1.02,10.0,6.0,-0.06,82.0,23.0,10.29,21.0,26.0,19.26,19.0,13.0,17.17,25.0,17.0,0.76,27.0,14.0,72.05,33.0,11.0,11.0,2.66,19.0,16.0,4.02,20.0,0.0,0.0,6.0,6.85,22.0,34.0,1.48,95.0,,,,,,,,,,,,,,,,,,,,,,,,,,,,,,,,,,,,,,,,,,,,,,,,,,,,,,,,,,,,,,,,,,,,,,,,,,,,,,,,,,,,,,,,,,,,,,,,,,,,,,,,,,,,,,,,,,,,,,,,,,,,,,,,,,,,,,,,,,,,,,,,,,,,,,,,,,,,,,,,66.0,2.53,8.0,,0.04,83.0,43.0,2.71,25.0,65.0,3.15,32.0,22.0,58.49,24.0,40.0,0.35,38.0,67.0,6.66,14.0,30.0,-6.9,12.0,,65.0,0.06,49.0,40.0,-0.68,74.0,51.0,5.15,32.0,70.0,1.11,13.0,49.0,0.3,65.0,67.0,11.81,20.0,52.0,-0.66,73.0,,0.64,60.0,,2.11,50.0,,,,,,,,,,,,,,,,,,,,,,,,,,,,,,,,,,,,,,,,,,,,,,,,,,,,,,,,,,,,,,,,,,,,,,,,,,,,,,,,,,,,,,,,,,,,,,,,,,,,,,,,,,,,,,,,,,,,,,,,,,,,,,,,,,,,,,,,,,,,,,,,,,,,,,,,,,,,,,,,,,,,,,,,,,,,,,,,,,43.0,6.0,0.01,53.0,2.0,1.87,38.0,3.0,1.03,35.0,1.0,-17.92,44.0,5.0,0.04,38.0,4.0,1.4,54.0,5.0,3.67,57.0,4.0,4.14,50.0,4.0,0.35,44.0,6.0,-0.08,59.0,5.0,0.11,24.0,1.0,41.46,56.0,4.0,7.9,38.0,3.0,1.71,20.0,2.0,46.66,,,,,,,,,,,,,,,,,,,,,,,,,,,,,,,,,,,REM UROVADOR,HELIACO DA JAVA,,,-,,FCCH252,BOLT CACHOEIRÃO - NELORE,JCL1678,,,SEMI-EXTENSIVO
11286,2042 FIV NELORE DIAMANTE,BRUTÃO DA DIAMANTE,Nelore PO,TJL 2042,7/10/2022,32.4,,,,24.13,1.0,,,665.0,38.0,150.0,Nelore Diamante,Nelore Diamante,AVIADOR DA PEÇA RARA x KOCHI KA,AVIADOR DA PEÇA RARA,1635 NEL DIAMANTE,po; ceip; ifert; carcaca-5-estrelas; maternal; peso; reprodutivo; semiextensivo,https://loja.crvbrasil.com.br/semen/touros-de-corte-zebu/nelore/brutao-nelore-diamante-nelore,,,,,,,,,,,,,,,,,,,,,,,,,,,,,,,,,,,,,,,,,,,,,,,,,,,,,,,,,,,,,,,,,,,,,,,,,,,,,,,,,,,,,,,,,,,,,,,,,,,,,,,,,,,,,,,,,,,,,,,,,,,,,,,,,,,,,,,,,,,,,,,,,,,,,,,,,,,,,,,,,,,,,,,,,,,,,,,,,,,,,,,,,,,,,,,,,,,,,,,,,,,,,,,,,,,,,,,,,,,,,,,,,,,,,,,,,,,,,,,,,,,,,,,,,,,,,,,,,,,,,,,,,,,,,,,,,,,,,,,,,,,,,,,,,,,,,,,,,,,,,,,,,,,,,,,,,,,,,,,,,,,,,,,,,,,,,,,,,,,,,,,,,,,,,,,,,,,,,,,,,,,,,,,,,,,,,,,,,,,,,,,,,,,,,,,,,,,,,,,,,,,,,,,,,,,,,,,,,,,,,,0.76,1.0,3.2,1.72,0.0,,,,0.78,2.0,203.33,0.99,,2.0,405.38,0.88,0.37,2.0,202.1,0.67,,,,,,1.0,12.83,0.79,,,,,0.46,1.0,888.73,4.4,0.76,2.0,3.09,0.63,,,,,0.76,1.0,3.27,1.87,,,,,,,,,0.7,2.0,293.33,0.64,0.72,9.0,30.44,-0.84,,,,,,2.0,12.97,0.9,,,,,0.77,10.0,2.2,-1.79,,,,,37.0,1.0,3.29,47.0,2.0,1.79,37.0,6.0,0.41,32.0,1.0,-19.81,38.0,2.0,0.95,37.0,1.0,5.47,51.0,1.0,15.88,57.0,1.0,11.04,47.0,1.0,1.23,40.0,7.0,-0.52,59.0,10.0,0.74,20.0,1.0,54.5,53.0,1.0,19.76,37.0,1.0,6.14,15.0,1.0,65.01,,,,,,,,,,,,,,,,,,,,,,,,,,,,,,,,,,,KOCHI KA,HONKER DA PEÇA RARA,159.0,52.0,2 anos e 5 meses,53.0,TJL1635,BRUTÃO NELORE DIAMANTE - NELORE,PECA8233,210.0,72.0,SEMI-EXTENSIVO
12132,BUGATTI DA CONFIANÇA,BUGATTI DA CONFIANÇA,Nelore PO,DVD6173,17/12/2023,31.2,,33.27,2.0,31.41,1.0,41.04,0.1,632.0,38.0,147.0,Nelore Confiança,Demerval Viana David e Ricardo Bonato,D 50 DA ALO BRASIL x BACKUP,D 50 DA ALO BRASIL,4037 PO CONFIANCA,po; carcaca-3-estrelas; car; rp-ancp; maternal; peso; reprodutivo; semiintensivo,https://loja.crvbrasil.com.br/semen/touros-de-corte-zebu/nelore/bugatti-da-confianca-nelore-11367,,,,,,,,,,,,,,,,,,,,,,,,,,,,,,,,,,,,,,,,,,,,,,,,,,,,,,,,,,,,,,,,56.0,93.21,1.0,61.0,0.4,12.0,64.0,4.97,3.0,40.0,-0.05,36.0,46.0,44.17,71.0,51.0,0.33,99.0,35.0,-1.26,2.0,59.0,-0.04,71.0,62.0,16.68,5.0,63.0,35.64,2.0,65.0,32.5,3.0,62.0,1.79,5.0,50.0,91.07,4.0,42.0,42.0,5.61,2.0,42.0,8.54,1.0,0.0,0.0,42.0,12.34,2.0,62.0,1.59,97.0,,,,,,,,,,,,,,,,,,,,,,,,,,,,,,,,,,,,,,,,,,,,,,,,,,,,,,,,,,,,,,,,,,,,,,,,,,,,,,,,,,,,,,,,,,,,,,,,,,,,,,,,,,,,,,,,,,,,,,,,,,,,,,,,,,,,,,,,,,,,,,,,,,,,,,,,,,,,,,,,60.0,4.33,0.5,,0.1,99.0,50.0,6.79,0.5,59.0,10.92,0.5,21.0,78.2,2.0,48.0,0.62,24.0,61.0,20.15,0.1,38.0,-14.44,0.5,,58.0,0.53,28.0,45.0,4.78,0.5,56.0,18.4,0.1,66.0,2.29,0.5,55.0,1.56,99.0,61.0,38.55,0.1,56.0,1.77,2.0,,10.48,0.1,,15.98,0.1,,,,,,,,,,,,,,,,,,,,,,,,,,,,,,,,,,,,,,,,,,,,,,,,,,,,,,,,,,,,,,,,,,,,,,,,,,,,,,,,,,,,,,,,,,,,,,,,,,,,,,,,,,,,,,,,,,,,,,,,,,,,,,,,,,,,,,,,,,,,,,,,,,,,,,,,,,,,,,,,,,,,,,,,,,,,,,,,,,49.0,2.0,1.3,57.0,1.0,4.77,46.0,1.0,2.42,41.0,1.0,-34.91,50.0,1.0,1.21,46.0,1.0,4.7,59.0,1.0,27.57,59.0,1.0,17.66,57.0,1.0,1.46,50.0,1.0,5.55,60.0,10.0,1.32,27.0,1.0,41.76,60.0,1.0,32.36,46.0,1.0,5.71,19.0,1.0,53.9,,,,,,,,,,,,,,,,,,,,,,,,,,,,,,,,,,,BACKUP,TNT,154.0,47.0,1 ano e 10 meses,50.0,DVD4037,BUGATTI DA CONFIANÇA - NELORE,MNS10509,199.0,68.0,SEMI-INTENSIVO
09055,TELES 9030,CANAÃ TELLES PIRES,Nelore PO,FTPO9030,12/05/2020,25.9,,,,11.79,2.0,13.33,24.0,705.0,37.0,154.0,Fazenda Telles Pires,Edras Soares,REM DULLDOG x JAMANTA DA MN,REM DULLDOG,TELLES 6687,po; ifert; carcaca-3-estrelas; maternal; semiintensivo,https://loja.crvbrasil.com.br/semen/touros-de-corte-zebu/nelore/teles-9030-nelore,,,,,,,,,,,,,,,,,,,,,,,,,,,,,,,,,,,,,,,,,,,,,,,,,,,,,,,,,,,,,,,,,,,,,,,,,,,,,,,,,,,,,,,,,,,,,,,,,,,,,,,,,,,,,,,,,,,,,,,,,,,,,,,,,,,,,,,,,,,,,,,,,,,,,,,,,,,,,,,,,,,,,,,,,,,,,,,,,,,,,,,,,,,,,,,,,,,,,,,,,,,,,,,,,,,,,,,,,,,,,,,,,,,,,,,,,,,,,,,,,,,,,,,,,,,,,,,,,,,,,,,,,,,,,,,,,,,,,10.0,1.09,35.0,,0.07,99.0,49.0,3.34,17.0,16.0,1.39,54.0,25.0,68.45,8.0,45.0,0.3,40.0,31.0,-0.58,74.0,35.0,-2.67,36.0,,8.0,1.21,8.0,45.0,1.69,22.0,56.0,3.72,43.0,51.0,0.13,60.0,52.0,0.54,86.0,31.0,3.14,59.0,59.0,2.99,0.1,,3.01,24.0,,4.53,27.0,,,,,,,,,,,,,,,,,,,,,,,,,,,,,,,,,,,,,,,,,,,,,,,,,,,,,,,,,,,,,,,,,,,,,,,,,,,,,,,,,,,,,,,,,,,,,,,,,,,,,,,,,,,,,,,,,,,,,,,,,,,,,,,,,,,,,,,,,,,,,,,,,,,,,,,,,,,,,,,,,,,,,,,,,,,,,,,,,,53.0,3.0,1.1,63.0,4.0,0.79,53.0,2.0,1.45,46.0,2.0,-14.3,54.0,1.0,1.36,53.0,2.0,2.16,67.0,5.0,4.2,68.0,5.0,2.58,66.0,3.0,0.45,55.0,2.0,1.99,65.0,9.0,0.45,34.0,6.0,30.14,68.0,6.0,1.99,53.0,3.0,2.18,28.0,1.0,52.11,,,,,,,,,,,,,,,,,,,,,,,,,,,,,,,,,,,JAMANTA DA MN,REM ARMADOR,162.0,56.0,2anos1meses,58.0,FTPO 6687,CANAÃ DA TELLES PIRES - NELORE,REMC 8332,205.0,75.0,SEMI-INTENSIVO
08816,CAPITAL  DA EAO,CAPITAL EAO,Nelore PO,EAOB1830,26/08/2019,48.0,,28.52,5.0,25.89,1.0,29.1,2.0,988.0,44.0,159.0,EAO Agropecuária,EAO Agropecuária,CAMPEÃO DA MN x PLAYBOY MAT,CAMPEÃO DA MN,6823 DA EAO,po; ifert; carcaca-5-estrelas; car; maternal; peso; reprodutivo; semiextensivo,https://loja.crvbrasil.com.br/semen/touros-de-corte-zebu/nelore/capital,,,,,,,,,,,,,,,,,,,,,,,,,,,,,,,,,,,,,,,,,,,,,,,,,,,,,,,,,,,,,,,,61.0,95.72,0.1,66.0,1.43,0.1,67.0,3.2,12.0,44.0,-0.15,2.0,47.0,47.89,41.0,55.0,-0.714,0.1,43.0,-1.23,3.0,62.0,0.27,0.1,69.0,13.7,11.0,77.0,22.73,14.0,75.0,27.03,8.0,71.0,0.85,24.0,52.0,97.09,2.0,51.0,51.0,2.47,22.0,49.0,3.81,23.0,127.0,11.0,31.0,10.98,4.0,66.0,0.97,80.0,,,,,,,,,,,,,,,,,,,,,,,,,,,,,,,,,,,,,,,,,,,,,,,,,,,,,,,,,,,,,,,,,,,,,,,,,,,,,,,,,,,,,,,,,,,,,,,,,,,,,,,,,,,,,,,,,,,,,,,,,,,,,,,,,,,,,,,,,,,,,,,,,,,,,,,,,,,,,,,,71.0,2.92,5.0,,0.05,90.0,65.0,6.13,2.0,70.0,8.51,2.0,28.0,74.1,4.0,63.0,2.78,0.1,75.0,9.4,5.0,57.0,-12.7,2.0,,70.0,3.93,0.1,62.0,1.43,27.0,74.0,8.99,10.0,76.0,0.36,47.0,72.0,0.13,45.0,75.0,18.38,5.0,63.0,0.18,37.0,,3.49,19.0,,6.36,14.0,,,,,,,,,,,,,,,,,,,,,,,,,,,,,,,,,,,,,,,,,,,,,,,,,,,,,,,,,,,,,,,,,,,,,,,,,,,,,,,,,,,,,,,,,,,,,,,,,,,,,,,,,,,,,,,,,,,,,,,,,,,,,,,,,,,,,,,,,,,,,,,,,,,,,,,,,,,,,,,,,,,,,,,,,,,,,,,,,,70.0,1.0,5.55,78.0,1.0,3.3,66.0,1.0,1.94,50.0,1.0,-26.76,72.0,1.0,4.67,66.0,1.0,5.17,84.0,1.0,14.31,87.0,1.0,9.43,77.0,3.0,0.45,58.0,3.0,1.52,85.0,7.0,0.28,36.0,2.0,38.33,86.0,1.0,22.41,66.0,1.0,6.52,27.0,1.0,62.87,,,,,,,,,,,,,,,,,,,,,,,,,,,,,,,,,,,PLAYBOY MAT,HUNO DA MN,170.0,59.0,2anos9meses,62.0,EAOA6823,CAPITAL EAO - NELORE,LBMND4685,238.0,83.0,SEMI-EXTENSIVO
08468,CFM CONSAGRADO,CFM CONSAGRADO,Nelore CEIP,LG678314,02/09/2014,24.8,,,,,,,,1067.0,42.0,165.0,Agropecuária CFM,"Agropecuária CFM , Joseph Purgly e Francisco Camacho",CFM SEGREDO x CFM KRISHNA,CFM SEGREDO,LG717611,ceip; ifert; maternal; peso; reprodutivo; semiextensivo,https://loja.crvbrasil.com.br/semen/touros-de-corte-zebu/nelore/cfm-consagrado-nelore,0.98,1.0,0.26,0.98,1.0,0.37,0.98,1.0,10.78,0.98,1.0,55.61,0.98,1.0,66.39,0.98,1.0,6.91,0.98,1.0,4.62,0.98,1.0,11.52,0.94,1.0,2.49,0.98,2.0,13.82,0.98,1.0,16.96,0.97,4.0,-1.71,0.98,2.0,0.19,0.98,1.0,0.34,0.98,4.0,0.05,0.98,1.0,1.45,0.98,10.0,0.72,0.98,3.0,0.15,0.98,1.0,16.98,0.99,5.0,0.51,0.99,4.0,0.53,,,,,,,,,,,,,,,,,,,,,,,,,,,,,,,,,,,,,,,,,,,,,,,,,,,,,,,0.93,0.61,30.0,,17.41,1.0,0.9,0.39,3.0,0.9,11.29,2.0,0.77,6.86,2.0,0.9,0.58,1.0,0.93,20.72,2.0,0.91,8.94,2.0,0.93,2.08,1.0,0.91,1.34,,0.9,8.02,20.0,0.9,0.53,1.0,,,,,,,,,,,,,,,,,,,,,,,,,,,,,,,,,,,,,,,,,,,,,,,,,,,,,,,,,,,,,0.98,1.0,0.26,0.98,1.0,0.37,0.98,1.0,10.78,0.98,1.0,55.61,0.98,1.0,66.39,0.98,1.0,6.91,0.98,1.0,4.62,0.98,1.0,11.52,0.59,1.0,7.29,0.98,2.0,13.86,0.98,1.0,16.91,0.97,4.0,-1.71,0.98,2.0,0.19,0.98,1.0,0.34,0.98,4.0,0.05,0.98,1.0,1.45,0.98,10.0,0.72,0.98,3.0,0.15,0.98,1.0,16.98,0.99,5.0,0.51,0.99,4.0,0.53,,,,,,,,,,,,,,,,,,,,,,,,,,,,,,,,,,,,,,,,,,,,,,,,,,,,,,,,,,,,,,,,,,,,,,,,,,,,,,,,,,,,,,,,,,,,,,,,,,,,,,,,,,,,,,,,,,,,,,,,,,,,,,,,,,,,,,,,,,,,,,,,,,0.96,1.0,3.24,2.06,0.96,1.0,3.34,2.67,0.96,1.0,204.7,1.4,,1.0,412.42,2.03,0.96,1.0,207.77,2.47,,,1.76,2.6,,2.0,9.89,0.61,,1.0,17.33,1.12,0.79,1.0,899.9,2.53,0.96,1.0,3.18,1.27,0.96,1.0,3.33,1.97,0.96,3.0,3.04,0.28,0.93,1.0,28.86,2.4,0.95,1.0,29.49,2.94,0.96,9.0,294.99,-0.94,0.95,10.0,31.02,-1.96,0.96,2.0,3.19,1.1,,1.0,16.98,1.32,0.95,1.0,1.82,2.31,0.96,3.0,1.96,0.36,0.95,2.0,1.91,0.8,,,,,,,,,,,,,,,,,,,,,,,,,,,,,,,,,,,,,,,,,,,,,,,0.78,6.95,3.0,0.77,0.26,10.0,0.43,4.95,1.0,0.79,5.05,10.0,0.78,1.59,2.0,,,,0.78,0.31,,,,,,12.0,4.0,,14.37,2.0,,,,CFM KRISHNA,LG400105,168.0,61.0,5anos5meses,63.0,LG717611,CFM CONSAGRADO - NELORE,CH078908,242.0,85.0,SEMI-EXTENSIVO
08193,CFM DIESEL,CFM DIESEL,Nelore CEIP,LG101815,18/11/2015,24.8,,,,,,,,1107.0,48.0,161.0,Agropecuária CFM,"Agropecuária CFM, Mineração Alto das Pedras  e CRV",CONRAD AJ x PURM4311,CONRAD AJ,PU255811,ceip; ifert; maternal; peso; semiextensivo,https://loja.crvbrasil.com.br/semen/touros-de-corte-zebu/nelore/cfm-diesel-nelore,,,,,,,,,,,,,,,,,,,,,,,,,,,,,,,,,,,,,,,,,,,,,,,,,,,,,,,,,,,,,,,,,,,,,,,,,,,,,,,,,,,,,,,,,,,,,,,,,,,,,,,,,,,,,,,,,,,,,,0.9,1.99,2.0,,11.89,5.0,0.87,0.4,3.0,0.87,8.95,4.0,0.69,9.1,1.0,0.86,0.33,6.0,0.91,15.63,4.0,0.88,5.92,8.0,0.9,0.56,20.0,0.89,0.23,,0.87,10.23,20.0,0.87,0.37,5.0,,,,,,,,,,,,,,,,,,,,,,,,,,,,,,,,,,,,,,,,,,,,,,,,,,,,,,,,,,,,,,,,,,,,,,,,,,,,,,,,,,,,,,,,,,,,,,,,,,,,,,,,,,,,,,,,,,,,,,,,,,,,,,,,,,,,,,,,,,,,,,,,,,,,,,,,,,,,,,,,,,,,,,,,,,,,,,,,,,,,,,,,,,,,,,,,,,,,,,,,,,,,,,,,,,,,,,,,,,,,,,,,,,,,,,,,,,,,,,,,,,,,,,,,,,,,,,,,,,,,,,,,,,,,,,,,,,,,,,,,,,,,,,,,,,,,,,,,,,,,,,,,,,,,,,,,,,,,,,,,,,,,,,,,,,,,,,,,,,,,,,,,,,,,,,,,,,,,,,,,,,,,,,,,,,,,,,,,,,,,,,,,,,,,,,,,,,,,,,,,,,,,,,,,,,,,,,,,,,,,,,,,,,,,,,,,PURM4311,KULAL AJ,174.0,64.0,6anos6meses,70.0,PU255811,CFM DIESEL - NELORE,AJ200402,245.0,87.0,SEMI-EXTENSIVO
08315,CFM ELEITO,CFM ELEITO,Nelore CEIP,LG131016,08/09/2016,36.5,,,,,,,,1211.0,42.0,162.0,Agropecuária CFM,Agropecuária CFM,CFM BARBARO  x CFM KRISHNA,CFM BARBARO,LG287911,ceip; ifert; maternal; peso; reprodutivo; semiextensivo,https://loja.crvbrasil.com.br/semen/touros-de-corte-zebu/nelore/cfm-eleito-nelore,,1.0,0.19,,1.0,0.36,,2.0,4.72,,1.0,69.63,,1.0,74.35,,1.0,8.68,,2.0,1.91,,1.0,10.59,,4.0,0.81,0.95,8.0,-5.12,0.94,,4.22,,4.0,-2.19,,0.0,-0.3,,8.0,-0.14,,0.0,-0.19,,2.0,0.36,,5.0,-0.04,,5.0,0.0,,3.0,5.85,,8.0,0.47,,0.0,0.39,,,,,,,,,,,,,,,,,,,,,,,,,,,,,,,,,,,,,,,,,,,,,,,,,,,,,,,0.9,2.47,1.0,,16.56,1.0,0.87,0.54,1.0,0.87,16.9,0.1,0.7,6.14,3.0,0.86,0.49,2.0,0.91,24.04,1.0,0.88,8.33,3.0,0.91,0.89,10.0,0.88,0.0,,0.88,-3.29,,0.87,0.48,2.0,,,,,,,,,,,,,,,,,,,,,,,,,,,,,,,,,,,,,,,,,,,,,,,,,,,,,,,,,,,,,0.96,1.0,0.19,0.96,1.0,0.36,0.96,2.0,4.72,0.96,1.0,69.63,0.96,1.0,74.35,0.96,1.0,8.68,0.96,3.0,1.91,0.96,1.0,10.59,0.58,3.0,3.68,0.94,9.0,-5.37,0.93,7.0,4.59,0.89,4.0,-2.19,0.96,10.0,-0.3,0.96,8.0,-0.14,0.96,10.0,-0.19,0.94,2.0,0.36,0.93,5.0,-0.04,0.96,5.0,0.0,0.94,3.0,5.85,0.98,7.0,0.47,0.97,10.0,0.39,,,,,,,,,,,,,,,,,,,,,,,,,,,,,,,,,,,,,,,,,,,,,,,,,,,,,,,,,,,,,,,,,,,,,,,,,,,,,,,,,,,,,,,,,,,,,,,,,,,,,,,,,,,,,,,,,,,,,,,,,,,,,,,,,,,,,,,,,,,,,,,,,,,,,,,,,,,,,,,,,,,,,,,,,,,,,,,,,,,,,,,,,,,,,,,,,,,,,,,,,,,,,,,,,,,,,,,,,,,,,,,,,,,,,,,,,,,,,,,,,,,,,,,,,,,,,,,,,,,,,,,,,,,,,,,,,,,,0.88,10.05,0.5,0.87,0.13,30.0,0.49,3.85,4.0,0.89,3.02,25.0,0.88,0.6,20.0,,,,0.89,-0.44,15.0,,,,,13.08,2.0,,10.6,7.0,,,,CFM KRISHNA,CFM OLIMPO,180.0,64.0,3anos9meses,64.0,LG287911,CFM ELEITO - NELORE,LG926513,253.0,87.0,SEMI-EXTENSIVO
08911,CFM ELEMENTAR,CFM ELEMENTAR,Nelore CEIP,LG143216,02/09/2019,19.4,,,,,,,,1066.0,48.0,158.0,Agropecuária CFM,Agropecuária CFM,CFM PRISMA x CFM KRISHNA,CFM PRISMA,PU 2072 11,ceip; maternal; novilhas; peso; reprodutivo; semiextensivo,https://loja.crvbrasil.com.br/semen/touros-de-corte-zebu/nelore/cfm-elementar-nelore,,5.0,0.01,,3.0,0.11,,4.0,2.28,,2.0,26.09,,2.0,28.37,,2.0,2.48,,4.0,0.84,,3.0,3.32,,4.0,0.61,0.9,6.0,3.24,0.83,,8.32,,1.0,-9.29,,5.0,0.03,,7.0,-0.08,,4.0,0.08,,2.0,0.37,,2.0,-0.46,,4.0,0.08,,5.0,1.01,,7.0,0.49,,8.0,0.45,,,,,,,,,,,,,,,,,,,,,,,,,,,,,,,,,,,,,,,,,,,,,,,,,,,,,,,0.83,-0.18,,,12.35,4.0,0.77,0.32,6.0,0.76,9.25,3.0,0.59,2.7,20.0,0.76,0.56,1.0,0.84,13.33,7.0,0.78,3.23,30.0,0.84,0.89,10.0,0.79,-0.97,2.0,0.8,7.51,20.0,0.76,0.53,1.0,,,,,,,,,,,,,,,,,,,,,,,,,,,,,,,,,,,,,,,,,,,,,,,,,,,,,,,,,,,,,,,,,,,,,,,,,,,,,,,,,,,,,,,,,,,,,,,,,,,,,,,,,,,,,,,,,,,,,,,,,,,,,,,,,,,,,,,,,,,,,,,,,,,,,,,,,,,,,,,,,,,,,,,,,,,,,,,,,,,,,,,,,,,,,,,,,,,,,,,,,,,,,,,,,,,,,,,,,,,,,,,,,,,,,,,,,,,,,,,,,,,,,,,,,,,,,,,,,,,,,,,,,,,,,0.76,8.0,2.98,-0.16,0.82,1.0,3.2,1.59,0.83,6.0,199.04,-0.28,,2.0,404.24,0.69,0.82,1.0,205.25,1.67,,,5.32,0.55,,3.0,5.88,0.36,,1.0,11.4,0.74,0.25,2.0,912.6,0.4,0.76,4.0,3.02,0.14,0.82,1.0,3.22,1.33,0.76,2.0,3.09,0.61,0.51,3.0,28.12,0.34,0.83,2.0,28.41,0.82,0.76,3.0,293.67,0.32,0.84,1.0,28.74,2.43,0.82,1.0,3.25,1.46,,8.0,1.0,-0.38,0.68,9.0,2.03,-0.43,0.76,9.0,2.05,-0.46,0.67,7.0,2.0,0.02,,,,,,,,,,,,,,,,,,,,,,,,,,,,,,,,,,,,,,,,,,,,,,,,,,,,,,,,,,,,,,,,,,,,,,,,,,,,,,,,CFM KRISHNA,CFM MAX,173.0,63.0,2anos7meses,63.0,PU207211,CFM ELEMENTAR - NELORE,LG143216,249.0,88.0,SEMI-EXTENSIVO
08829,CFM EXATO,CFM EXATO,Nelore CEIP,LG296816,17/09/2016,28.3,,,,,,,,1150.0,44.0,159.0,Agropecuária CFM,Agropecuária CFM,CFM ÚNICO x CFM CH193806,CFM ÚNICO,LG846611,ceip; maternal; peso; reprodutivo; semiextensivo,https://loja.crvbrasil.com.br/semen/touros-de-corte-zebu/nelore/cfm-exato-nelore,0.95,1.0,0.3,0.93,1.0,0.38,0.95,1.0,15.21,0.93,1.0,42.85,0.93,1.0,58.07,0.93,1.0,6.01,0.95,1.0,6.72,0.93,1.0,12.73,0.43,9.0,-1.36,0.95,1.0,16.44,0.89,1.0,17.66,0.64,8.0,2.7,0.95,2.0,0.19,0.93,1.0,0.46,0.95,3.0,0.1,0.87,3.0,0.27,0.93,10.0,1.5,0.93,1.0,0.24,0.31,5.0,2.05,0.96,4.0,0.53,0.93,8.0,0.46,,,,,,,,,,,,,,,,,,,,,,,,,,,,,,,,,,,,,,,,,,,,,,,,,,,,,,,0.92,1.04,20.0,,22.76,0.1,0.89,0.7,0.1,0.89,14.42,1.0,0.76,9.58,1.0,0.89,0.85,0.1,0.93,29.19,0.1,0.9,14.1,50.0,0.93,0.84,20.0,0.91,2.13,,0.91,9.09,20.0,0.89,0.84,0.1,,,,,,,,,,,,,,,,,,,,,,,,,,,,,,,,,,,,,,,,,,,,,,,,,,,,,,,,,,,,,,,,,,,,,,,,,,,,,,,,,,,,,,,,,,,,,,,,,,,,,,,,,,,,,,,,,,,,,,,,,,,,,,,,,,,,,,,,,,,,,,,,,,,,,,,,,,,,,,,,,,,,,,,,,,,,,,,,,,,,,,,,,,,,,,,,,,,,,,,,,,,,,,,,,,,,,,,,,,,,,,,,,,,,,,,,,,,,,,,,,,,,,,,,,,,,,,,,,,,,,,,,,,,,,,,,,,,,,,,,,,,,,,,,,,,,,,,,,,,,,,,,,,,,,,,,,,,,,,,,,,,,,,,,,,,,,,,,,,,,,,,,,,,,,,,,,,,,,,,,,,,,,,,,,,,,,,,,,,,,,,,,,,,,,,,,,,,,,,,0.67,5.57,7.0,0.66,0.18,25.0,0.24,-1.44,,0.67,10.32,0.5,0.68,0.89,10.0,,,,0.71,1.0,,,,,,15.89,1.0,,12.71,3.0,,,,CFM CH193806,CFM QUOCIENTE,176.0,60.0,5anos7meses,63.0,LG846611,CFM EXATO - NELORE,LG464210,232.0,75.0,SEMI-EXTENSIVO
08669,CFM GUINESS,CFM GUINESS,Nelore CEIP,LG302118,26/09/2018,24.8,,,,,,,,1035.0,43.0,156.0,Agropecuária CFM,"Agropecuária Maragogipe, Luiz F. Boveda e CRV",CFM LG335514 x LGRM9515,CFM LG335514,LG217715,ceip; ifert; maternal; peso; reprodutivo; semiextensivo,https://loja.crvbrasil.com.br/semen/touros-de-corte-zebu/nelore/cfm-guiness-nelore,,,,,,,,,,,,,,,,,,,,,,,,,,,,,,,,,,,,,,,,,,,,,,,,,,,,,,,,,,,,,,,,,,,,,,,,,,,,,,,,,,,,,,,,,,,,,,,,,,,,,,,,,,,,,,,,,,,,,,,,,,15.7,0.5,,0.39,3.0,,5.65,7.0,,5.96,2.0,,0.46,1.0,,18.0,1.0,,9.56,0.5,,2.14,0.5,,0.6,,,16.4,4.0,,0.46,1.0,,,,,,,,,,,,,,,,,,,,,,,,,,,,,,,,,,,,,,,,,,,,,,,,,,,,,,,,,,,,,,,,,,,,,,,,,,,,,,,,,,,,,,,,,,,,,,,,,,,,,,,,,,,,,,,,,,,,,,,,,,,,,,,,,,,,,,,,,,,,,,,,,,,,,,,,,,,,,,,,,,,,,,,,,,,,,,,,,,,,,,,,,,,,,,,,,,,,,,,,,,,,,,,,,,,,,,,,,,,,,,,,,,,,,,,,,,,,,,,,,,,,,,,,,,,,,,,,,,,,,,,,,,,,,,,,,,,,,,,,,,,,,,,,,,,,,,,,,,,,,,,,,,,,,,,,,,,,,,,,,,,,,,,,,,,,,,,,,,,,,,,,,,,,,,,,,,,,,,,,,,,,,,,,,,,,,,,,,,,,,,,,,,,,,,,,,,,,,,,,,,,,,,,,,,,,,,,,,,,,,,,,,,,,,,,,LGRM9515,LG 712911,173.0,59.0,3anos8meses,64.0,LG217715,CFM GUINESS - NELORE,LG335514,228.0,74.0,SEMI-EXTENSIVO
08828,CFM HEROI,CFM HERÓI,Nelore CEIP,PU323019,24/09/2019,24.8,,,,,,,,1026.0,40.0,165.0,Agropecuária CFM,Agropecuária CFM e Rodrigo M. Barbero,CFM ASTRO x CFM TRUNFO,CFM ASTRO,PU160115,ceip; maternal; peso; semiextensivo,https://loja.crvbrasil.com.br/semen/touros-de-corte-zebu/nelore/cfm-heroi-nelore,,,,,,,,,,,,,,,,,,,,,,,,,,,,,,,,,,,,,,,,,,,,,,,,,,,,,,,,,,,,,,,,,,,,,,,,,,,,,,,,,,,,,,,,,,,,,,,,,,,,,,,,,,,,,,,,,,,,,,0.8,1.77,3.0,,15.42,2.0,0.73,0.47,2.0,0.73,10.18,2.0,0.44,6.11,3.0,0.72,0.4,4.0,0.81,22.77,1.0,0.75,9.66,1.0,0.8,0.05,50.0,0.76,1.65,,0.74,15.03,6.0,0.73,0.44,3.0,,,,,,,,,,,,,,,,,,,,,,,,,,,,,,,,,,,,,,,,,,,,,,,,,,,,,,,,,,,,,,,,,,,,,,,,,,,,,,,,,,,,,,,,,,,,,,,,,,,,,,,,,,,,,,,,,,,,,,,,,,,,,,,,,,,,,,,,,,,,,,,,,,,,,,,,,,,,,,,,,,,,,,,,,,,,,,,,,,,,,,,,,,,,,,,,,,,,,,,,,,,,,,,,,,,,,,,,,,,,,,,,,,,,,,,,,,,,,,,,,,,,,,,,,,,,,,,,,,,,,,,,,,,,,,,,,,,,,,,,,,,,,,,,,,,,,,,,,,,,,,,,,,,,,,,,,,,,,,,,,,,,,,,,,,,,,,,,,,,,,,,,,,,,,,,,,,,,,,,,,,,,,,,,,,,,,,,,,,,,,,,,,,,,,,,,,,,,,,,,,,,,,,,,,,,,,,,,,,,,,,,,,,,,,,,,CFM TRUNFO,CFM KRISHNA,169.0,63.0,2anos10meses,63.0,PU160115,CFM HERÓI - NELORE,LGT75212,238.0,77.0,SEMI-EXTENSIVO
08827,CFM HINDU,CFM HINDU,Nelore CEIP,PU318819,30/08/2019,28.3,,,,,,,,888.0,42.0,156.0,Agropecuária CFM,Agropecuária CFM e Francisco H. Oliveira,CFM EXEMPLO x CFM KRISHNA,CFM EXEMPLO,LG579114,ceip; ifert; maternal; peso; reprodutivo; semiextensivo,https://loja.crvbrasil.com.br/semen/touros-de-corte-zebu/nelore/cfm-hindu-nelore,,,,,,,,,,,,,,,,,,,,,,,,,,,,,,,,,,,,,,,,,,,,,,,,,,,,,,,,,,,,,,,,,,,,,,,,,,,,,,,,,,,,,,,,,,,,,,,,,,,,,,,,,,,,,,,,,,,,,,0.8,0.69,20.0,,14.3,3.0,0.74,0.48,2.0,0.73,8.86,4.0,0.43,6.02,3.0,0.73,0.65,1.0,0.81,15.86,4.0,0.75,5.75,8.0,0.8,1.42,3.0,0.76,0.57,,0.74,4.59,30.0,0.73,0.61,1.0,,,,,,,,,,,,,,,,,,,,,,,,,,,,,,,,,,,,,,,,,,,,,,,,,,,,,,,,,,,,,,,,,,,,,,,,,,,,,,,,,,,,,,,,,,,,,,,,,,,,,,,,,,,,,,,,,,,,,,,,,,,,,,,,,,,,,,,,,,,,,,,,,,,,,,,,,,,,,,,,,,,,,,,,,,,,,,,,,,,,,,,,,,,,,,,,,,,,,,,,,,,,,,,,,,,,,,,,,,,,,,,,,,,,,,,,,,,,,,,,,,,,,,,,,,,,,,,,,,,,,,,,,,,,,,,,,,,,,,,,,,,,,,,,,,,,,,,,,,,,,,,,,,,,,,,,,,,,,,,,,,,,,,,,,,,,,,,,,,,,,,,,,,,,,,,,,,,,,,,,,,,,,,,,,,,,,,,,,,,,,,,,,,,,,,,,,,,,,,,,,,,,,,,,,,,,,,,,,,,,,,,,,,,,,,,,CFM KRISHNA,CFM BRASAO,159.0,63.0,2anos8meses,58.0,LG579114,CFM HINDU - NELORE,LG397016,224.0,81.0,SEMI-EXTENSIVO
11315,PU007619 - CFM HULK,CFM HULK,Nelore CEIP,PU007619,26/08/2019,49.9,,,,,,,,850.0,43.0,159.0,Agropecuária CFM,Agropecuária CFM e Carlos M. V. Gonzaga,CFM ENCONTRO x CFM PRISMA,CFM ENCONTRO,LG312015,ceip; ifert; maternal; peso; reprodutivo; semiextensivo,https://loja.crvbrasil.com.br/semen/touros-de-corte-zebu/nelore/cfm-hulk-nelore,0.97,1.0,0.23,0.97,1.0,0.42,0.97,1.0,10.81,0.97,1.0,66.14,0.97,1.0,76.95,0.97,1.0,8.65,0.97,1.0,5.04,0.97,1.0,13.69,0.48,3.0,1.1,0.97,1.0,18.03,0.94,1.0,22.91,0.78,5.0,-0.04,0.97,1.0,0.28,0.97,1.0,0.57,0.97,1.0,0.27,0.95,4.0,0.17,0.96,7.0,0.17,0.97,1.0,0.51,0.35,2.0,9.02,0.99,7.0,0.49,0.98,8.0,0.46,,,,,,,,,,,,,,,,,,,,,,,,,,,,,,,,,,,,,,,,,,,,,,,,,,,,,,,0.87,1.2,9.0,,23.04,0.1,0.82,0.72,0.1,0.82,15.11,1.0,0.61,9.22,1.0,0.81,0.96,0.1,0.87,27.41,1.0,0.83,10.45,1.0,0.88,1.24,5.0,0.84,0.75,,0.84,12.3,10.0,0.81,0.88,0.1,,,,,,,,,,,,,,,,,,,,,,,,,,,,,,,,,,,,,,,,,,,,,,,,,,,,,,,,,,,,,0.97,1.0,0.23,,,,0.97,1.0,10.81,,,,,,,,,,0.97,1.0,5.04,,,,0.62,1.0,9.82,0.96,1.0,18.08,,,,,,,0.97,1.0,0.28,,,,0.97,1.0,0.27,,,,,7.0,0.17,,,,0.35,1.0,9.02,0.99,6.0,0.49,,,,,,,,,,,,,,,,,,,,,,,,,,,,,,,,,,,,,,,,,,,,,,,,,,,,,,,,,,,,,,,,,,,,,,,,,,,,,,,,,,,,,,,,,,,,,,,,,,,,,,,,,,,,,,,,,,,,,,,,,,,,,,,,,,,,,,,,,,,,,,,,,,,,,,,,,,,,,,,,,,,,,,,,,,,,,,,,,,,,,,,,,,,,,,,,,,,,,,,,,,,,,,,,,,,,,,,,,,,,,,,,,,,,,,,,,,,,,,,,,,,,,,,,,,,,,,,,,,,,,,,,,,,,,,,,,,,,,,,,,,,,,,,,,,,,,,,,,,,,,,,,,,,,,,,,CFM PRISMA,CFM URUTU,170.0,49.0,6 anos e 5 meses,57.0,LG312015,CFM HULK - NELORE,LG277216,228.0,76.0,SEMI-EXTENSIVO
09081,CFM IMPERADOR,CFM IMPERADOR,Nelore CEIP,PU397020,24/09/2020,24.8,,,,,,,,704.0,32.0,153.0,Agropecuária CFM,Agropecuária CFM  e Rodrigo M. Barbero,CFM COLOSSO x CFM SATURNO,CFM COLOSSO,PU132117,ceip; maternal; novilhas; peso; reprodutivo; semiextensivo,https://loja.crvbrasil.com.br/semen/touros-de-corte-zebu/nelore/cfm-imperador-nelore,,,,,,,,,,,,,,,,,,,,,,,,,,,,,,,,,,,,,,,,,,,,,,,,,,,,,,,,,,,,,,,,,,,,,,,,,,,,,,,,,,,,,,,,,,,,,,,,,,,,,,,,,,,,,,,,,,,,,,0.8,0.39,40.0,,16.61,1.0,0.74,0.52,1.0,0.73,15.45,1.0,0.42,7.81,1.0,0.72,0.58,1.0,0.81,20.01,2.0,0.75,3.36,30.0,0.81,0.81,20.0,0.77,-0.98,2.0,0.73,15.12,6.0,0.73,0.62,1.0,,,,,,,,,,,,,,,,,,,,,,,,,,,,,,,,,,,,,,,,,,,,,,,,,,,,,,,,,,,,,,,,,,,,,,,,,,,,,,,,,,,,,,,,,,,,,,,,,,,,,,,,,,,,,,,,,,,,,,,,,,,,,,,,,,,,,,,,,,,,,,,,,,,,,,,,,,,,,,,,,,,,,,,,,,,,,,,,,,,,,,,,,,,,,,,,,,,,,,,,,,,,,,,,,,,,,,,,,,,,,,,,,,,,,,,,,,,,,,,,,,,,,,,,,,,,,,,,,,,,,,,,,,,,,,,,,,,,,,,,,,,,,,,,,,,,,,,,,,,,,,,,,,,,,,,,,,,,,,,,,,,,,,,,,,,,,,,,,,,,,,,,,,,,,,,,,,,,,,,,,,,,,,,,,,,,,,,,,,,,,,,,,,,,,,,,,,,,,,,,,,,,,,,,,,,,,,,,,,,,,,,,,,,,,,,,CFM SATURNO,CFM SULTAO,157.0,57.0,2anos5meses,57.0,PU132117,CFM IMPERADOR - NELORE,LG619614,205.0,75.0,SEMI-EXTENSIVO
09080,CFM INVICTO,CFM INVICTO,Nelore CEIP,PU306320,08/09/2020,33.9,,,,,,,,841.0,41.0,153.0,Agropecuária CFM,Agropecuária CFM  e Carlos M. V. Gonzaga,CFM FORASTEIRO x CFM VOLT,CFM FORASTEIRO,MB503714,ceip; ifert; maternal; peso; reprodutivo; semiextensivo,https://loja.crvbrasil.com.br/semen/touros-de-corte-zebu/nelore/cfm-invicto-nelore,,,,,,,,,,,,,,,,,,,,,,,,,,,,,,,,,,,,,,,,,,,,,,,,,,,,,,,,,,,,,,,,,,,,,,,,,,,,,,,,,,,,,,,,,,,,,,,,,,,,,,,,,,,,,,,,,,,,,,0.81,1.07,20.0,,18.29,1.0,0.74,0.48,2.0,0.74,10.44,2.0,0.45,5.56,4.0,0.73,0.48,2.0,0.82,20.92,1.0,0.76,9.62,1.0,0.82,2.34,1.0,0.77,0.14,,0.77,19.2,2.0,0.74,0.42,3.0,,,,,,,,,,,,,,,,,,,,,,,,,,,,,,,,,,,,,,,,,,,,,,,,,,,,,,,,,,,,,,,,,,,,,,,,,,,,,,,,,,,,,,,,,,,,,,,,,,,,,,,,,,,,,,,,,,,,,,,,,,,,,,,,,,,,,,,,,,,,,,,,,,,,,,,,,,,,,,,,,,,,,,,,,,,,,,,,,,,,,,,,,,,,,,,,,,,,,,,,,,,,,,,,,,,,,,,,,,,,,,,,,,,,,,,,,,,,,,,,,,,,,,,,,,,,,,,,,,,,,,,,,,,,,,,,,,,,,,,,,,,,,,,,,,,,,,,,,,,,,,,,,,,,,,,,,,,,,,,,,,,,,,,,,,,,,,,,,,,,,,,,,,,,,,,,,,,,,,,,,,,,,,,,,,,,,,,,,,,,,,,,,,,,,,,,,,,,,,,,,,,,,,,,,,,,,,,,,,,,,,,,,,,,,,,,CFM VOLT,CFM LG689214,177.0,62.0,3anose6meses,61.0,MB503714,CFM INVICTO - NELORE,LG689214,236.0,77.0,SEMI-EXTENSIVO
09793,CFM JATO,CFM JATO,Nelore CEIP,LG012821,18/08/2021,31.2,,,,,,,,911.0,40.0,156.0,Agropecuária CFM,Agropecuária CFM Ltda e Carlos M. V. Gonzaga,CFM GENIAL x CFM QUORUM,CFM GENIAL,LG009315,ceip; ifert; maternal; peso; reprodutivo; semiextensivo,https://loja.crvbrasil.com.br/semen/touros-de-corte-zebu/nelore/cfm-jato-nelore,,,,,,,,,,,,,,,,,,,,,,,,,,,,,,,,,,,,,,,,,,,,,,,,,,,,,,,,,,,,,,,,,,,,,,,,,,,,,,,,,,,,,,,,,,,,,,,,,,,,,,,,,,,,,,,,,,,,,,0.84,2.04,2.0,,14.47,3.0,0.79,0.49,2.0,0.79,9.0,4.0,0.53,2.87,20.0,0.78,0.48,2.0,0.85,19.66,2.0,0.81,6.89,5.0,0.86,1.04,8.0,0.82,0.4,,0.79,10.54,20.0,0.79,0.54,1.0,,,,,,,,,,,,,,,,,,,,,,,,,,,,,,,,,,,,,,,,,,,,,,,,,,,,,,,,,,,,,,,,,,,,,,,,,,,,,,,,,,,,,,,,,,,,,,,,,,,,,,,,,,,,,,,,,,,,,,,,,,,,,,,,,,,,,,,,,,,,,,,,,,,,,,,,,,,,,,,,,,,,,,,,,,,,,,,,,,,,,,,,,,,,,,,,,,,,,,,,,,,,,,,,,,,,,,,,,,,,,,,,,,,,,,,,,,,,,,,,,,,,,,,,,,,,,,,,,,,,,,,,,,,,,,,,,,,,,,,,,,,,,,,,,,,,,,,,,,,,,,,,,,,,,,,,,,,,,,,,,,,,,,,,,,,,,,,,,,,,,,,,,,,,,,,,,,,,,,,,,,,,,,,,,,,,,,,,,,,,,,,,,,,,,,,,,,,,,,,,,,,,,,,,,,,,,,,,,,,,,,,,,,,,,,,,CFM QUORUM,CFM DIFERENTE,156.0,58.0,2anose5meses,53.0,LG009315,CFM JATO - NELORE,-,227.0,75.0,SEMI-EXTENSIVO
11089,PU179322 - CFM LAREDO,CFM LAREDO,Nelore CEIP,PU179322,22/09/2022,28.3,,,,,,,,,,,Agropecuária CFM,LEOPÉRCIO LUIZ ABRA,CFM EXATO x CFM FORASTEIRO,CFM EXATO,PU394220,ceip; maternal; peso; reprodutivo; semiextensivo,https://loja.crvbrasil.com.br/semen/touros-de-corte-zebu/nelore/cfm-laredo-nelore,,,,,,,,,,,,,,,,,,,,,,,,,,,,,,,,,,,,,,,,,,,,,,,,,,,,,,,,,,,,,,,,,,,,,,,,,,,,,,,,,,,,,,,,,,,,,,,,,,,,,,,,,,,,,,,,,,,,,,,,,,22.7,0.1,,0.66,0.1,,12.3,0.5,,9.21,0.1,,0.76,0.1,,29.8,0.1,,14.0,0.1,,1.35,3.0,,1.74,,,15.8,4.0,,0.69,0.1,,,,,,,,,,,,,,,,,,,,,,,,,,,,,,,,,,,,,,,,,,,,,,,,,,,,,,,,,,,,,,,,,,,,,,,,,,,,,,,,,,,,,,,,,,,,,,,,,,,,,,,,,,,,,,,,,,,,,,,,,,,,,,,,,,,,,,,,,,,,,,,,,,,,,,,,,,,,,,,,,,,,,,,,,,,,,,,,,,,,,,,,,,,,,,,,,,,,,,,,,,,,,,,,,,,,,,,,,,,,,,,,,,,,,,,,,,,,,,,,,,,,,,,,,,,,,,,,,,,,,,,,,,,,,,,,,,,,,,,,,,,,,,,,,,,,,,,,,,,,,,,,,,,,,,,,,,,,,,,,,,,,,,,,,,,,,,,,,,,,,,,,,,,,,,,,,,,,,,,,,,,,,,,,,,,,,,,,,,,,,,,,,,,,,,,,,,,,,,,,,,,,,,,,,,,,,,,,,,,,,,,,,,,,,,,,CFM FORASTEIRO,CFM ÚNICO,,,-,,PU394220,CFM LAREDO - NELORE,LG296816,,,SEMI-EXTENSIVO
12304,PU247023 - CFM MAJOR,CFM MAJOR,Nelore CEIP,PU247023,28/08/2023,28.3,,,,,,,,750.0,38.0,157.0,Agropecuária CFM,Agropecuária CFM e Carlos M. V. Gonzaga,CFM ILUSTRE x MBRM1115,CFM ILUSTRE,MB071015,ceip; maternal; peso; reprodutivo; semiextensivo,https://loja.crvbrasil.com.br/semen/touros-de-corte-zebu/nelore/cfm-major-nelore,,,,,,,,,,,,,,,,,,,,,,,,,,,,,,,,,,,,,,,,,,,,,,,,,,,,,,,,,,,,,,,,,,,,,,,,,,,,,,,,,,,,,,,,,,,,,,,,,,,,,,,,,,,,,,,,,,,,,,,,,,23.1,0.1,,0.73,0.1,,13.2,0.1,,7.0,0.5,,0.84,0.1,,32.3,0.1,,9.81,0.5,,1.52,2.0,,0.65,,,17.9,3.0,,0.77,0.1,,,,,,,,,,,,,,,,,,,,,,,,,,,,,,,,,,,,,,,,,,,,,,,,,,,,,,,,,,,,,,,,,,,,,,,,,,,,,,,,,,,,,,,,,,,,,,,,,,,,,,,,,,,,,,,,,,,,,,,,,,,,,,,,,,,,,,,,,,,,,,,,,,,,,,,,,,,,,,,,,,,,,,,,,,,,,,,,,,,,,,,,,,,,,,,,,,,,,,,,,,,,,,,,,,,,,,,,,,,,,,,,,,,,,,,,,,,,,,,,,,,,,,,,,,,,,,,,,,,,,,,,,,,,,,,,,,,,,,,,,,,,,,,,,,,,,,,,,,,,,,,,,,,,,,,,,,,,,,,,,,,,,,,,,,,,,,,,,,,,,,,,,,,,,,,,,,,,,,,,,,,,,,,,,,,,,,,,,,,,,,,,,,,,,,,,,,,,,,,,,,,,,,,,,,,,,,,,,,,,,,,,,,,,,,,,MBRM1115,CFM FORASTEIRO,160.0,55.0,2 anos e 3 meses,54.0,MB071015,CFM MAJOR - NELORE,-,220.0,79.0,SEMI-EXTENSIVO
07843,CFM UNICO,CFM UNICO,Nelore CEIP,LG464210,04/10/2010,24.8,,,,,,,,1067.0,,159.0,Agropecuária CFM,Agropecuária CFM e Francisco F. Camacho,CFM QUOCIENTE x SFRM6106,CFM QUOCIENTE,SF552506,ceip; peso; reprodutivo; semiintensivo,https://loja.crvbrasil.com.br/semen/touros-de-corte-zebu/nelore/cfm-unico-nelore,,,,,,,,,,,,,,,,,,,,,,,,,,,,,,,,,,,,,,,,,,,,,,,,,,,,,,,,,,,,,,,,,,,,,,,,,,,,,,,,,,,,,,,,,,,,,,,,,,,,,,,,,,,,,,,,,,,,,,0.93,0.55,30.0,,15.2,2.0,0.9,0.35,5.0,0.9,9.01,4.0,0.81,1.21,40.0,0.9,0.44,3.0,0.93,14.64,5.0,0.91,6.61,6.0,0.93,2.21,1.0,0.92,1.19,,0.9,18.65,2.0,0.9,0.41,3.0,,,,,,,,,,,,,,,,,,,,,,,,,,,,,,,,,,,,,,,,,,,,,,,,,,,,,,,,,,,,,,,,,,,,,,,,,,,,,,,,,,,,,,,,,,,,,,,,,,,,,,,,,,,,,,,,,,,,,,,,,,,,,,,,,,,,,,,,,,,,,,,,,,,,,,,,,,,,,,,,,,,,,,,,,,,,,,,,,,,,,,,,,,,,,,,,,,,,,,,,,,,,,,,,,,,,,,,,,,,,,,,,,,,,,,,,,,,,,,,,,,,,,,,,,,,,,,,,,,,,,,,,,,,,,,,,,,,,,,,,,,,,,,,,,,,,,,,,,,,,,,,,,,,,,,,,,,,,,,,,,,,,,,,,,,,,,,,,,,,,,,,,,,,,,,,,,,,,,,,,,,,,,,,,,,,,,,,,,,,,,,,,,,,,,,,,,,,,,,,,,,,,,,,,,,,,,,,,,,,,,,,,,,,,,,,,SFRM6106,CFM SF416803,180.0,54.0,5 anos e 3 meses,56.0,-,CFM ÚNICO - NELORE,SF333206,227.0,,SEMI-INTENSIVO
10013,TELLES 9910,CHEFÃO TELLES PIRES,Nelore PO,FTPO9910,18/10/2021,33.9,,,,23.74,1.0,16.97,16.0,754.0,38.0,159.0,Fazenda Telles Pires,Edras Soares,PODEROSO COL x BACKUP,PODEROSO COL,TELLES 4227,po; ifert; carcaca-3-estrelas; maternal; peso; reprodutivo; semiextensivo,https://loja.crvbrasil.com.br/semen/touros-de-corte-zebu/nelore/chefao-telles-pires-ne,,,,,,,,,,,,,,,,,,,,,,,,,,,,,,,,,,,,,,,,,,,,,,,,,,,,,,,,,,,,,,,,,,,,,,,,,,,,,,,,,,,,,,,,,,,,,,,,,,,,,,,,,,,,,,,,,,,,,,,,,,,,,,,,,,,,,,,,,,,,,,,,,,,,,,,,,,,,,,,,,,,,,,,,,,,,,,,,,,,,,,,,,,,,,,,,,,,,,,,,,,,,,,,,,,,,,,,,,,,,,,,,,,,,,,,,,,,,,,,,,,,,,,,,,,,,,,,,,,,,,,,,,,,,,,,,,,,,,53.0,0.3,56.0,,0.05,91.0,45.0,2.7,25.0,62.0,3.17,31.0,20.0,63.82,14.0,42.0,-0.32,73.0,64.0,7.5,10.0,32.0,-15.91,0.5,,51.0,-0.28,65.0,41.0,1.12,33.0,63.0,9.42,8.0,67.0,0.71,28.0,60.0,0.0,30.0,64.0,16.92,7.0,52.0,0.61,20.0,,3.87,15.0,,6.05,16.0,,,,,,,,,,,,,,,,,,,,,,,,,,,,,,,,,,,,,,,,,,,,,,,,,,,,,,,,,,,,,,,,,,,,,,,,,,,,,,,,,,,,,,,,,,,,,,,,,,,,,,,,,,,,,,,,,,,,,,,,,,,,,,,,,,,,,,,,,,,,,,,,,,,,,,,,,,,,,,,,,,,,,,,,,,,,,,,,,,45.0,5.0,0.17,54.0,2.0,1.67,41.0,6.0,0.24,39.0,1.0,-32.2,46.0,4.0,0.38,41.0,2.0,2.14,59.0,1.0,14.95,62.0,1.0,8.72,55.0,1.0,0.74,47.0,3.0,1.68,56.0,5.0,0.11,26.0,1.0,52.08,60.0,1.0,19.22,41.0,4.0,1.41,18.0,1.0,64.96,,,,,,,,,,,,,,,,,,,,,,,,,,,,,,,,,,,BACKUP,MISTERIO COL,157.0,58.0,2anos4meses,58.0,FTPO4227,CHEFÃO TELLES PIRES - NE,COLM4343,212.0,75.0,SEMI-EXTENSIVO
12131,CHUMBO DA DIAMANTE,CHUMBO DA DIAMANTE,Nelore PO,TJL2186,10/09/2023,32.4,,34.64,1.0,35.41,1.0,45.72,0.1,643.0,38.0,144.0,Nelore Diamante,Nelore Diamante e Ricardo Bonato,DIPLOMATA AGRONOVA x ZAPP  BEABISA,DIPLOMATA AGRONOVA,1850 NEL DIAMANTE,po; ifert; carcaca-5-estrelas; car; rp-ancp; maternal; peso; reprodutivo; semiextensivo,https://loja.crvbrasil.com.br/semen/touros-de-corte-zebu/nelore/chumbo-da-diamante-nelore-11369,,,,,,,,,,,,,,,,,,,,,,,,,,,,,,,,,,,,,,,,,,,,,,,,,,,,,,,,,,,,,,,,53.0,88.01,5.0,62.0,1.58,0.1,63.0,4.58,4.0,41.0,-0.05,37.0,40.0,42.83,79.0,50.0,-0.63,0.5,40.0,-1.19,4.0,55.0,0.18,2.0,63.0,19.56,2.0,66.0,31.65,4.0,66.0,33.72,3.0,60.0,2.25,2.0,44.0,99.1,1.0,44.0,45.0,3.8,8.0,43.0,5.32,10.0,0.0,0.0,51.0,12.04,2.0,61.0,0.78,71.0,,,,,,,,,,,,,,,,,,,,,,,,,,,,,,,,,,,,,,,,,,,,,,,,,,,,,,,,,,,,,,,,,,,,,,,,,,,,,,,,,,,,,,,,,,,,,,,,,,,,,,,,,,,,,,,,,,,,,,,,,,,,,,,,,,,,,,,,,,,,,,,,,,,,,,,,,,,,,,,,56.0,4.47,0.5,,0.07,98.0,47.0,7.78,0.5,56.0,11.61,0.1,23.0,93.76,0.1,44.0,2.52,0.1,58.0,13.55,0.5,34.0,-6.28,15.0,,54.0,1.94,2.0,44.0,2.57,10.0,54.0,17.95,0.1,64.0,2.03,1.0,51.0,0.41,76.0,58.0,31.5,0.1,54.0,2.32,0.5,,7.97,0.5,,13.59,0.5,,,,,,,,,,,,,,,,,,,,,,,,,,,,,,,,,,,,,,,,,,,,,,,,,,,,,,,,,,,,,,,,,,,,,,,,,,,,,,,,,,,,,,,,,,,,,,,,,,,,,,,,,,,,,,,,,,,,,,,,,,,,,,,,,,,,,,,,,,,,,,,,,,,,,,,,,,,,,,,,,,,,,,,,,,,,,,,,,,51.0,1.0,5.56,59.0,1.0,4.68,49.0,2.0,1.69,44.0,2.0,-15.17,51.0,1.0,2.38,49.0,1.0,4.31,60.0,1.0,21.95,61.0,1.0,15.74,59.0,1.0,1.42,51.0,4.0,0.8,61.0,5.0,0.11,29.0,1.0,56.83,61.0,1.0,29.45,49.0,1.0,5.24,19.0,1.0,78.74,,,,,,,,,,,,,,,,,,,,,,,,,,,,,,,,,,,ZAPP  BEABISA,REM ESPIÃO007,160.0,50.0,2 anos e 1 mês,52.0,TJL1850,CHUMBO DA DIAMANTE - NELORE,FANO2762,219.0,70.0,SEMI-EXTENSIVO
08962,CIA TESOURO AJ,CIA TESOURO AJ,Nelore CEIP,529219AJ,22/11/2019,25.9,,,,,,,,855.0,42.0,155.0,Agropecuária Jacarezinho,Agropecuária Jacarezinho,PARDO FM x ASSIS AJ,PARDO FM,302813 AJ,ceip; maternal; peso; semiextensivo,https://loja.crvbrasil.com.br/semen/touros-de-corte-zebu/nelore/cia-tesouro-aj-nelore,,2.0,0.15,,2.0,0.13,,1.0,8.85,,4.0,7.35,,3.0,16.2,,4.0,0.69,,1.0,3.87,,2.0,4.56,,5.0,0.03,0.96,4.0,7.54,0.94,,1.87,,0.0,9.15,,6.0,-0.03,,6.0,-0.02,,2.0,0.15,,5.0,0.01,,8.0,0.37,,3.0,0.16,,2.0,8.94,,2.0,0.57,,2.0,0.57,,,,,,,,,,,,,,,,,,,,,,,,,,,,,,,,,,,,,,,,,,,,,,,,,,,,,,,,,,,,,,,,,,,,,,,,,,,,,,,,,,,,,,,,,,,0.96,1.0,3.22,0.96,1.0,3.26,0.96,1.0,203.99,0.82,2.0,405.05,0.96,4.0,201.05,0.93,4.0,1.1,0.96,2.0,6.58,0.72,9.0,-3.79,0.84,4.0,908.73,0.96,6.0,2.98,0.96,5.0,3.01,0.96,2.0,3.17,0.94,9.0,27.66,0.96,6.0,294.02,0.96,9.0,30.65,0.96,3.0,3.17,0.55,1.0,18.26,0.96,1.0,1.67,0.96,1.0,1.86,0.96,2.0,1.88,,,,,,,,,,,,,,,,,,,,,,,,,,,,,,,,,,,,,,,,,,,,,,,,,,,,,,,,,,,,,,,,,,,,,,,,,,,,,,,,,,,,,,,,,,,,,,,,,,,,,,,,,,,,,,,,,,,,,,,,,,,,,,,,,,,,,,,,,,,,,,,,,,,,,,,,,,,,,,,,,,,,,,,,,,,,,,,,,,,,,,,,,,,,,,,,,,,,,,,,,,,,,,,,,,,,,,,,,,,,,,,,,,,,,,,,,,,,,,,,,,,,,,,,,,,,,,,,,,,,,,,,,,,,,,,,,,,,,,,,,,,,,,,,,,,,,,,,,,,,,,,,,,,,,,,,,,,,,,,,,,,,,,,,,,,,,,,,,,,,,,,,,,,,,,,,,,,,,,,,,,,,,,,,,,,,ASSIS AJ,BANDEIRANTE JCA,157.0,49.0,2anos7meses,56.0,302813 AJ,CIA TESOURO AJ - NELORE,74111FM,222.0,69.0,SEMI-EXTENSIVO
10938,COLORADO FM,COLORADO FM,Nelore CEIP,34722FM,17/08/2022,28.3,,,,,,,,694.0,40.0,152.0,Agropecuária Maragogipe,Agropecuária Maragogipe,CAXAMBU FM x DAKOTA AJ,CAXAMBU FM,81319FM,ceip; maternal; novilhas; peso; reprodutivo; extensivo,https://loja.crvbrasil.com.br/semen/touros-de-corte-zebu/nelore/colorado-fm-nelore,,,,,,,,,,,,,,,,,,,,,,,,,,,,,,,,,,,,,,,,,,,,,,,,,,,,,,,,,,,,,,,,,,,,,,,,,,,,,,,,,,,,,,,,,,,,,,,,,,,,,,,,,,,,,,,,,,,,,,,,,,,,,,,,,,,,,,,,,,,,,,,,,,,,,,,,,,,,,,,,,,,,,,,,,,,,,,,,,,,,,,,,,,,,,,,,,,,,,,,,,,,,,,,,,,,,,,0.79,2.0,0.14,0.79,1.0,0.24,0.79,2.0,5.19,0.79,1.0,44.3,0.79,1.0,49.49,0.79,1.0,5.83,0.79,2.0,2.61,0.79,1.0,8.44,0.59,1.0,11.44,0.79,1.0,13.57,0.77,1.0,16.83,0.65,2.0,-5.84,0.79,1.0,0.23,0.79,1.0,0.5,0.79,1.0,0.36,1.0,,0.94,0.79,1.0,-0.64,0.79,1.0,0.52,0.53,1.0,21.21,0.79,8.0,0.46,0.79,5.0,0.51,,,,,,,,,,,,,,,,,,,,,,,,,,,,,,,,,,,,,,,,,,,,,,,,,,,,,,,,,,,,,,,,,,,,,,,,,,,,,,,,,,,,,,,,,,,,,,,,,,,,,,,,,,,,,,,,,,,,,,,,,,,,,,,,,,,,,,,,,,,,,,,,,,,,,,,,,,,,,,,,,,,,,,,,,,,,,,,,,,,,,,,,,,,,,,,,,,,,,,,,,,,,,,,,,,,,,,,,,,,,,,,,,,,,,,,,,,,,,,,,,,,,,,,,,,,,,,,,,,,,,,,,,,,,,,,,,,,,,,,,,,,,,,,,,,,,,,,,,,,,,,,,,,,,,DAKOTA AJ,ASSIS AJ,157.0,50.0,2 anos e 3 meses,58.0,-,COLORADO FM - NELORE,183216FM,210.0,78.0,EXTENSIVO
09683,COLOSSO 7 ESTRELAS,COLOSSO 7 ESTRELAS,Nelore PO,SETE5021,05/12/2020,34.9,,,,21.19,1.0,20.73,9.0,1007.0,43.0,169.0,Nelore Sete Estrelas,Juliano Beraldo de Andrade,REM DANUT x PRADIP NAV.,REM DANUT,HARDYANE 7 ESTRELAS,po; ifert; carcaca-3-estrelas; maternal; peso; semiintensivo,https://loja.crvbrasil.com.br/semen/touros-de-corte-zebu/nelore/colosso-7-estrelas-ne,,,,,,,,,,,,,,,,,,,,,,,,,,,,,,,,,,,,,,,,,,,,,,,,,,,,,,,,,,,,,,,,,,,,,,,,,,,,,,,,,,,,,,,,,,,,,,,,,,,,,,,,,,,,,,,,,,,,,,,,,,,,,,,,,,,,,,,,,,,,,,,,,,,,,,,,,,,,,,,,,,,,,,,,,,,,,,,,,,,,,,,,,,,,,,,,,,,,,,,,,,,,,,,,,,,,,,,,,,,,,,,,,,,,,,,,,,,,,,,,,,,,,,,,,,,,,,,,,,,,,,,,,,,,,,,,,,,,,68.0,2.48,9.0,,0.04,86.0,62.0,4.47,7.0,67.0,5.4,11.0,26.0,68.0,9.0,61.0,-0.45,78.0,68.0,13.26,0.5,57.0,6.62,93.0,,67.0,-1.69,99.0,60.0,2.09,16.0,67.0,16.09,0.5,72.0,0.6,34.0,66.0,1.88,99.0,68.0,29.36,0.5,56.0,-1.23,90.0,,7.1,1.0,,11.0,2.0,,,,,,,,,,,,,,,,,,,,,,,,,,,,,,,,,,,,,,,,,,,,,,,,,,,,,,,,,,,,,,,,,,,,,,,,,,,,,,,,,,,,,,,,,,,,,,,,,,,,,,,,,,,,,,,,,,,,,,,,,,,,,,,,,,,,,,,,,,,,,,,,,,,,,,,,,,,,,,,,,,,,,,,,,,,,,,,,,,55.0,5.0,0.23,64.0,1.0,3.53,46.0,1.0,2.34,41.0,5.0,-4.88,56.0,10.0,-1.58,46.0,1.0,4.56,65.0,1.0,22.1,71.0,1.0,16.22,56.0,4.0,0.31,50.0,3.0,1.59,73.0,10.0,2.04,28.0,2.0,39.95,67.0,1.0,29.6,46.0,2.0,3.16,25.0,1.0,50.93,,,,,,,,,,,,,,,,,,,,,,,,,,,,,,,,,,,PRADIP NAV.,REM RICKET,175.0,61.0,3anos2meses,67.0,SETE 3650,COLOSSO 7 ESTRELAS - NELORE,REMC 8053,235.0,82.0,SEMI-INTENSIVO
10680,8293 FIV DE NAVIRAI,COMODORO DE NAVIRAÍ,Nelore PO,CSCC8293,20/09/2022,36.5,,33.23,2.0,28.12,1.0,33.75,1.0,813.0,36.0,155.0,Chácara Naviraí,Chácara Naviraí e Eduardo da Costa,ATUAL DE NAVIRAI x SHELL DE NAVIRAI,ATUAL DE NAVIRAI,272 DE NAVIRAI,po; ifert; carcaca-3-estrelas; car; maternal; peso; reprodutivo; semiintensivo,https://loja.crvbrasil.com.br/semen/touros-de-corte-zebu/nelore/comodoro-de-navirai-nelore,,,,,,,,,,,,,,,,,,,,,,,,,,,,,,,,,,,,,,,,,,,,,,,,,,,,,,,,,,,,,,,,53.0,77.08,44.0,57.0,0.29,16.0,60.0,4.5,4.0,31.0,-0.08,16.0,41.0,35.36,99.0,44.0,0.018,46.0,37.0,-0.85,23.0,52.0,-0.05,76.0,58.0,22.84,0.5,62.0,37.61,1.0,66.0,39.59,0.5,59.0,1.6,7.0,46.0,87.65,7.0,43.0,43.0,4.86,3.0,43.0,7.41,3.0,5.0,1.0,51.0,15.63,0.1,62.0,1.08,85.0,,,,,,,,,,,,,,,,,,,,,,,,,,,,,,,,,,,,,,,,,,,,,,,,,,,,,,,,,,,,,,,,,,,,,,,,,,,,,,,,,,,,,,,,,,,,,,,,,,,,,,,,,,,,,,,,,,,,,,,,,,,,,,,,,,,,,,,,,,,,,,,,,,,,,,,,,,,,,,,,59.0,2.32,11.0,,0.02,58.0,48.0,7.24,0.5,59.0,9.36,1.0,20.0,81.26,1.0,44.0,1.52,3.0,61.0,8.54,7.0,35.0,-6.31,15.0,,58.0,0.34,36.0,44.0,2.54,10.0,66.0,20.57,0.1,66.0,1.67,3.0,66.0,0.78,97.0,61.0,29.11,0.5,54.0,1.12,8.0,,8.26,0.5,,13.59,0.5,,,,,,,,,,,,,,,,,,,,,,,,,,,,,,,,,,,,,,,,,,,,,,,,,,,,,,,,,,,,,,,,,,,,,,,,,,,,,,,,,,,,,,,,,,,,,,,,,,,,,,,,,,,,,,,,,,,,,,,,,,,,,,,,,,,,,,,,,,,,,,,,,,,,,,,,,,,,,,,,,,,,,,,,,,,,,,,,,,47.0,3.0,0.87,60.0,1.0,3.8,48.0,1.0,3.33,42.0,1.0,-23.87,50.0,3.0,0.62,48.0,1.0,3.42,61.0,1.0,27.85,64.0,1.0,18.27,59.0,1.0,1.29,50.0,3.0,1.25,68.0,10.0,0.73,27.0,1.0,48.02,63.0,1.0,32.02,48.0,4.0,1.6,17.0,1.0,57.11,,,,,,,,,,,,,,,,,,,,,,,,,,,,,,,,,,,SHELL DE NAVIRAI,QUARUP BONS,150.0,55.0,1anoe10meses,48.0,CSCQ272,COMODORO DE NAVIRAI - NELORE,CSCQ364,228.0,79.0,SEMI-INTENSIVO
08459,CORINGA MAT,CORINGA DA MATINHA,Nelore PO,RDM9990,26/07/2017,36.5,,26.01,8.0,13.8,2.0,11.78,29.0,1097.0,43.0,164.0,Rancho da Matinha,Tangará Pecuária e CRV,REM ARMADOR x BACKUP,REM ARMADOR,VERGUETA MAT,po; ifert; carcaca-3-estrelas; car; peso; semiintensivo,https://loja.crvbrasil.com.br/semen/touros-de-corte-zebu/nelore/coringa-mat-nelore,,,,,,,,,,,,,,,,,,,,,,,,,,,,,,,,,,,,,,,,,,,,,,,,,,,,,,,,,,,,,,,,84.0,82.29,20.0,77.0,0.3,16.0,79.0,5.42,2.0,57.0,-0.23,0.1,80.0,38.69,97.0,73.0,0.4,100.0,62.0,-1.15,5.0,73.0,-0.01,54.0,85.0,14.18,10.0,91.0,21.66,15.0,90.0,24.68,11.0,88.0,1.16,16.0,83.0,89.56,5.0,62.0,62.0,1.84,34.0,61.0,3.9,22.0,464.0,22.0,35.0,9.52,8.0,91.0,1.8,99.0,,,,,,,,,,,,,,,,,,,,,,,,,,,,,,,,,,,,,,,,,,,,,,,,,,,,,,,,,,,,,,,,,,,,,,,,,,,,,,,,,,,,,,,,,,,,,,,,,,,,,,,,,,,,,,,,,,,,,,,,,,,,,,,,,,,,,,,,,,,,,,,,,,,,,,,,,,,,,,,,49.0,2.69,7.0,,-0.1,0.1,25.0,2.43,30.0,32.0,5.78,9.0,21.0,56.03,30.0,28.0,-1.77,99.0,64.0,7.18,12.0,29.0,-1.44,45.0,,24.0,0.72,21.0,41.0,-0.18,64.0,62.0,13.32,2.0,71.0,0.83,23.0,60.0,0.89,99.0,64.0,20.5,3.0,69.0,-0.96,83.0,,3.82,15.0,,6.59,13.0,,,,,,,,,,,,,,,,,,,,,,,,,,,,,,,,,,,,,,,,,,,,,,,,,,,,,,,,,,,,,,,,,,,,,,,,,,,,,,,,,,,,,,,,,,,,,,,,,,,,,,,,,,,,,,,,,,,,,,,,,,,,,,,,,,,,,,,,,,,,,,,,,,,,,,,,,,,,,,,,,,,,,,,,,,,,,,,,,,67.0,10.0,-3.26,75.0,1.0,4.17,67.0,1.0,2.87,68.0,4.0,-5.55,62.0,3.0,0.6,67.0,2.0,2.43,84.0,1.0,18.61,86.0,1.0,12.27,79.0,2.0,0.65,70.0,6.0,0.15,86.0,10.0,1.08,44.0,3.0,36.8,86.0,1.0,23.6,67.0,1.0,4.83,30.0,3.0,41.85,,,,,,,,,,,,,,,,,,,,,,,,,,,,,,,,,,,BACKUP,REM TORIXOREU,182.0,63.0,3anos,64.0,RDM7868,CORINGA DA MATINHA - NELORE,REMC5326,239.0,83.0,SEMI-INTENSIVO
12239,D8813 DA GREN,DECISIVO DA GREN,Nelore PO,GREND8813,17/07/2023,31.2,,28.23,6.0,27.55,1.0,34.61,1.0,770.0,40.0,151.0,Nelore Grendene,JBJ Agropecuária LTDA,SUPREMO DA GREN x REM ARMADOR,SUPREMO DA GREN,B2360  GREN,po; carcaca-5-estrelas; car; maternal; peso; reprodutivo; extensivo,https://loja.crvbrasil.com.br/semen/touros-de-corte-zebu/nelore/decisivo-gren-nelore-11371,,,,,,,,,,,,,,,,,,,,,,,,,,,,,,,,,,,,,,,,,,,,,,,,,,,,,,,,,,,,,,,,53.0,82.86,18.0,58.0,1.14,1.0,60.0,4.11,6.0,33.0,-0.17,0.5,44.0,47.73,42.0,47.0,-0.318,4.0,40.0,-0.94,15.0,54.0,0.15,4.0,63.0,13.65,11.0,66.0,27.74,7.0,68.0,27.25,8.0,63.0,1.08,18.0,49.0,90.23,5.0,47.0,47.0,4.04,7.0,46.0,5.75,7.0,0.0,0.0,57.0,8.94,11.0,65.0,1.25,90.0,,,,,,,,,,,,,,,,,,,,,,,,,,,,,,,,,,,,,,,,,,,,,,,,,,,,,,,,,,,,,,,,,,,,,,,,,,,,,,,,,,,,,,,,,,,,,,,,,,,,,,,,,,,,,,,,,,,,,,,,,,,,,,,,,,,,,,,,,,,,,,,,,,,,,,,,,,,,,,,,58.0,4.11,1.0,,0.08,99.0,50.0,7.27,0.5,58.0,9.09,1.0,23.0,76.7,3.0,46.0,3.36,0.1,59.0,8.54,7.0,36.0,-5.53,18.0,,56.0,2.08,1.0,46.0,3.43,4.0,55.0,9.62,7.0,65.0,1.22,10.0,54.0,0.4,74.0,59.0,18.16,6.0,58.0,1.27,6.0,,6.21,3.0,,9.88,3.0,,,,,,,,,,,,,,,,,,,,,,,,,,,,,,,,,,,,,,,,,,,,,,,,,,,,,,,,,,,,,,,,,,,,,,,,,,,,,,,,,,,,,,,,,,,,,,,,,,,,,,,,,,,,,,,,,,,,,,,,,,,,,,,,,,,,,,,,,,,,,,,,,,,,,,,,,,,,,,,,,,,,,,,,,,,,,,,,,,50.0,1.0,6.72,59.0,1.0,4.99,50.0,5.0,0.62,45.0,2.0,-11.92,52.0,1.0,2.08,50.0,1.0,6.01,61.0,1.0,15.88,62.0,1.0,9.88,59.0,1.0,1.04,52.0,1.0,3.85,62.0,6.0,0.17,30.0,1.0,41.56,62.0,1.0,18.77,50.0,1.0,6.12,21.0,1.0,62.52,,,,,,,,,,,,,,,,,,,,,,,,,,,,,,,,,,,REM ARMADOR,CAMPEÃO MN,152.0,50.0,2 anos e 2 meses,63.0,GRENB2360,DECISIVO GREN - NELORE,GRENA8787,232.0,80.0,EXTENSIVO
09082,DIAMANTE  DA AMARAL SANTOS,DIAMANTE AMARAL,Nelore PO,FASN470,18/08/2020,31.2,,,,25.19,1.0,31.36,2.0,850.0,40.0,159.0,Nelore Amaral Santos,"Alex S. S. Santos, Ednaldo de A. Silva e Juliana P. R. Ferreira",3.0 DA AGRONOVA x MUKESH COL,3.0 DA AGRONOVA,BONDOZA AMARAL SANTOS,po; carcaca-4-estrelas; pnat; maternal; peso; semiextensivo,https://loja.crvbrasil.com.br/semen/touros-de-corte-zebu/nelore/diamante-amaral-nelore,,,,,,,,,,,,,,,,,,,,,,,,,,,,,,,,,,,,,,,,,,,,,,,,,,,,,,,,,,,,,,,,,,,,,,,,,,,,,,,,,,,,,,,,,,,,,,,,,,,,,,,,,,,,,,,,,,,,,,,,,,,,,,,,,,,,,,,,,,,,,,,,,,,,,,,,,,,,,,,,,,,,,,,,,,,,,,,,,,,,,,,,,,,,,,,,,,,,,,,,,,,,,,,,,,,,,,,,,,,,,,,,,,,,,,,,,,,,,,,,,,,,,,,,,,,,,,,,,,,,,,,,,,,,,,,,,,,,,67.0,2.23,12.0,,0.09,99.0,63.0,8.95,0.1,69.0,11.02,0.1,25.0,80.88,2.0,61.0,1.41,4.0,71.0,7.97,9.0,57.0,-9.15,6.0,,66.0,0.9,15.0,60.0,2.25,14.0,68.0,14.2,1.0,73.0,0.7,29.0,67.0,0.24,58.0,71.0,22.17,2.0,60.0,1.26,6.0,,6.18,3.0,,10.46,2.0,,,,,,,,,,,,,,,,,,,,,,,,,,,,,,,,,,,,,,,,,,,,,,,,,,,,,,,,,,,,,,,,,,,,,,,,,,,,,,,,,,,,,,,,,,,,,,,,,,,,,,,,,,,,,,,,,,,,,,,,,,,,,,,,,,,,,,,,,,,,,,,,,,,,,,,,,,,,,,,,,,,,,,,,,,,,,,,,,,47.0,1.0,2.99,56.0,1.0,3.88,56.0,1.0,3.04,40.0,5.0,-3.95,47.0,6.0,-0.18,56.0,1.0,7.05,66.0,1.0,18.9,69.0,1.0,11.02,57.0,4.0,0.3,48.0,1.0,3.64,68.0,7.0,0.26,26.0,3.0,35.31,68.0,1.0,26.18,56.0,1.0,6.34,18.0,1.0,61.89,,,,,,,,,,,,,,,,,,,,,,,,,,,,,,,,,,,MUKESH COL,SHERLOCK MAT,168.0,66.0,3anos8meses,62.0,FASN 306,DIAMANTE AMARAL - NELORE,FANO 1509,221.0,81.0,SEMI-EXTENSIVO
10681,J2832 DA MDLO,DIAMANTE DA MODELO,Nelore PO,MDLO2832,15/08/2022,36.5,,31.89,3.0,33.35,1.0,49.23,0.1,756.0,38.0,145.0,Fazenda Modelo,Ricardo Grassano,REM HERMOSO  x REM ARMADOR,REM HERMOSO,F1068 DA MDLO,po; ifert; carcaca-5-estrelas; car; maternal; novilhas; peso; reprodutivo; semiextensivo,https://loja.crvbrasil.com.br/semen/touros-de-corte-zebu/nelore/diamante-da-modelo-nelore,,,,,,,,,,,,,,,,,,,,,,,,,,,,,,,,,,,,,,,,,,,,,,,,,,,,,,,,,,,,,,,,60.0,89.61,3.0,64.0,1.02,2.0,64.0,4.21,6.0,43.0,-0.16,1.0,46.0,47.1,48.0,53.0,-0.87,0.1,44.0,-1.43,0.5,59.0,-0.06,82.0,66.0,19.56,2.0,66.0,32.52,3.0,69.0,36.4,1.0,64.0,1.82,5.0,53.0,90.03,5.0,48.0,48.0,2.52,21.0,48.0,4.31,17.0,11.0,1.0,49.0,10.66,5.0,65.0,-0.24,22.0,,,,,,,,,,,,,,,,,,,,,,,,,,,,,,,,,,,,,,,,,,,,,,,,,,,,,,,,,,,,,,,,,,,,,,,,,,,,,,,,,,,,,,,,,,,,,,,,,,,,,,,,,,,,,,,,,,,,,,,,,,,,,,,,,,,,,,,,,,,,,,,,,,,,,,,,,,,,,,,,62.0,3.08,4.0,,0.13,99.0,55.0,7.92,0.1,62.0,12.2,0.1,24.0,95.63,0.1,50.0,4.02,0.1,64.0,16.81,0.1,37.0,-7.67,10.0,,60.0,1.36,6.0,34.0,4.15,2.0,57.0,9.83,7.0,66.0,2.47,0.5,56.0,0.14,46.0,64.0,26.64,0.5,60.0,1.93,1.0,,6.01,3.0,,11.7,1.0,,,,,,,,,,,,,,,,,,,,,,,,,,,,,,,,,,,,,,,,,,,,,,,,,,,,,,,,,,,,,,,,,,,,,,,,,,,,,,,,,,,,,,,,,,,,,,,,,,,,,,,,,,,,,,,,,,,,,,,,,,,,,,,,,,,,,,,,,,,,,,,,,,,,,,,,,,,,,,,,,,,,,,,,,,,,,,,,,,54.0,1.0,8.15,62.0,1.0,3.9,51.0,6.0,0.36,47.0,1.0,-32.52,54.0,1.0,1.46,51.0,1.0,7.19,64.0,1.0,21.6,67.0,1.0,10.35,63.0,1.0,2.29,53.0,1.0,2.8,71.0,5.0,0.11,33.0,1.0,51.81,65.0,1.0,27.37,51.0,1.0,6.64,19.0,1.0,64.65,,,,,,,,,,,,,,,,,,,,,,,,,,,,,,,,,,,REM ARMADOR,REM ESPIÃO007,165.0,48.0,2 anos e 4 meses,59.0,MDLO1068,DIAMANTE DA MODELO - NELORE,REMP 816,222.0,79.0,SEMI-EXTENSIVO
08707,DIVISOR DA MATINHA,DIVISOR DA MATINHA,Nelore PO,RDMA1731,09/10/2018,24.8,,24.64,10.0,,,21.68,8.0,838.0,42.0,159.0,Rancho da Matinha,"Tangará Pecuária e CRV, Oton Nascimento e CRV",PLAYBOY MAT x NEHRU MAT,PLAYBOY MAT,SAIZA MAT,po; carcaca-5-estrelas; car; novilhas; peso; reprodutivo; semiextensivo,https://loja.crvbrasil.com.br/semen/touros-de-corte-zebu/nelore/divisor-da-matinha-nelore,,,,,,,,,,,,,,,,,,,,,,,,,,,,,,,,,,,,,,,,,,,,,,,,,,,,,,,,,,,,,,,,57.0,93.84,0.5,59.0,0.76,4.0,61.0,5.13,3.0,42.0,-0.1,7.0,43.0,48.5,36.0,47.0,-0.13,13.0,40.0,-1.23,3.0,55.0,0.01,44.0,63.0,11.37,17.0,66.0,20.37,17.0,67.0,21.09,17.0,62.0,0.49,37.0,50.0,91.27,4.0,45.0,45.0,0.65,72.0,46.0,1.35,75.0,20.0,2.0,61.0,7.67,17.0,62.0,-0.33,18.0,,,,,,,,,,,,,,,,,,,,,,,,,,,,,,,,,,,,,,,,,,,,,,,,,,,,,,,,,,,,,,,,,,,,,,,,,,,,,,,,,,,,,,,,,,,,,,,,,,,,,,,,,,,,,,,,,,,,,,,,,,,,,,,,,,,,,,,,,,,,,,,,,,,,,,,,,,,,,,,,63.0,4.65,0.5,,-0.04,4.0,55.0,3.8,12.0,63.0,6.08,8.0,24.0,67.55,9.0,46.0,1.24,6.0,65.0,6.17,17.0,33.0,-6.75,13.0,,58.0,0.79,18.0,52.0,0.32,52.0,61.0,5.94,26.0,69.0,0.24,54.0,59.0,-0.03,28.0,65.0,12.11,19.0,60.0,0.47,25.0,,1.33,49.0,,3.39,37.0,,,,,,,,,,,,,,,,,,,,,,,,,,,,,,,,,,,,,,,,,,,,,,,,,,,,,,,,,,,,,,,,,,,,,,,,,,,,,,,,,,,,,,,,,,,,,,,,,,,,,,,,,,,,,,,,,,,,,,,,,,,,,,,,,,,,,,,,,,,,,,,,,,,,,,,,,,,,,,,,,,,,,,,,,,,,,,,,,,,,,,,,,,,,,,,,,,,,,,,,,,,,,,,,,,,,,,,,,,,,,,,,,,,,,,,,,,,,,,,,,,,,,,,,,,,,,,,,,NEHRU MAT,PROVADOR DO IZ,166.0,55.0,3anos,58.0,RDM5612,DIVISOR DA MATINHA - NELORE,RDM5049,214.0,76.0,SEMI-EXTENSIVO
08648,DODGE MAT,DODGE DA MATINHA,Nelore PO,RDMA1575,21/09/2018,31.2,,27.37,7.0,19.47,1.0,22.8,7.0,1108.0,40.0,164.0,Rancho da Matinha,Tangará Pecuária e CRV,PLAYBOY MAT x REM TORIXOREU,PLAYBOY MAT,VENUS MAT,po; carcaca-5-estrelas; rp-ancp; maternal; peso; semiintensivo,https://loja.crvbrasil.com.br/semen/touros-de-corte-zebu/nelore/dodge-mat-nelore,,,,,,,,,,,,,,,,,,,,,,,,,,,,,,,,,,,,,,,,,,,,,,,,,,,,,,,,,,,,,,,,87.0,86.13,8.0,89.0,0.79,4.0,89.0,3.66,9.0,79.0,-0.03,48.0,79.0,42.28,82.0,89.0,-0.13,13.0,70.0,-1.15,5.0,88.0,0.05,24.0,92.0,15.51,7.0,94.0,32.3,3.0,96.0,27.45,8.0,89.0,0.61,32.0,82.0,82.03,13.0,69.0,69.0,4.27,6.0,69.0,6.14,6.0,1115.0,71.0,31.0,7.19,20.0,93.0,1.39,93.0,,,,,,,,,,,,,,,,,,,,,,,,,,,,,,,,,,,,,,,,,,,,,,,,,,,,,,,,,,,,,,,,,,,,,,,,,,,,,,,,,,,,,,,,,,,,,,,,,,,,,,,,,,,,,,,,,,,,,,,,,,,,,,,,,,,,,,,,,,,,,,,,,,,,,,,,,,,,,,,,79.0,1.52,24.0,,0.15,99.0,63.0,3.73,13.0,82.0,5.87,9.0,38.0,66.03,11.0,62.0,0.73,20.0,85.0,9.03,5.0,43.0,-2.43,38.0,,76.0,1.08,11.0,66.0,2.49,11.0,81.0,16.35,0.5,89.0,0.06,63.0,79.0,0.61,90.0,85.0,25.38,1.0,70.0,0.8,15.0,,7.45,1.0,,11.36,1.0,,,,,,,,,,,,,,,,,,,,,,,,,,,,,,,,,,,,,,,,,,,,,,,,,,,,,,,,,,,,,,,,,,,,,,,,,,,,,,,,,,,,,,,,,,,,,,,,,,,,,,,,,,,,,,,,,,,,,,,,,,,,,,,,,,,,,,,,,,,,,,,,,,,,,,,,,,,,,,,,,,,,,,,,,,,,,,,,,,77.0,1.0,2.18,84.0,2.0,2.11,75.0,1.0,4.66,70.0,1.0,-19.77,76.0,1.0,1.96,75.0,1.0,3.2,87.0,1.0,23.05,89.0,1.0,14.78,83.0,6.0,0.03,77.0,1.0,3.75,89.0,10.0,0.72,38.0,1.0,45.72,88.0,1.0,26.77,75.0,2.0,2.35,27.0,4.0,40.35,,,,,,,,,,,,,,,,,,,,,,,,,,,,,,,,,,,REM TORIXOREU,PROVADOR DO IZ,182.0,65.0,3anos7meses,67.0,RDM7751,DODGE DA MATINHA - NELORE,RDM5049,246.0,81.0,SEMI-INTENSIVO
10056,DUNGA JRR,DUNGA JRR,Nelore PO,JJSS89,05/11/2020,31.2,,,,19.85,1.0,21.88,8.0,810.0,39.0,155.0,Nelore JRR,Nelore JRR,KOCHI KA x POKEMOM NAV.,KOCHI KA,RIVEIROA COL,po; carcaca-5-estrelas; peso; reprodutivo; semiextensivo,https://loja.crvbrasil.com.br/semen/touros-de-corte-zebu/nelore/dunga-jrr-ne,,,,,,,,,,,,,,,,,,,,,,,,,,,,,,,,,,,,,,,,,,,,,,,,,,,,,,,,,,,,,,,,,,,,,,,,,,,,,,,,,,,,,,,,,,,,,,,,,,,,,,,,,,,,,,,,,,,,,,,,,,,,,,,,,,,,,,,,,,,,,,,,,,,,,,,,,,,,,,,,,,,,,,,,,,,,,,,,,,,,,,,,,,,,,,,,,,,,,,,,,,,,,,,,,,,,,,,,,,,,,,,,,,,,,,,,,,,,,,,,,,,,,,,,,,,,,,,,,,,,,,,,,,,,,,,,,,,,,56.0,3.53,2.0,,0.05,90.0,49.0,4.06,10.0,56.0,5.73,9.0,25.0,67.03,10.0,45.0,1.35,5.0,58.0,4.72,27.0,35.0,-11.27,3.0,,54.0,0.57,26.0,44.0,-0.32,67.0,54.0,9.43,8.0,63.0,1.41,6.0,53.0,0.25,59.0,58.0,14.15,13.0,55.0,0.79,15.0,,2.38,33.0,,4.18,30.0,,,,,,,,,,,,,,,,,,,,,,,,,,,,,,,,,,,,,,,,,,,,,,,,,,,,,,,,,,,,,,,,,,,,,,,,,,,,,,,,,,,,,,,,,,,,,,,,,,,,,,,,,,,,,,,,,,,,,,,,,,,,,,,,,,,,,,,,,,,,,,,,,,,,,,,,,,,,,,,,,,,,,,,,,,,,,,,,,,48.0,2.0,1.58,56.0,1.0,3.87,54.0,6.0,0.25,42.0,1.0,-23.63,48.0,2.0,1.09,54.0,1.0,4.24,58.0,1.0,13.65,59.0,1.0,8.97,56.0,1.0,1.14,50.0,7.0,-0.27,61.0,6.0,0.19,30.0,1.0,48.37,59.0,1.0,15.94,54.0,1.0,4.49,23.0,1.0,55.24,,,,,,,,,,,,,,,,,,,,,,,,,,,,,,,,,,,POKEMOM NAV.,BACKUP,173.0,67.0,3anos4meses,62.0,COL25814,DUNGA JRR - NELORE,KAPO330,224.0,81.0,SEMI-EXTENSIVO
11914,7406 FIV DA JACAMIM,EFETIVO DA JACAMIM,Nelore PO,MMVA7406,18/09/2023,31.2,,37.47,0.1,33.25,1.0,43.73,0.1,686.0,39.0,155.0,Fazenda Jacamim,Fazenda Jacamim e Francielly Q. Carvalho,ROLEX TERRA BRAVA x ZERO UM DA JACAMIM,ROLEX TERRA BRAVA,5788  DA JACAMIM,po; carcaca-5-estrelas; maternal; peso; reprodutivo; semiintensivo,https://loja.crvbrasil.com.br/semen/touros-de-corte-zebu/nelore/efetivo-da-jacamim-nelore,,,,,,,,,,,,,,,,,,,,,,,,,,,,,,,,,,,,,,,,,,,,,,,,,,,,,,,,,,,,,,,,55.0,83.32,16.0,62.0,0.84,3.0,63.0,6.78,0.1,33.0,-0.01,62.0,41.0,42.49,81.0,53.0,0.211,94.0,35.0,-1.05,9.0,60.0,0.21,1.0,62.0,21.83,1.0,64.0,39.96,0.5,65.0,44.06,0.1,60.0,1.15,16.0,45.0,88.69,6.0,42.0,42.0,5.86,1.0,42.0,8.35,1.0,0.0,0.0,51.0,11.51,3.0,62.0,2.03,100.0,,,,,,,,,,,,,,,,,,,,,,,,,,,,,,,,,,,,,,,,,,,,,,,,,,,,,,,,,,,,,,,,,,,,,,,,,,,,,,,,,,,,,,,,,,,,,,,,,,,,,,,,,,,,,,,,,,,,,,,,,,,,,,,,,,,,,,,,,,,,,,,,,,,,,,,,,,,,,,,,61.0,5.12,0.1,,0.14,99.0,48.0,8.86,0.1,60.0,13.48,0.1,25.0,77.69,2.0,45.0,2.5,0.1,62.0,19.03,0.1,35.0,0.47,60.0,,60.0,-0.1,57.0,46.0,6.47,0.1,54.0,21.15,0.1,67.0,0.67,30.0,52.0,1.66,99.0,62.0,40.19,0.1,56.0,1.24,6.0,,13.18,0.1,,19.47,0.1,,,,,,,,,,,,,,,,,,,,,,,,,,,,,,,,,,,,,,,,,,,,,,,,,,,,,,,,,,,,,,,,,,,,,,,,,,,,,,,,,,,,,,,,,,,,,,,,,,,,,,,,,,,,,,,,,,,,,,,,,,,,,,,,,,,,,,,,,,,,,,,,,,,,,,,,,,,,,,,,,,,,,,,,,,,,,,,,,,52.0,1.0,3.79,61.0,1.0,5.2,51.0,1.0,5.59,44.0,4.0,-5.91,53.0,2.0,1.04,51.0,1.0,7.87,62.0,1.0,33.27,63.0,1.0,19.96,61.0,3.0,0.5,52.0,1.0,6.67,64.0,10.0,1.51,28.0,2.0,40.21,64.0,1.0,41.2,51.0,1.0,7.84,16.0,1.0,56.69,,,,,,,,,,,,,,,,,,,,,,,,,,,,,,,,,,,ZERO UM DA JACAMIM,REM GLADIADOR,156.0,54.0,3 anos,54.0,MMVA5788,EFETIVO DA JACAMIM - NELORE,EPCF4353,214.0,76.0,SEMI-INTENSIVO
11001,EIKO DA BEABISA,EIKO DA BEABISA,Nelore PO,BRMG5004,18/09/2022,31.2,,33.21,2.0,26.65,1.0,38.69,0.5,760.0,41.0,152.0,Fazenda Beabisa,"Gilberto A. Honorio, Renato Raite",LUCK KATISPERA x ZAPP BEABISA,LUCK KATISPERA,ANA DA BEABISA,po; carcaca-5-estrelas; maternal; peso; reprodutivo; semiintensivo,https://loja.crvbrasil.com.br/semen/touros-de-corte-zebu/nelore/eiko-da-beabisa-nelore,,,,,,,,,,,,,,,,,,,,,,,,,,,,,,,,,,,,,,,,,,,,,,,,,,,,,,,,,,,,,,,,51.0,86.12,8.0,61.0,0.48,9.0,61.0,4.15,6.0,39.0,-0.01,61.0,41.0,48.85,33.0,48.0,-0.04,26.0,37.0,-1.21,3.0,53.0,0.09,11.0,59.0,19.51,2.0,63.0,34.37,2.0,63.0,33.39,3.0,60.0,2.34,1.0,42.0,90.53,5.0,42.0,42.0,5.13,3.0,42.0,6.89,4.0,0.0,0.0,45.0,10.09,6.0,59.0,1.26,90.0,,,,,,,,,,,,,,,,,,,,,,,,,,,,,,,,,,,,,,,,,,,,,,,,,,,,,,,,,,,,,,,,,,,,,,,,,,,,,,,,,,,,,,,,,,,,,,,,,,,,,,,,,,,,,,,,,,,,,,,,,,,,,,,,,,,,,,,,,,,,,,,,,,,,,,,,,,,,,,,,56.0,3.2,4.0,,0.13,99.0,47.0,7.79,0.5,55.0,9.74,0.5,24.0,86.19,0.5,45.0,2.24,0.5,57.0,11.36,2.0,35.0,-8.89,6.0,,53.0,0.97,13.0,44.0,3.18,5.0,53.0,14.75,0.5,62.0,2.37,0.5,52.0,0.78,97.0,57.0,26.1,0.5,53.0,1.44,4.0,,7.11,1.0,,11.42,1.0,,,,,,,,,,,,,,,,,,,,,,,,,,,,,,,,,,,,,,,,,,,,,,,,,,,,,,,,,,,,,,,,,,,,,,,,,,,,,,,,,,,,,,,,,,,,,,,,,,,,,,,,,,,,,,,,,,,,,,,,,,,,,,,,,,,,,,,,,,,,,,,,,,,,,,,,,,,,,,,,,,,,,,,,,,,,,,,,,,50.0,1.0,2.42,58.0,1.0,3.14,48.0,6.0,0.32,43.0,1.0,-24.17,50.0,2.0,0.8,48.0,1.0,4.22,59.0,1.0,22.41,59.0,1.0,15.25,57.0,1.0,1.55,50.0,2.0,2.01,62.0,10.0,0.84,28.0,1.0,40.76,60.0,1.0,27.43,48.0,1.0,6.25,17.0,1.0,55.74,,,,,,,,,,,,,,,,,,,,,,,,,,,,,,,,,,,ZAPP BEABISA,REM DANUT,150.0,49.0,2 anos e 2 meses,50.0,BRMG3398,EIKO DA BEABISA - NELORE,KAT3881,217.0,77.0,SEMI-INTENSIVO
09371,I2230 DA MODELO,EMBU DA MODELO,Nelore PO,MDLO2230,16/08/2021,45.4,,34.55,1.0,37.39,1.0,48.17,0.1,851.0,40.0,165.0,Fazenda Modelo,Ricardo Grassano,EL ZORRERO SINO x REM ARMADOR,EL ZORRERO SINO,ELIZANDRA,po; ifert; carcaca-5-estrelas; car; rp-ancp; maternal; peso; reprodutivo; semiintensivo,https://loja.crvbrasil.com.br/semen/touros-de-corte-zebu/nelore/embu-da-modelo-nelore,,,,,,,,,,,,,,,,,,,,,,,,,,,,,,,,,,,,,,,,,,,,,,,,,,,,,,,,,,,,,,,,75.0,85.67,9.0,62.0,0.11,33.0,63.0,6.93,0.1,42.0,-0.19,0.1,66.0,33.2,100.0,50.0,0.48,100.0,43.0,-1.27,2.0,58.0,0.05,24.0,71.0,22.72,0.5,73.0,46.46,0.1,69.0,37.99,1.0,64.0,1.61,7.0,68.0,83.85,10.0,46.0,46.0,4.27,6.0,44.0,6.4,5.0,192.0,15.0,47.0,9.61,8.0,70.0,2.46,100.0,,,,,,,,,,,,,,,,,,,,,,,,,,,,,,,,,,,,,,,,,,,,,,,,,,,,,,,,,,,,,,,,,,,,,,,,,,,,,,,,,,,,,,,,,,,,,,,,,,,,,,,,,,,,,,,,,,,,,,,,,,,,,,,,,,,,,,,,,,,,,,,,,,,,,,,,,,,,,,,,63.0,8.38,0.1,,0.04,88.0,51.0,7.15,0.5,60.0,10.06,0.5,23.0,87.04,0.5,50.0,0.9,14.0,65.0,19.95,0.1,34.0,-9.66,5.0,,55.0,0.99,13.0,44.0,5.42,0.5,63.0,21.74,0.1,69.0,1.78,2.0,62.0,1.59,99.0,65.0,41.69,0.1,57.0,2.17,0.5,,12.47,0.1,,18.46,0.1,,,,,,,,,,,,,,,,,,,,,,,,,,,,,,,,,,,,,,,,,,,,,,,,,,,,,,,,,,,,,,,,,,,,,,,,,,,,,,,,,,,,,,,,,,,,,,,,,,,,,,,,,,,,,,,,,,,,,,,,,,,,,,,,,,,,,,,,,,,,,,,,,,,,,,,,,,,,,,,,,,,,,,,,,,,,,,,,,,61.0,2.0,1.57,69.0,1.0,9.33,54.0,1.0,3.64,43.0,2.0,-14.93,56.0,2.0,0.86,54.0,1.0,7.26,72.0,1.0,33.3,75.0,1.0,20.3,69.0,1.0,1.02,52.0,1.0,5.03,77.0,10.0,1.95,29.0,1.0,49.82,73.0,1.0,39.45,54.0,1.0,7.09,18.0,1.0,65.48,,,,,,,,,,,,,,,,,,,,,,,,,,,,,,,,,,,REM ARMADOR,REM ESPIÃO007,171.0,64.0,2anose5meses,61.0,MDLO 629,EMBU DA MODELO - NELORE,SINO 1730,224.0,79.0,SEMI-INTENSIVO
09742,18643 DA AGUA FRIA,ENDURO ÁGUA FRIA,Nelore PO,JCGG18643,01/08/2021,31.2,,27.19,7.0,30.17,1.0,34.23,1.0,,,,Nelore Agua Fria,João Carlos Guimarães Giffoni Filho,ZAPP BEABISA x DONATO NAV.,ZAPP BEABISA,JG-8138 DA AGUA FRIA,po; carcaca-4-estrelas; rp-ancp; maternal; peso; reprodutivo; semiextensivo,https://loja.crvbrasil.com.br/semen/touros-de-corte-zebu/nelore/enduro-nelore,,,,,,,,,,,,,,,,,,,,,,,,,,,,,,,,,,,,,,,,,,,,,,,,,,,,,,,,,,,,,,,,59.0,84.87,11.0,63.0,0.68,5.0,64.0,3.35,11.0,37.0,0.08,100.0,51.0,50.23,23.0,51.0,-0.03,28.0,43.0,-1.06,8.0,54.0,0.01,44.0,68.0,12.62,13.0,66.0,27.42,7.0,67.0,24.73,11.0,61.0,1.09,17.0,54.0,89.02,6.0,47.0,47.0,5.07,3.0,46.0,6.53,5.0,100.0,4.0,30.0,11.21,4.0,78.0,0.76,70.0,,,,,,,,,,,,,,,,,,,,,,,,,,,,,,,,,,,,,,,,,,,,,,,,,,,,,,,,,,,,,,,,,,,,,,,,,,,,,,,,,,,,,,,,,,,,,,,,,,,,,,,,,,,,,,,,,,,,,,,,,,,,,,,,,,,,,,,,,,,,,,,,,,,,,,,,,,,,,,,,57.0,2.71,7.0,,0.12,99.0,49.0,5.13,4.0,17.0,7.52,3.0,24.0,85.06,0.5,47.0,1.67,2.0,21.0,9.05,5.0,33.0,-4.04,27.0,,55.0,-0.28,65.0,45.0,3.4,4.0,27.0,14.07,1.0,32.0,1.37,7.0,39.0,0.6,89.0,21.0,23.12,2.0,58.0,1.6,3.0,,7.35,1.0,,12.03,1.0,,,,,,,,,,,,,,,,,,,,,,,,,,,,,,,,,,,,,,,,,,,,,,,,,,,,,,,,,,,,,,,,,,,,,,,,,,,,,,,,,,,,,,,,,,,,,,,,,,,,,,,,,,,,,,,,,,,,,,,,,,,,,,,,,,,,,,,,,,,,,,,,,,,,,,,,,,,,,,,,,,,,,,,,,,,,,,,,,,57.0,1.0,3.94,65.0,1.0,3.11,50.0,1.0,3.58,45.0,1.0,-17.54,51.0,7.0,-0.44,50.0,1.0,5.8,63.0,1.0,22.21,64.0,1.0,14.33,59.0,1.0,1.03,52.0,1.0,4.93,64.0,9.0,0.44,32.0,1.0,45.19,64.0,1.0,27.21,50.0,1.0,6.12,26.0,1.0,63.16,,,,,,,,,,,,,,,,,,,,,,,,,,,,,,,,,,,DONATO NAV.,REM ARMADOR,,,-,,JCGG 8138,ENDURO DA ÁGUA FRIA  - NELORE,BRMG 2299,,,SEMI-EXTENSIVO
09743,19113 DA AGUA FRIA,ESCORPIÃO ÁGUA FRIA,Nelore PO,JCGG19113,16/08/2021,31.2,,28.71,5.0,21.32,1.0,29.87,2.0,780.0,42.0,163.0,Nelore Agua Fria,João Carlos Guimarães Giffoni Filho,CARANDAH MAT x REM USP,CARANDAH MAT,JG-9188 DA AGUA FRIA,po; carcaca-5-estrelas; maternal; novilhas; peso; reprodutivo; semiextensivo,https://loja.crvbrasil.com.br/semen/touros-de-corte-zebu/nelore/escorpiao-nelore,,,,,,,,,,,,,,,,,,,,,,,,,,,,,,,,,,,,,,,,,,,,,,,,,,,,,,,,,,,,,,,,57.0,83.4,16.0,62.0,0.17,24.0,63.0,3.87,7.0,42.0,-0.05,35.0,51.0,46.81,50.0,51.0,-0.28,5.0,43.0,-0.61,48.0,57.0,-0.05,76.0,67.0,20.76,1.0,69.0,32.18,3.0,68.0,35.47,2.0,64.0,1.4,11.0,50.0,85.59,8.0,46.0,46.0,1.84,34.0,47.0,4.22,18.0,77.0,2.0,49.0,9.32,9.0,67.0,0.53,57.0,,,,,,,,,,,,,,,,,,,,,,,,,,,,,,,,,,,,,,,,,,,,,,,,,,,,,,,,,,,,,,,,,,,,,,,,,,,,,,,,,,,,,,,,,,,,,,,,,,,,,,,,,,,,,,,,,,,,,,,,,,,,,,,,,,,,,,,,,,,,,,,,,,,,,,,,,,,,,,,,34.0,3.07,4.0,,0.15,99.0,48.0,6.55,1.0,31.0,7.79,3.0,24.0,78.72,2.0,45.0,1.13,8.0,42.0,7.59,10.0,35.0,-6.64,13.0,,22.0,0.87,16.0,44.0,2.41,12.0,54.0,11.08,4.0,51.0,0.85,22.0,33.0,-0.02,29.0,42.0,18.67,5.0,55.0,1.62,3.0,,5.22,6.0,,9.5,3.0,,,,,,,,,,,,,,,,,,,,,,,,,,,,,,,,,,,,,,,,,,,,,,,,,,,,,,,,,,,,,,,,,,,,,,,,,,,,,,,,,,,,,,,,,,,,,,,,,,,,,,,,,,,,,,,,,,,,,,,,,,,,,,,,,,,,,,,,,,,,,,,,,,,,,,,,,,,,,,,,,,,,,,,,,,,,,,,,,,57.0,1.0,2.12,65.0,1.0,3.43,56.0,2.0,1.42,44.0,5.0,-3.14,50.0,2.0,1.05,56.0,1.0,4.29,62.0,1.0,16.31,63.0,1.0,9.0,59.0,1.0,0.75,51.0,1.0,2.6,64.0,2.0,-0.18,32.0,3.0,36.68,63.0,1.0,20.08,56.0,1.0,3.93,20.0,1.0,58.3,,,,,,,,,,,,,,,,,,,,,,,,,,,,,,,,,,,REM USP,VERNON MAT,166.0,60.0,2anose5meses,62.0,JCGG 9188,ESCORPIÃO DA ÁGUA FRIA - NELORE,RDM A83,215.0,76.0,SEMI-EXTENSIVO
11667,ESTOURO 7 ESTRELAS,ESTOURO 7 ESTRELAS,Nelore PO,SETE5873,12/07/2022,34.9,,,,15.04,1.0,17.56,15.0,900.0,44.0,161.0,Nelore Sete Estrelas,Juliano Beraldo de Andrade,REM HERCULES x CALIBRE CAMPARINO,REM HERCULES,JACARACI 7 ESTRELAS,po; ifert; peso; reprodutivo; semiintensivo,https://loja.crvbrasil.com.br/semen/touros-de-corte-zebu/nelore/estouro-7-estrelas-nelore-11377,,,,,,,,,,,,,,,,,,,,,,,,,,,,,,,,,,,,,,,,,,,,,,,,,,,,,,,,,,,,,,,,,,,,,,,,,,,,,,,,,,,,,,,,,,,,,,,,,,,,,,,,,,,,,,,,,,,,,,,,,,,,,,,,,,,,,,,,,,,,,,,,,,,,,,,,,,,,,,,,,,,,,,,,,,,,,,,,,,,,,,,,,,,,,,,,,,,,,,,,,,,,,,,,,,,,,,,,,,,,,,,,,,,,,,,,,,,,,,,,,,,,,,,,,,,,,,,,,,,,,,,,,,,,,,,,,,,,,57.0,-3.25,99.0,,0.13,99.0,47.0,5.49,3.0,55.0,5.99,8.0,25.0,72.89,5.0,45.0,0.08,52.0,58.0,11.2,2.0,34.0,11.79,99.0,,55.0,-0.2,61.0,44.0,1.1,34.0,53.0,14.59,1.0,64.0,1.03,15.0,52.0,1.48,99.0,58.0,25.79,0.5,55.0,-0.11,50.0,,5.78,4.0,,8.77,5.0,,,,,,,,,,,,,,,,,,,,,,,,,,,,,,,,,,,,,,,,,,,,,,,,,,,,,,,,,,,,,,,,,,,,,,,,,,,,,,,,,,,,,,,,,,,,,,,,,,,,,,,,,,,,,,,,,,,,,,,,,,,,,,,,,,,,,,,,,,,,,,,,,,,,,,,,,,,,,,,,,,,,,,,,,,,,,,,,,,46.0,5.0,0.13,57.0,10.0,-1.65,46.0,1.0,3.17,42.0,9.0,6.19,49.0,9.0,-0.97,46.0,1.0,4.03,58.0,1.0,21.43,58.0,1.0,15.19,56.0,1.0,0.91,49.0,6.0,0.17,59.0,10.0,1.24,28.0,1.0,43.43,59.0,1.0,27.09,46.0,1.0,6.12,19.0,2.0,45.81,,,,,,,,,,,,,,,,,,,,,,,,,,,,,,,,,,,CALIBRE CAMPARINO,REM CALDONEGRO,170.0,55.0,2 anos e 10 meses,53.0,SETE4628,ESTOURO 7 ESTRELAS - NELORE,REM 10447,219.0,81.0,SEMI-INTENSIVO
09689,B6834  DA EAO,EXITO EAO,Nelore PO,EAOB6834,02/08/2021,34.9,,30.1,4.0,30.6,1.0,33.89,1.0,741.0,42.0,157.0,EAO Agropecuária,EAO Agropecuária e Terezinha de J.B. Vasconcelos,REM GARANTIDO x REM USP,REM GARANTIDO,6185  DA EAO,po; ifert; carcaca-5-estrelas; car; peso; reprodutivo; semiextensivo,https://loja.crvbrasil.com.br/semen/touros-de-corte-zebu/nelore/exito-eao-nelore,,,,,,,,,,,,,,,,,,,,,,,,,,,,,,,,,,,,,,,,,,,,,,,,,,,,,,,,,,,,,,,,59.0,87.52,5.0,65.0,0.44,11.0,66.0,2.57,18.0,49.0,-0.08,16.0,44.0,41.15,86.0,56.0,-0.039,26.0,46.0,-1.12,6.0,63.0,0.09,11.0,66.0,20.87,1.0,71.0,39.7,0.5,69.0,36.41,1.0,67.0,2.85,0.1,50.0,86.24,8.0,49.0,49.0,2.81,17.0,49.0,4.65,14.0,0.0,0.0,54.0,12.21,2.0,65.0,1.35,92.0,,,,,,,,,,,,,,,,,,,,,,,,,,,,,,,,,,,,,,,,,,,,,,,,,,,,,,,,,,,,,,,,,,,,,,,,,,,,,,,,,,,,,,,,,,,,,,,,,,,,,,,,,,,,,,,,,,,,,,,,,,,,,,,,,,,,,,,,,,,,,,,,,,,,,,,,,,,,,,,,61.0,1.78,19.0,,0.04,81.0,52.0,5.55,3.0,61.0,7.58,3.0,25.0,88.35,0.5,48.0,1.21,7.0,62.0,10.04,3.0,38.0,-11.03,3.0,,59.0,0.1,47.0,48.0,1.35,29.0,58.0,16.05,0.5,68.0,2.81,0.1,56.0,0.99,99.0,62.0,26.08,0.5,59.0,0.46,26.0,,5.97,3.0,,10.07,3.0,,,,,,,,,,,,,,,,,,,,,,,,,,,,,,,,,,,,,,,,,,,,,,,,,,,,,,,,,,,,,,,,,,,,,,,,,,,,,,,,,,,,,,,,,,,,,,,,,,,,,,,,,,,,,,,,,,,,,,,,,,,,,,,,,,,,,,,,,,,,,,,,,,,,,,,,,,,,,,,,,,,,,,,,,,,,,,,,,,56.0,1.0,2.36,64.0,2.0,2.22,53.0,1.0,2.87,47.0,1.0,-22.97,56.0,2.0,0.9,53.0,1.0,3.02,64.0,1.0,22.99,65.0,1.0,15.52,63.0,1.0,1.66,55.0,4.0,1.09,66.0,10.0,0.85,33.0,1.0,49.24,65.0,1.0,28.78,53.0,1.0,3.48,21.0,1.0,69.01,,,,,,,,,,,,,,,,,,,,,,,,,,,,,,,,,,,REM USP,REM ESPIÃO007,162.0,59.0,2anose5meses,61.0,EAO A6185,EXITO EAO - NELORE,REM A1936,227.0,76.0,SEMI-EXTENSIVO
08642,FANTASMA JCA,FANTASMA JCA,Nelore CEIP,86818JCA,17/09/2018,21.9,,,,,,,,665.0,44.0,152.0,Jaguari Comercial e Agrícola,Jaguari Comercial e Agrícola,BURUTI JCA x -,BURUTI JCA,CL17611JCA,ceip; ifert; novilhas; peso; extensivo,https://loja.crvbrasil.com.br/semen/touros-de-corte-zebu/nelore/fantasma-jca-nelore,,,,,,,,,,,,,,,,,,,,,,,,,,,,,,,,,,,,,,,,,,,,,,,,,,,,,,,,,,,,,,,,,,,,,,,,,,,,,,,,,,,,,,,,,,,,,,,,,,,,,,,,,,,,,,,,,,,,,,,,,,,,,,,,,,,,,,,,,,,,,,,,,,,,,,,,,,,,,,,,,,,,,,,,,,,,,,,,,,,,,,,,,,,,,,,,,,,,,,,,,,,,,,,,,,,,,,0.76,1.0,0.16,0.75,2.0,0.16,0.76,2.0,6.16,0.75,2.0,18.17,0.75,2.0,24.33,,,,0.76,2.0,2.87,0.75,2.0,5.02,0.48,4.0,0.86,0.76,1.0,12.02,0.74,2.0,8.12,0.58,4.0,-1.77,0.76,3.0,0.12,0.75,4.0,0.07,0.76,1.0,0.27,0.76,2.0,0.35,0.76,5.0,-0.04,0.75,2.0,0.2,0.38,6.0,-2.18,0.75,3.0,0.12,0.75,10.0,-0.39,,,,,,,,,,,,,,,,,,,,,,,,,,,,,,,,,,,,,,,,,,,,,,,,,,,,,,,,,,,,,,,,,,,,,,,,,,,,,,,,,,,,,,,,,,,,,,,,,,,,,,,,,,,,,,,,,,,,,,,,,,,,,,,,,,,,,,,,,,,,,,,,,,,,,,,,,,,,,,,,,,,,,,,,,,,,,,,,,,,,,,,,,,,,,,,,,,,,,,,,,,,,,,,,,,,,,,,,,,,,,,,,,,,,,,,,,,,,,,,,,,,,,,,,,,,,,,,,,,,,,,,,,,,,,,,,,,,,,,,,,,,,,,,,,,,,,,,,,,,,,,,,,,,,,-,TORPEDO PA,155.0,58.0,2anos,52.0,CL17611JCA,FANTASMA JCA - NELORE,11111JCA,203.0,76.0,EXTENSIVO
08889,FANTON  DA CARPA,FANTON DA CARPA,Nelore PO,EBOMA7517,30/09/2018,33.9,,13.88,34.0,9.14,3.0,12.91,26.0,1130.0,44.0,168.0,Nelore Carpa,EBO Agropecuária e Agropecuária Garcia Alves,LANDAU DI GÊNIO x NOBRE PRIM.,LANDAU DI GÊNIO,BARDOT CARPA,po; ifert; maternal; peso; semiextensivo,https://loja.crvbrasil.com.br/semen/touros-de-corte-zebu/nelore/fanton-fiv-da-carpa-nelore,,,,,,,,,,,,,,,,,,,,,,,,,,,,,,,,,,,,,,,,,,,,,,,,,,,,,,,,,,,,,,,,22.0,79.67,31.0,23.0,-0.19,95.0,24.0,0.95,45.0,12.0,-0.07,21.0,21.0,50.28,22.0,17.0,0.257,97.0,19.0,-0.95,15.0,23.0,-0.09,96.0,28.0,7.85,31.0,41.0,18.96,20.0,22.0,17.47,25.0,38.0,0.2,60.0,24.0,67.99,43.0,22.0,23.0,1.44,44.0,23.0,2.66,42.0,0.0,0.0,17.0,4.01,52.0,37.0,0.99,81.0,,,,,,,,,,,,,,,,,,,,,,,,,,,,,,,,,,,,,,,,,,,,,,,,,,,,,,,,,,,,,,,,,,,,,,,,,,,,,,,,,,,,,,,,,,,,,,,,,,,,,,,,,,,,,,,,,,,,,,,,,,,,,,,,,,,,,,,,,,,,,,,,,,,,,,,,,,,,,,,,69.0,0.9,40.0,,0.03,74.0,66.0,2.12,35.0,69.0,3.5,28.0,29.0,55.86,30.0,64.0,0.03,55.0,71.0,3.94,33.0,62.0,-1.55,44.0,,68.0,-0.38,69.0,64.0,2.25,14.0,70.0,7.81,15.0,72.0,-0.17,75.0,68.0,0.2,53.0,71.0,11.75,20.0,59.0,1.56,3.0,,5.2,6.0,,7.58,8.0,,,,,,,,,,,,,,,,,,,,,,,,,,,,,,,,,,,,,,,,,,,,,,,,,,,,,,,,,,,,,,,,,,,,,,,,,,,,,,,,,,,,,,,,,,,,,,,,,,,,,,,,,,,,,,,,,,,,,,,,,,,,,,,,,,,,,,,,,,,,,,,,,,,,,,,,,,,,,,,,,,,,,,,,,,,,,,,,,,48.0,5.0,0.16,59.0,3.0,1.43,50.0,8.0,-0.51,44.0,2.0,-11.96,51.0,8.0,-0.5,50.0,8.0,-0.89,66.0,2.0,9.53,71.0,1.0,7.51,59.0,10.0,-0.6,53.0,1.0,2.78,67.0,8.0,0.31,32.0,7.0,27.93,68.0,2.0,11.09,50.0,8.0,-0.82,30.0,5.0,37.69,,,,,,,,,,,,,,,,,,,,,,,,,,,,,,,,,,,NOBRE PRIM.,BRADO S. M.,178.0,62.0,3anos8meses,69.0,EBOB3848,FANTON DA CARPA - NELORE,JCDG4599,240.0,78.0,SEMI-EXTENSIVO
08641,FARAO TN,FARAÓ TN,Nelore CEIP,3218TN,12/08/2018,18.7,,,,,,,,,,,Jaguari Comercial e Agrícola,Jaguari Comercial e Agrícola,PAINT IMPACTO x KATMANDU AJ,PAINT IMPACTO,1715TN,ceip; maternal; extensivo,https://loja.crvbrasil.com.br/semen/touros-de-corte-zebu/nelore/farao-tn-nelore,,,,,,,,,,,,,,,,,,,,,,,,,,,,,,,,,,,,,,,,,,,,,,,,,,,,,,,,,,,,,,,,,,,,,,,,,,,,,,,,,,,,,,,,,,,,,,,,,,,,,,,,,,,,,,,,,,,,,,,,,,,,,,,,,,,,,,,,,,,,,,,,,,,,,,,,,,,,,,,,,,,,,,,,,,,,,,,,,,,,,,,,,,,,,,,,,,,,,,,,,,,,,,,,,,,,,,0.79,1.0,0.19,0.79,2.0,0.12,0.79,1.0,7.72,0.79,6.0,-8.33,0.79,5.0,-0.61,0.79,7.0,-1.33,0.79,1.0,3.67,0.79,3.0,2.34,0.6,1.0,10.2,0.75,1.0,17.22,0.74,2.0,11.89,0.67,5.0,0.29,0.79,1.0,0.32,0.79,1.0,0.33,0.79,1.0,0.3,0.79,4.0,0.01,0.74,7.0,0.28,0.79,1.0,0.28,0.54,1.0,13.17,0.79,7.0,0.46,0.78,6.0,0.49,,,,,,,,,,,,,,,,,,,,,,,,,,,,,,,,,,,,,,,,,,,,,,,,,,,,,,,,,,,,,,,,,,,,,,,,,,,,,,,,,,,,,,,,,,,,,,,,,,,,,,,,,,,,,,,,,,,,,,,,,,,,,,,,,,,,,,,,,,,,,,,,,,,,,,,,,,,,,,,,,,,,,,,,,,,,,,,,,,,,,,,,,,,,,,,,,,,,,,,,,,,,,,,,,,,,,,,,,,,,,,,,,,,,,,,,,,,,,,,,,,,,,,,,,,,,,,,,,,,,,,,,,,,,,,,,,,,,,,,,,,,,,,,,,,,,,,,,,,,,,,,,,,,,,KATMANDU AJ,MILAO DA FUNDEIO,,,-,,1715TN,FARAÓ TN - NELORE,H000121,,,EXTENSIVO
10835,B8015 FIV DA EAO,FEDERAL DA EAO,Nelore PO,EAOB8015,17/10/2021,60.0,,33.29,2.0,32.4,1.0,42.32,0.1,940.0,40.0,156.0,EAO Agropecuária,EAO Agropecuária e Alfredo Pacheco Pereira Neto,REM GARANTIDO x BACKUP,REM GARANTIDO,6809 DA EAO,po; carcaca-5-estrelas; car; maternal; peso; reprodutivo; semiextensivo,https://loja.crvbrasil.com.br/semen/touros-de-corte-zebu/nelore/federal-eao-nelore,,,,,,,,,,,,,,,,,,,,,,,,,,,,,,,,,,,,,,,,,,,,,,,,,,,,,,,,,,,,,,,,60.0,93.65,0.5,67.0,1.22,1.0,66.0,5.58,2.0,50.0,-0.21,0.1,46.0,46.86,50.0,54.0,-0.41,2.0,45.0,-1.28,2.0,61.0,-0.03,65.0,65.0,17.79,4.0,69.0,32.75,3.0,71.0,35.13,2.0,67.0,1.77,5.0,54.0,93.49,3.0,49.0,49.0,2.71,18.0,49.0,4.15,19.0,253.0,13.0,48.0,10.14,6.0,66.0,0.65,64.0,,,,,,,,,,,,,,,,,,,,,,,,,,,,,,,,,,,,,,,,,,,,,,,,,,,,,,,,,,,,,,,,,,,,,,,,,,,,,,,,,,,,,,,,,,,,,,,,,,,,,,,,,,,,,,,,,,,,,,,,,,,,,,,,,,,,,,,,,,,,,,,,,,,,,,,,,,,,,,,,62.0,5.59,0.1,,0.04,82.0,21.0,7.0,0.5,43.0,9.38,1.0,25.0,86.29,0.5,48.0,2.04,0.5,48.0,13.8,0.5,9.0,-8.96,6.0,,59.0,2.5,0.5,11.0,2.48,11.0,51.0,15.38,0.5,57.0,2.08,1.0,52.0,0.46,80.0,48.0,29.19,0.5,59.0,2.11,1.0,,6.95,2.0,,12.47,0.5,,,,,,,,,,,,,,,,,,,,,,,,,,,,,,,,,,,,,,,,,,,,,,,,,,,,,,,,,,,,,,,,,,,,,,,,,,,,,,,,,,,,,,,,,,,,,,,,,,,,,,,,,,,,,,,,,,,,,,,,,,,,,,,,,,,,,,,,,,,,,,,,,,,,,,,,,,,,,,,,,,,,,,,,,,,,,,,,,,56.0,1.0,5.13,65.0,1.0,6.16,52.0,1.0,3.47,48.0,1.0,-34.37,56.0,1.0,1.63,52.0,1.0,4.68,67.0,1.0,24.28,73.0,1.0,14.81,63.0,1.0,1.35,55.0,1.0,2.72,77.0,9.0,0.54,33.0,1.0,55.69,68.0,1.0,30.95,52.0,1.0,6.55,19.0,1.0,59.63,,,,,,,,,,,,,,,,,,,,,,,,,,,,,,,,,,,BACKUP,REM ESPIÃO007,170.0,52.0,2anose10meses,52.0,EAOA6809,FEDERAL EAO - NELORE,REMA1936,230.0,82.0,SEMI-EXTENSIVO
11934,2167 DA VISTA ALEGRE,FUTURO DA VISTA ALEGRE,Nelore PO,ELEJ2167,14/09/2022,31.2,,,,16.29,1.0,20.18,10.0,789.0,41.0,153.0,FAZ VALE DA BOA VISTA,Faz Vale da Boa Vista,VENUS  DE NAVIRAI x GENERAL DA MN,VENUS  DE NAVIRAI,1213,po; carcaca-3-estrelas; maternal; peso; semiintensivo,https://loja.crvbrasil.com.br/semen/touros-de-corte-zebu/nelore/futuro-da-vista-alegre-nelore,,,,,,,,,,,,,,,,,,,,,,,,,,,,,,,,,,,,,,,,,,,,,,,,,,,,,,,,,,,,,,,,,,,,,,,,,,,,,,,,,,,,,,,,,,,,,,,,,,,,,,,,,,,,,,,,,,,,,,,,,,,,,,,,,,,,,,,,,,,,,,,,,,,,,,,,,,,,,,,,,,,,,,,,,,,,,,,,,,,,,,,,,,,,,,,,,,,,,,,,,,,,,,,,,,,,,,,,,,,,,,,,,,,,,,,,,,,,,,,,,,,,,,,,,,,,,,,,,,,,,,,,,,,,,,,,,,,,,8.0,0.73,44.0,,0.03,76.0,10.0,4.52,7.0,10.0,5.3,12.0,6.0,57.98,25.0,7.0,0.87,15.0,12.0,7.98,9.0,7.0,1.03,64.0,,7.0,-0.24,63.0,9.0,2.64,9.0,14.0,10.79,5.0,10.0,1.81,2.0,9.0,0.53,86.0,12.0,18.77,5.0,11.0,1.08,9.0,,5.72,4.0,,9.54,3.0,,,,,,,,,,,,,,,,,,,,,,,,,,,,,,,,,,,,,,,,,,,,,,,,,,,,,,,,,,,,,,,,,,,,,,,,,,,,,,,,,,,,,,,,,,,,,,,,,,,,,,,,,,,,,,,,,,,,,,,,,,,,,,,,,,,,,,,,,,,,,,,,,,,,,,,,,,,,,,,,,,,,,,,,,,,,,,,,,,14.0,2.0,1.48,16.0,4.0,0.94,33.0,1.0,3.58,15.0,2.0,-13.21,11.0,7.0,-0.29,33.0,1.0,3.95,22.0,1.0,14.69,25.0,1.0,10.47,16.0,1.0,0.9,16.0,1.0,3.44,18.0,9.0,0.54,9.0,4.0,33.03,24.0,1.0,17.73,33.0,1.0,4.21,7.0,3.0,43.49,,,,,,,,,,,,,,,,,,,,,,,,,,,,,,,,,,,GENERAL DA MN,CALIBRE  CAMPARINO,167.0,55.0,2 anos e 11 meses,55.0,ELEJ1213,FUTURO DA VISTA ALEGRE - NELORE,CSCQ255,214.0,79.0,SEMI-INTENSIVO
08812,GABARITO JCA,GABARITO JCA,Nelore CEIP,71419JCA,22/09/2019,18.7,,,,,,,,,,,Jaguari Comercial e Agrícola,Jaguari Comercial e Agrícola,IMBAUBA FM x LITIO AJ,IMBAUBA FM,48 13 TN,ceip; maternal; peso; extensivo,https://loja.crvbrasil.com.br/semen/touros-de-corte-zebu/nelore/gabarito-jca-nelore,0.83,4.0,0.06,,,,0.83,4.0,1.8,,,,,,,,,,0.83,3.0,1.2,,,,0.48,10.0,-7.13,0.82,4.0,7.86,,,,,,,0.83,1.0,0.28,,,,0.83,2.0,0.19,,,,0.86,6.0,0.02,,,,0.4,1.0,14.46,0.89,10.0,0.41,,,,,,,,,,,,,,,,,,,,,,,,,,,,,,,,,,,,,,,,,,,,,,,,,,,,,,,,,,,,,,,,,,,,,,,,,,,,,,,,,,,,,,,,,,,,,,,,,,,,,,,,,,,,,,,,,,,,,,,,,,,,,,,,,,,,,,,,,,,,,,,,,,,,,,,,,,0.83,4.0,0.06,0.81,5.0,0.02,0.83,4.0,1.8,0.81,5.0,2.65,0.81,5.0,4.45,0.81,5.0,0.45,4.0,1.0,1.2,0.81,4.0,1.65,0.57,1.0,6.0,0.82,4.0,7.73,0.8,5.0,9.9,0.78,5.0,-0.31,0.83,1.0,0.28,0.81,1.0,0.37,0.83,2.0,0.19,0.81,1.0,0.55,0.8,6.0,0.02,0.81,1.0,0.27,1.0,0.0,14.46,0.89,10.0,0.41,0.88,10.0,0.33,,,,,,,,,,,,,,,,,,,,,,,,,,,,,,,,,,,,,,,,,,,,,,,,,,,,,,,,,,,,,,,,,,,,,,,,,,,,,,,,,,,,,,,,,,,,,,,,,,,,,,,,,,,,,,,,,,,,,,,,,,,,,,,,,,,,,,,,,,,,,,,,,,,,,,,,,,,,,,,,,,,,,,,,,,,,,,,,,,,,,,,,,,,,,,,,,,,,,,,,,,,,,,,,,,,,,,,,,,,,,,,,,,,,,,,,,,,,,,,,,,,,,,,,,,,,,,,,,,,,,,,,,,,,,,,,,,,,,,,,,,,,,,,,,,,,,,,,,,,,,,,,,,,,,LITIO AJ,GUACU FM,,,-,,4813TN,GABARITO JCA - NELORE,448013FM,,,EXTENSIVO
09048,GAKHUR AYMORE,GAKHUR AYMORE,Nelore PO,AYM2262,04/08/2020,31.2,,,,16.23,1.0,27.31,3.0,1061.0,41.0,162.0,Nelore Aymoré,Mencius Mendes Abrahão,B2887 S.NICE x DIRIGÍVEL COL,B2887 S.NICE,VALHA AYMORE,po; carcaca-4-estrelas; maternal; peso; reprodutivo; semiextensivo,https://loja.crvbrasil.com.br/semen/touros-de-corte-zebu/nelore/gakhur-aymore-nelore,,,,,,,,,,,,,,,,,,,,,,,,,,,,,,,,,,,,,,,,,,,,,,,,,,,,,,,,,,,,,,,,,,,,,,,,,,,,,,,,,,,,,,,,,,,,,,,,,,,,,,,,,,,,,,,,,,,,,,,,,,,,,,,,,,,,,,,,,,,,,,,,,,,,,,,,,,,,,,,,,,,,,,,,,,,,,,,,,,,,,,,,,,,,,,,,,,,,,,,,,,,,,,,,,,,,,,,,,,,,,,,,,,,,,,,,,,,,,,,,,,,,,,,,,,,,,,,,,,,,,,,,,,,,,,,,,,,,,65.0,4.32,0.5,,0.15,99.0,49.0,5.03,4.0,58.0,6.93,5.0,26.0,64.89,13.0,46.0,1.68,2.0,66.0,10.3,3.0,36.0,-2.93,34.0,,64.0,-0.44,72.0,45.0,2.59,10.0,55.0,9.17,9.0,66.0,1.21,10.0,53.0,0.4,75.0,66.0,19.47,4.0,56.0,1.12,8.0,,4.8,8.0,,8.08,7.0,,,,,,,,,,,,,,,,,,,,,,,,,,,,,,,,,,,,,,,,,,,,,,,,,,,,,,,,,,,,,,,,,,,,,,,,,,,,,,,,,,,,,,,,,,,,,,,,,,,,,,,,,,,,,,,,,,,,,,,,,,,,,,,,,,,,,,,,,,,,,,,,,,,,,,,,,,,,,,,,,,,,,,,,,,,,,,,,,,51.0,1.0,2.54,59.0,1.0,4.88,48.0,2.0,1.73,43.0,2.0,-13.98,52.0,5.0,0.03,48.0,1.0,4.57,59.0,1.0,13.65,59.0,1.0,8.23,56.0,2.0,0.57,51.0,1.0,3.99,60.0,7.0,0.29,30.0,2.0,37.7,60.0,1.0,18.39,48.0,1.0,5.17,22.0,4.0,38.64,,,,,,,,,,,,,,,,,,,,,,,,,,,,,,,,,,,DIRIGÍVEL COL,BACKUP,170.0,58.0,3anos9meses,68.0,AYM 1103,GAKHUR AYMORE - NELORE,GRI B 2887,241.0,85.0,SEMI-EXTENSIVO
12275,C2013 DA EAO,GALLARDO DA EAO,Nelore PO,EAOC2013,11/08/2023,31.2,,28.52,5.0,25.76,1.0,31.25,2.0,714.0,39.0,149.0,EAO Agropecuária,EAO Agropecuária e Edinilson Exster,INVICTUS DA HORA x CAMPEÃO MN,INVICTUS DA HORA,3496 DA EAO,po; carcaca-4-estrelas; maternal; peso; reprodutivo; semiextensivo,https://loja.crvbrasil.com.br/semen/touros-de-corte-zebu/nelore/gallardo-da-eao-nelore,,,,,,,,,,,,,,,,,,,,,,,,,,,,,,,,,,,,,,,,,,,,,,,,,,,,,,,,,,,,,,,,54.0,85.34,10.0,61.0,0.95,2.0,61.0,4.29,5.0,43.0,-0.05,34.0,41.0,51.42,16.0,48.0,-0.218,7.0,39.0,-1.32,2.0,58.0,0.07,17.0,62.0,12.51,14.0,65.0,27.22,8.0,67.0,25.95,9.0,62.0,1.54,8.0,45.0,93.34,3.0,44.0,44.0,4.08,6.0,44.0,5.99,6.0,0.0,0.0,55.0,14.06,0.5,62.0,0.54,58.0,,,,,,,,,,,,,,,,,,,,,,,,,,,,,,,,,,,,,,,,,,,,,,,,,,,,,,,,,,,,,,,,,,,,,,,,,,,,,,,,,,,,,,,,,,,,,,,,,,,,,,,,,,,,,,,,,,,,,,,,,,,,,,,,,,,,,,,,,,,,,,,,,,,,,,,,,,,,,,,,57.0,3.05,4.0,,0.02,68.0,47.0,7.91,0.1,56.0,8.27,2.0,23.0,77.44,2.0,44.0,1.59,3.0,57.0,8.31,7.0,34.0,-7.93,9.0,,55.0,0.16,44.0,44.0,2.88,7.0,53.0,11.22,4.0,63.0,1.53,4.0,51.0,0.33,68.0,57.0,19.53,4.0,55.0,1.89,2.0,,6.21,3.0,,8.98,4.0,,,,,,,,,,,,,,,,,,,,,,,,,,,,,,,,,,,,,,,,,,,,,,,,,,,,,,,,,,,,,,,,,,,,,,,,,,,,,,,,,,,,,,,,,,,,,,,,,,,,,,,,,,,,,,,,,,,,,,,,,,,,,,,,,,,,,,,,,,,,,,,,,,,,,,,,,,,,,,,,,,,,,,,,,,,,,,,,,,53.0,1.0,5.07,63.0,1.0,3.33,50.0,5.0,0.51,43.0,1.0,-20.84,54.0,3.0,0.54,50.0,1.0,4.43,63.0,1.0,19.76,64.0,1.0,9.46,62.0,1.0,1.39,53.0,1.0,2.97,65.0,5.0,0.08,29.0,1.0,49.48,65.0,1.0,20.25,50.0,1.0,4.49,20.0,1.0,58.01,,,,,,,,,,,,,,,,,,,,,,,,,,,,,,,,,,,CAMPEÃO MN,TNT,160.0,53.0,2 anos e 2 meses,54.0,EAOA3496,GALLARDO DA EAO - NELORE,HORA4400,214.0,76.0,SEMI-EXTENSIVO
08473,GATILHO DA HORA,GATILHO DA HORA,Nelore PO,HORA2926,01/08/2017,33.9,,21.77,15.0,21.4,1.0,20.71,9.0,1128.0,47.0,161.0,Nelore HORA,José R. Hofig Ramos e Wilson Roberto da Costa,REM ARMADOR x TRUCK ALO BRASIL,REM ARMADOR,3288 DA JHR,po; ifert; carcaca-4-estrelas; car; novilhas; peso; reprodutivo; semiintensivo,https://loja.crvbrasil.com.br/semen/touros-de-corte-zebu/nelore/gatilho-da-hora-nelore,,,,,,,,,,,,,,,,,,,,,,,,,,,,,,,,,,,,,,,,,,,,,,,,,,,,,,,,,,,,,,,,88.0,72.81,62.0,82.0,0.34,14.0,82.0,4.22,6.0,53.0,-0.11,5.0,78.0,41.23,85.0,62.0,0.235,96.0,60.0,-1.15,5.0,70.0,0.12,7.0,90.0,14.5,9.0,91.0,20.44,17.0,92.0,22.06,15.0,83.0,1.33,12.0,82.0,79.8,16.0,62.0,62.0,1.31,51.0,61.0,4.28,18.0,509.0,8.0,36.0,11.45,3.0,90.0,0.6,61.0,,,,,,,,,,,,,,,,,,,,,,,,,,,,,,,,,,,,,,,,,,,,,,,,,,,,,,,,,,,,,,,,,,,,,,,,,,,,,,,,,,,,,,,,,,,,,,,,,,,,,,,,,,,,,,,,,,,,,,,,,,,,,,,,,,,,,,,,,,,,,,,,,,,,,,,,,,,,,,,,55.0,3.8,2.0,,0.04,83.0,23.0,2.94,22.0,38.0,5.33,12.0,21.0,74.29,4.0,37.0,1.08,9.0,62.0,3.72,35.0,21.0,-10.36,4.0,,17.0,1.73,3.0,37.0,-2.64,97.0,60.0,8.72,11.0,70.0,1.42,6.0,57.0,-0.17,16.0,62.0,12.44,18.0,68.0,-0.87,81.0,,-0.95,82.0,,0.55,65.0,,,,,,,,,,,,,,,,,,,,,,,,,,,,,,,,,,,,,,,,,,,,,,,,,,,,,,,,,,,,,,,,,,,,,,,,,,,,,,,,,,,,,,,,,,,,,,,,,,,,,,,,,,,,,,,,,,,,,,,,,,,,,,,,,,,,,,,,,,,,,,,,,,,,,,,,,,,,,,,,,,,,,,,,,,,,,,,,,,73.0,3.0,0.9,80.0,1.0,4.35,69.0,4.0,0.97,57.0,1.0,-28.58,59.0,1.0,1.52,69.0,2.0,2.32,82.0,2.0,10.83,85.0,2.0,7.0,77.0,1.0,1.2,67.0,10.0,-2.42,86.0,2.0,-0.3,40.0,1.0,55.15,84.0,2.0,14.15,69.0,2.0,2.66,29.0,1.0,65.68,,,,,,,,,,,,,,,,,,,,,,,,,,,,,,,,,,,TRUCK ALO BRASIL,REM TORIXOREU,159.0,61.0,4anos9meses,64.0,JHR3288,GATILHO DA HORA - NELORE,REMC5326,185.0,87.0,SEMI-INTENSIVO
10915,C528 DA NANA PORA,GIGABITE J MACHADO,Nelore PO,DINO528,05/10/2022,31.2,,35.52,0.5,30.54,1.0,38.71,0.5,660.0,42.0,154.0,Nelore J Machado,"Leandro Zardo, João L. N. Machado e Adinilson G. S. Teixeira",CAPITÃO DA ÁGUA FRIA x REM ESPIÃO007,CAPITÃO DA ÁGUA FRIA,ERENA J MACHADO,po; carcaca-5-estrelas; maternal; peso; reprodutivo; semiintensivo,https://loja.crvbrasil.com.br/semen/touros-de-corte-zebu/nelore/gigabite-j-machado-nelore,,,,,,,,,,,,,,,,,,,,,,,,,,,,,,,,,,,,,,,,,,,,,,,,,,,,,,,,,,,,,,,,52.0,91.89,1.0,60.0,0.88,3.0,60.0,3.69,9.0,39.0,0.07,100.0,41.0,47.71,42.0,50.0,-0.27,5.0,38.0,-1.21,3.0,56.0,0.16,3.0,61.0,16.38,5.0,64.0,34.19,2.0,65.0,37.52,1.0,59.0,2.06,3.0,45.0,99.15,0.1,44.0,44.0,6.57,0.5,42.0,9.3,0.5,0.0,0.0,44.0,13.74,0.5,61.0,0.08,36.0,,,,,,,,,,,,,,,,,,,,,,,,,,,,,,,,,,,,,,,,,,,,,,,,,,,,,,,,,,,,,,,,,,,,,,,,,,,,,,,,,,,,,,,,,,,,,,,,,,,,,,,,,,,,,,,,,,,,,,,,,,,,,,,,,,,,,,,,,,,,,,,,,,,,,,,,,,,,,,,,56.0,3.52,2.0,,0.12,99.0,48.0,6.16,2.0,56.0,10.99,0.1,23.0,79.94,2.0,44.0,1.97,1.0,58.0,13.9,0.5,35.0,-3.77,28.0,,55.0,1.55,4.0,45.0,4.4,1.0,53.0,11.29,4.0,63.0,1.72,3.0,66.0,0.46,80.0,58.0,25.19,1.0,54.0,2.68,0.1,,6.82,2.0,,12.41,0.5,,,,,,,,,,,,,,,,,,,,,,,,,,,,,,,,,,,,,,,,,,,,,,,,,,,,,,,,,,,,,,,,,,,,,,,,,,,,,,,,,,,,,,,,,,,,,,,,,,,,,,,,,,,,,,,,,,,,,,,,,,,,,,,,,,,,,,,,,,,,,,,,,,,,,,,,,,,,,,,,,,,,,,,,,,,,,,,,,,50.0,1.0,2.95,58.0,1.0,4.09,48.0,1.0,1.95,42.0,1.0,-31.92,50.0,1.0,1.55,48.0,1.0,4.88,59.0,1.0,21.76,59.0,1.0,10.91,57.0,1.0,1.48,50.0,1.0,4.36,60.0,8.0,0.36,27.0,1.0,55.55,60.0,1.0,27.31,48.0,1.0,6.03,18.0,1.0,62.8,,,,,,,,,,,,,,,,,,,,,,,,,,,,,,,,,,,REM ESPIÃO007,REM USP,158.0,53.0,2 anos e 2 meses,53.0,ANCP383,GIGABITE J MACHADO - NELORE,JCGG15568,206.0,78.0,SEMI-INTENSIVO
09071,GIOTTO AYMORE,GIOTTO AYMORE,Nelore Pintado,AYM2268,06/08/2020,499.0,,,,-1.8,8.0,1.17,64.0,585.0,38.0,152.0,Nelore Aymoré,Nelore Aymoré,DRUSO DA CA x SAMENINA AYMORE,DRUSO DA CA,ADORAVEL AYMORE,po; novilhas; semiextensivo,https://loja.crvbrasil.com.br/semen/touros-de-corte-zebu/nelore/giotto-aymore-nelore,,,,,,,,,,,,,,,,,,,,,,,,,,,,,,,,,,,,,,,,,,,,,,,,,,,,,,,,,,,,,,,,,,,,,,,,,,,,,,,,,,,,,,,,,,,,,,,,,,,,,,,,,,,,,,,,,,,,,,,,,,,,,,,,,,,,,,,,,,,,,,,,,,,,,,,,,,,,,,,,,,,,,,,,,,,,,,,,,,,,,,,,,,,,,,,,,,,,,,,,,,,,,,,,,,,,,,,,,,,,,,,,,,,,,,,,,,,,,,,,,,,,,,,,,,,,,,,,,,,,,,,,,,,,,,,,,,,,,54.0,0.93,39.0,,0.03,78.0,45.0,3.67,13.0,53.0,3.15,32.0,26.0,54.92,33.0,43.0,0.2,46.0,55.0,-2.38,86.0,33.0,14.7,99.0,,52.0,-0.75,83.0,42.0,-1.72,90.0,51.0,2.2,57.0,61.0,-0.54,88.0,66.0,0.25,59.0,55.0,-0.18,74.0,52.0,-0.73,76.0,,-0.92,81.0,,-1.74,83.0,,,,,,,,,,,,,,,,,,,,,,,,,,,,,,,,,,,,,,,,,,,,,,,,,,,,,,,,,,,,,,,,,,,,,,,,,,,,,,,,,,,,,,,,,,,,,,,,,,,,,,,,,,,,,,,,,,,,,,,,,,,,,,,,,,,,,,,,,,,,,,,,,,,,,,,,,,,,,,,,,,,,,,,,,,,,,,,,,,43.0,4.0,0.67,53.0,3.0,1.34,40.0,8.0,-0.27,38.0,8.0,3.29,46.0,7.0,-0.29,40.0,1.0,3.74,53.0,5.0,3.21,55.0,5.0,2.22,50.0,9.0,-0.32,45.0,9.0,-1.81,56.0,5.0,0.05,25.0,9.0,23.18,55.0,6.0,1.76,40.0,5.0,1.07,22.0,8.0,27.78,,,,,,,,,,,,,,,,,,,,,,,,,,,,,,,,,,,SAMENINA AYMORE,CUBANINHO STA,150.0,51.0,1anos9meses,48.0,AYM 1334,GIOTTO AYMORE - NELORE PINTADO,HCA 4408,200.0,75.0,SEMI-EXTENSIVO
09786,GOIAS NBV,GOIAS NBV,Nelore CEIP,G00519NBV,26/08/2019,43.7,,,,,,,,,45.0,148.0,Nelore Boa Vista,Nelore Boa Vista,ESPECIAL TUL x ROCKHAMPTON AJ,ESPECIAL TUL,472415TUL,ceip; ifert; maternal; novilhas; reprodutivo; semiextensivo,https://loja.crvbrasil.com.br/semen/touros-de-corte-zebu/nelore/goias-nbv-nelore,,,,,,,,,,,,,,,,,,,,,,,,,,,,,,,,,,,,,,,,,,,,,,,,,,,,,,,,,,,,,,,,,,,,,,,,,,,,,,,,,,,,,,,,,,,,,,,,,,,,,,,,,,,,,,,,,,,,,,,,,,,,,,,,,,,,,,,,,,,,,,,,,,,,,,,,,,,,,,,,,,,,,,,,,,,,,,,,,,,,,,,,,,,,,,,,,,,,,,,,,,,,,,,,,,,,,,0.98,9.0,-0.14,0.97,8.0,-0.09,0.98,7.0,-2.37,0.97,5.0,2.65,0.97,5.0,0.28,0.97,4.0,0.83,0.98,7.0,-1.03,0.97,6.0,-0.2,0.61,2.0,5.68,0.98,8.0,-0.54,0.94,6.0,7.15,0.74,3.0,-3.18,0.98,2.0,0.13,0.97,2.0,0.17,0.98,1.0,0.29,0.96,1.0,0.75,0.94,1.0,-1.58,0.97,1.0,0.31,0.48,2.0,9.18,0.99,10.0,0.31,0.99,10.0,0.24,,,,,,,,,,,,,,,,,,,,,,,,,,,,,,,,,,,,,,,,,,,,,,,,,,,,,,,,,,,,,,,,,,,,,,,,,,,,,,,,,,,,,,,,,,,,,,,,,,,,,,,,,,,,,,,,,,,,,,,,,,,,,,,,,,,,,,,,,,,,,,,,,,0.93,10.0,2.83,-1.42,0.89,9.0,2.89,-0.86,0.93,10.0,196.36,-1.08,,9.0,395.72,-0.7,0.89,6.0,199.41,-0.19,,,7.02,-0.43,,4.0,3.95,0.24,,2.0,10.89,0.71,0.45,1.0,893.03,3.68,0.93,2.0,3.16,1.12,0.89,1.0,3.22,1.31,0.93,1.0,3.33,2.23,0.84,1.0,28.85,2.38,0.84,1.0,28.72,1.43,0.93,9.0,294.68,-0.65,0.93,1.0,28.57,2.75,0.89,1.0,3.38,2.22,,4.0,9.18,0.5,0.81,1.0,1.9,1.22,0.93,10.0,2.44,-4.04,0.89,10.0,2.48,-4.25,,,,,,,,,,,,,,,,,,,,,,,,,,,,,,,,,,,,,,,,,,,,,,,,,,,,,,,,,,,,,,,,,,,,,,,,,,,,,,,,ROCKHAMPTON AJ,MAGNÍFICO CFM,170.0,57.0,4anos7meses,60.0,-,GOIAS NBV - NELORE,529310TUL,223.0,80.0,SEMI-EXTENSIVO
09036,GOLIAS 7 ESTRELAS,GOLIAS 7 ESTRELAS,Nelore PO,SETE3585,01/08/2018,29.5,,16.09,28.0,17.5,1.0,20.02,10.0,1019.0,46.0,162.0,Nelore Sete Estrelas,Juliano Beraldo de Andrade,PRADIP NAV x BACKUP,PRADIP NAV,ELFA 7 ESTRELAS,po; ifert; carcaca-3-estrelas; car; peso; reprodutivo; semiintensivo,https://loja.crvbrasil.com.br/semen/touros-de-corte-zebu/nelore/golias-7-estrelas-nelore,,,,,,,,,,,,,,,,,,,,,,,,,,,,,,,,,,,,,,,,,,,,,,,,,,,,,,,,,,,,,,,,14.0,77.0,44.0,11.0,0.12,31.0,15.0,2.14,22.0,7.0,0.0,66.0,28.0,40.77,87.0,8.0,0.196,93.0,11.0,-0.5,63.0,10.0,-0.03,65.0,27.0,9.78,23.0,28.0,19.1,20.0,11.0,16.18,28.0,19.0,0.32,51.0,14.0,71.82,33.0,11.0,12.0,1.48,43.0,12.0,3.0,35.0,12.0,2.0,9.0,5.57,31.0,51.0,2.19,100.0,,,,,,,,,,,,,,,,,,,,,,,,,,,,,,,,,,,,,,,,,,,,,,,,,,,,,,,,,,,,,,,,,,,,,,,,,,,,,,,,,,,,,,,,,,,,,,,,,,,,,,,,,,,,,,,,,,,,,,,,,,,,,,,,,,,,,,,,,,,,,,,,,,,,,,,,,,,,,,,,68.0,4.66,0.5,,0.01,54.0,58.0,5.62,3.0,65.0,7.48,3.0,26.0,59.37,22.0,53.0,0.51,29.0,68.0,12.2,1.0,42.0,-1.81,42.0,,67.0,0.09,47.0,50.0,0.5,48.0,66.0,10.21,6.0,72.0,-0.29,80.0,65.0,0.86,98.0,68.0,22.42,2.0,63.0,-0.3,58.0,,3.34,20.0,,5.95,16.0,,,,,,,,,,,,,,,,,,,,,,,,,,,,,,,,,,,,,,,,,,,,,,,,,,,,,,,,,,,,,,,,,,,,,,,,,,,,,,,,,,,,,,,,,,,,,,,,,,,,,,,,,,,,,,,,,,,,,,,,,,,,,,,,,,,,,,,,,,,,,,,,,,,,,,,,,,,,,,,,,,,,,,,,,,,,,,,,,,66.0,4.0,0.6,74.0,1.0,5.14,51.0,3.0,1.25,49.0,1.0,-20.77,67.0,6.0,-0.05,51.0,1.0,5.38,72.0,1.0,16.73,75.0,1.0,9.5,67.0,9.0,-0.43,57.0,5.0,0.48,76.0,10.0,0.98,30.0,7.0,27.66,74.0,1.0,22.29,51.0,1.0,3.38,26.0,1.0,48.51,,,,,,,,,,,,,,,,,,,,,,,,,,,,,,,,,,,BACKUP,JABRIEL NAV.,187.0,63.0,4anos7meses,64.0,SETE 2518,GOLIAS 7 ESTRELAS - NELORE,CSCF 2734,227.0,82.0,SEMI-INTENSIVO
10993,,,,,,31.2,,,,,,,,,,,,,,,,,https://loja.crvbrasil.com.br/semen/touros-de-corte-zebu/nelore/granizo-da-santa-nice,,,,,,,,,,,,,,,,,,,,,,,,,,,,,,,,,,,,,,,,,,,,,,,,,,,,,,,,,,,,,,,,,,,,,,,,,,,,,,,,,,,,,,,,,,,,,,,,,,,,,,,,,,,,,,,,,,,,,,,,,,,,,,,,,,,,,,,,,,,,,,,,,,,,,,,,,,,,,,,,,,,,,,,,,,,,,,,,,,,,,,,,,,,,,,,,,,,,,,,,,,,,,,,,,,,,,,,,,,,,,,,,,,,,,,,,,,,,,,,,,,,,,,,,,,,,,,,,,,,,,,,,,,,,,,,,,,,,,,,,,,,,,,,,,,,,,,,,,,,,,,,,,,,,,,,,,,,,,,,,,,,,,,,,,,,,,,,,,,,,,,,,,,,,,,,,,,,,,,,,,,,,,,,,,,,,,,,,,,,,,,,,,,,,,,,,,,,,,,,,,,,,,,,,,,,,,,,,,,,,,,,,,,,,,,,,,,,,,,,,,,,,,,,,,,,,,,,,,,,,,,,,,,,,,,,,,,,,,,,,,,,,,,,,,,,,,,,,,,,,,,,,,,,,,,,,,,,,,,,,,,,,,,,,,,,,,,,,,,,,,,,,,,,,,,,,,,,,,,,,,,,,,,,,,,,,,,,,,,,,,,,,,,,,,,,,GRANIZO DA SANTA NICE - NELORE,,,,
08936,HAVAIANO DA TRADIÇÃO,HAVAIANO TRADIÇÃO,Nelore PO,UTIL1975,24/09/2018,28.3,,16.13,28.0,5.91,4.0,12.95,25.0,984.0,40.0,153.0,Fazenda Tradição,Guilherme A. A. do Amaral e Gilberto S. de Souza,PELE DA MN x BITELO DS,PELE DA MN,BIOLOGIA DA TRADIÇÃO,po; car; novilhas; semiintensivo,https://loja.crvbrasil.com.br/semen/touros-de-corte-zebu/nelore/havaiano-da-tradicao-nelore,,,,,,,,,,,,,,,,,,,,,,,,,,,,,,,,,,,,,,,,,,,,,,,,,,,,,,,,,,,,,,,,14.0,87.56,5.0,21.0,0.03,55.0,23.0,0.59,56.0,8.0,-0.09,10.0,21.0,59.41,2.0,15.0,-0.095,17.0,13.0,-1.03,10.0,20.0,-0.09,96.0,41.0,6.7,36.0,54.0,13.56,32.0,6.0,14.39,33.0,39.0,1.2,15.0,14.0,74.21,28.0,6.0,13.0,2.4,23.0,14.0,3.56,26.0,16.0,3.0,8.0,6.93,22.0,34.0,-0.92,4.0,,,,,,,,,,,,,,,,,,,,,,,,,,,,,,,,,,,,,,,,,,,,,,,,,,,,,,,,,,,,,,,,,,,,,,,,,,,,,,,,,,,,,,,,,,,,,,,,,,,,,,,,,,,,,,,,,,,,,,,,,,,,,,,,,,,,,,,,,,,,,,,,,,,,,,,,,,,,,,,,72.0,0.95,38.0,,0.04,81.0,71.0,3.05,20.0,74.0,4.01,22.0,25.0,63.69,14.0,70.0,0.56,27.0,74.0,0.28,67.0,31.0,5.72,90.0,,72.0,1.35,6.0,70.0,0.48,48.0,72.0,5.28,31.0,76.0,1.03,15.0,72.0,-0.25,11.0,74.0,5.55,47.0,53.0,-0.02,46.0,,1.57,45.0,,3.28,38.0,,,,,,,,,,,,,,,,,,,,,,,,,,,,,,,,,,,,,,,,,,,,,,,,,,,,,,,,,,,,,,,,,,,,,,,,,,,,,,,,,,,,,,,,,,,,,,,,,,,,,,,,,,,,,,,,,,,,,,,,,,,,,,,,,,,,,,,,,,,,,,,,,,,,,,,,,,,,,,,,,,,,,,,,,,,,,,,,,,43.0,7.0,-0.31,52.0,2.0,1.66,40.0,8.0,-0.49,37.0,8.0,2.85,44.0,3.0,0.57,40.0,2.0,2.32,62.0,3.0,6.45,65.0,4.0,3.74,56.0,1.0,0.84,44.0,4.0,0.83,64.0,2.0,-0.24,24.0,1.0,40.36,65.0,4.0,7.45,40.0,1.0,4.08,21.0,5.0,37.29,,,,,,,,,,,,,,,,,,,,,,,,,,,,,,,,,,,BITELO DS,CORONEL DA MN,172.0,60.0,3anos7meses,60.0,UTIL 1148,HAVAIANO DA TRADIÇÃO - NELORE,LBMN D 7117,220.0,70.0,SEMI-INTENSIVO
11104,C342,HERÓI DA SANTA NAZARÉ,Nelore PO,NLCM342,26/08/2022,31.2,,26.38,8.0,17.42,1.0,25.93,4.0,815.0,40.0,153.0,Nelore Santa Nazare,Luiz Carlos P. Macambira,TAJ  DE NAVIRA x IRIDIUM KA,TAJ  DE NAVIRA,1103 KA,po; carcaca-5-estrelas; car; pnat; peso; semiintensivo,https://loja.crvbrasil.com.br/semen/touros-de-corte-zebu/nelore/heroi-da-santa-nazare-nelore,,,,,,,,,,,,,,,,,,,,,,,,,,,,,,,,,,,,,,,,,,,,,,,,,,,,,,,,,,,,,,,,51.0,79.52,32.0,55.0,1.17,1.0,56.0,2.74,16.0,54.0,-0.06,27.0,39.0,42.38,81.0,44.0,-0.149,11.0,36.0,-0.53,58.0,49.0,0.08,14.0,58.0,15.95,6.0,59.0,29.28,5.0,61.0,32.22,3.0,57.0,1.99,3.0,43.0,77.39,21.0,41.0,41.0,3.15,13.0,42.0,6.38,5.0,0.0,0.0,43.0,7.15,20.0,59.0,1.55,96.0,,,,,,,,,,,,,,,,,,,,,,,,,,,,,,,,,,,,,,,,,,,,,,,,,,,,,,,,,,,,,,,,,,,,,,,,,,,,,,,,,,,,,,,,,,,,,,,,,,,,,,,,,,,,,,,,,,,,,,,,,,,,,,,,,,,,,,,,,,,,,,,,,,,,,,,,,,,,,,,,53.0,2.29,11.0,,0.06,96.0,44.0,4.46,7.0,52.0,8.47,2.0,23.0,71.5,6.0,42.0,1.68,2.0,54.0,11.88,2.0,33.0,-4.07,26.0,,51.0,0.37,34.0,42.0,-1.02,81.0,50.0,8.35,12.0,60.0,2.17,0.5,49.0,0.5,83.0,54.0,20.23,3.0,52.0,-0.19,53.0,,0.74,59.0,,3.12,39.0,,,,,,,,,,,,,,,,,,,,,,,,,,,,,,,,,,,,,,,,,,,,,,,,,,,,,,,,,,,,,,,,,,,,,,,,,,,,,,,,,,,,,,,,,,,,,,,,,,,,,,,,,,,,,,,,,,,,,,,,,,,,,,,,,,,,,,,,,,,,,,,,,,,,,,,,,,,,,,,,,,,,,,,,,,,,,,,,,,46.0,1.0,3.76,54.0,1.0,2.56,45.0,5.0,0.67,40.0,2.0,-14.96,46.0,2.0,0.96,45.0,1.0,4.17,55.0,1.0,14.83,55.0,2.0,7.03,54.0,1.0,1.52,48.0,7.0,-0.45,57.0,9.0,0.45,26.0,3.0,36.92,56.0,1.0,21.85,45.0,1.0,5.11,19.0,2.0,47.07,,,,,,,,,,,,,,,,,,,,,,,,,,,,,,,,,,,IRIDIUM KA,NAVIRAI POLO,156.0,52.0,2 anos e 3 meses,49.0,KAPO1103,HERÓI DA SANTA NAZARÉ - NELORE,CSCR1135,219.0,58.0,SEMI-INTENSIVO
08294,HORUS NP,HORUS NP,Nelore CEIP,08999216NP,13/09/2016,18.7,,,,,,,,1033.0,39.0,154.0,Nelore NP,Ney Padilha,DAKOTA AJ x ASSIS AJ,DAKOTA AJ,8030913,ceip; maternal; peso; semiintensivo,https://loja.crvbrasil.com.br/semen/touros-de-corte-zebu/nelore/horus-np-nelore,,,,,,,,,,,,,,,,,,,,,,,,,,,,,,,,,,,,,,,,,,,,,,,,,,,,,,,,,,,,,,,,,,,,,,,,,,,,,,,,,,,,,,,,,,,,,,,,,,,,,,,,,,,,,,,,,,,,,,,,,,,,,,,,,,,,,,,,,,,,,,,,,,,,,,,,,,,,,,,,,,,,,,,,,,,,,,,,,,,,,,,,,,,,,,,,,,,,,,,,,,,,,,,,,,,,,,0.96,6.0,-0.03,0.95,6.0,-0.01,0.96,3.0,3.42,0.95,1.0,37.67,0.95,1.0,41.09,0.95,1.0,4.37,0.96,3.0,1.44,0.95,2.0,5.8,0.7,4.0,1.31,0.96,6.0,4.91,0.94,6.0,7.16,0.9,4.0,-2.17,0.96,3.0,0.11,0.95,5.0,0.05,0.96,4.0,0.07,0.94,7.0,-0.16,0.94,2.0,-0.63,0.95,4.0,0.08,0.96,1.0,13.96,0.98,4.0,0.53,0.98,8.0,0.45,,,,,,,,,,,,,,,,,,,,,,,,,,,,,,,,,,,,,,,,,,,,,,,,,,,,,,,,,,,,,,,,,,,,,,,,,,,,,,,,,,,,,,,,,,,,,,,,,,,,,,,,,,,,,,,,,,,,,,,,,,,,,,,,,,,,,,,,,,,,,,,,,,,,,,,,,,,,,,,,,,,,,,,,,,,,,,,,,,,,,,,,,,,,,,,,,,,,,,,,,,,,,,,,,,,,,,,,,,,,,,,,,,,,,,,,,,,,,,,,,,,,,,,,,,,,,,,,,,,,,,,,,,,,,,,,,,,,,,,,,,,,,,,,,,,,,,,,,,,,,,,,,,,,,ASSIS AJ,CARDEAL AJ,175.0,63.0,5anos8meses,70.0,8030913,HORUS NP - NELORE,793709AJN,224.0,75.0,SEMI-INTENSIVO
10106,HUMAITÁ PARM,HUMAITÁ PARM,Nelore CEIP,M30021DFM,25/08/2021,48.0,,,,,,,,760.0,40.0,143.0,P@RM Agropecuária,P@RM Agropecuária,MAORI AJ x ASSIS AJ,MAORI AJ,L17319DFM,ceip; ifert; maternal; novilhas; peso; extensivo,https://loja.crvbrasil.com.br/semen/touros-de-corte-zebu/nelore/humaita-parm-nelore,0.98,9.0,-0.13,0.97,9.0,-0.14,0.98,2.0,4.72,0.97,9.0,-21.4,0.97,8.0,-16.68,0.97,8.0,-2.14,0.98,2.0,1.99,0.97,6.0,-0.15,0.48,9.0,-1.44,0.98,2.0,13.98,0.95,3.0,12.89,0.79,4.0,-1.54,0.98,1.0,0.69,0.97,1.0,0.77,0.98,1.0,0.44,0.96,1.0,0.77,0.98,3.0,-0.29,0.97,1.0,0.47,0.48,1.0,14.81,0.99,7.0,0.49,0.99,3.0,0.54,,,,,,,,,,,,,,,,,,,,,,,,,,,,,,,,,,,,,,,,,,,,,,,,,,,,,,,,,,,,,,,,,,,,,,,,,,,,,,,,,,,,,,,,,,,,,,,,,,,,,,,,,,,,,,,,,,,,,,,,,,,,,,,,,,,,,,,,,,,,,,,,,,,,,,,0.98,9.0,-0.13,0.97,9.0,-0.14,0.98,2.0,4.72,0.97,9.0,-21.4,0.97,8.0,-16.68,0.97,8.0,-2.14,0.98,2.0,1.99,0.97,6.0,-0.15,0.64,1.0,6.45,0.98,2.0,13.75,0.95,3.0,13.59,0.79,4.0,-1.54,0.98,1.0,0.69,0.97,1.0,0.77,0.98,1.0,0.44,0.96,1.0,0.77,0.95,3.0,-0.29,0.97,1.0,0.47,0.48,1.0,14.81,0.99,6.0,0.49,0.99,3.0,0.54,,,,,,,,,,,,,,,,,,,,,,,,,,,,,,,,,,,,,,,,,,,,,,,,,,,,,,,,,,,,,,,,,,,,,,,,,,,,,,,,,,,,,,,,,,,,,,,,,,,,,,,,,,,,,,,,,,,,,,,,,,,,,,,,,,,,,,,,,,,,,,,,,,,,,,,,,,,,,,,,,,,,,,,,,,,,,,,,,,,,,,,,,,,,,,,,,,,,,,,,,,,,,,,,,,,,,,,,,,,,,,,,,,,,,,,,,,,,,,,,,,,,,,,,,,,,,,,,,,,,,,,,,,,,,,,,,,,,,,,,,,,,,,,,,,,,,,,,,,,,,,,,,,,,,ASSIS AJ,CURIO AJ,160.0,61.0,2anos7meses,60.0,-,HUMAITÁ PARM - NELORE,-,223.0,77.0,EXTENSIVO
12685,HUNO,HUNO AGROSOL,Nelore PO,SRRN301,02/01/2024,31.2,,22.0,15.0,28.03,1.0,34.1,1.0,737.0,39.0,150.0,Fazenda Santa Rita,Fabio Barbosa de Oliveira Junior,DIESEL DA MAGDA x CORONEL DA MN,DIESEL DA MAGDA,28810 SBX,po; carcaca-4-estrelas; maternal; novilhas; peso; reprodutivo; semiextensivo,https://loja.crvbrasil.com.br/semen/touros-de-corte-zebu/nelore/huno-agrosol-nelore,,,,,,,,,,,,,,,,,,,,,,,,,,,,,,,,,,,,,,,,,,,,,,,,,,,,,,,,,,,,,,,,38.0,86.3,8.0,37.0,0.27,17.0,45.0,1.96,24.0,40.0,-0.148,2.0,36.0,46.88,49.0,35.0,-0.07,20.0,44.0,-0.84,24.0,40.0,-0.05,76.0,30.0,9.02,26.0,43.0,21.53,15.0,33.0,22.23,15.0,45.0,1.45,10.0,41.0,86.35,8.0,30.0,44.0,3.1,14.0,34.0,3.76,23.0,0.0,0.0,37.0,9.44,9.0,45.0,0.68,66.0,,,,,,,,,,,,,,,,,,,,,,,,,,,,,,,,,,,,,,,,,,,,,,,,,,,,,,,,,,,,,,,,,,,,,,,,,,,,,,,,,,,,,,,,,,,,,,,,,,,,,,,,,,,,,,,,,,,,,,,,,,,,,,,,,,,,,,,,,,,,,,,,,,,,,,,,,,,,,,,,55.0,1.36,28.0,,0.06,94.0,47.0,5.03,4.0,55.0,9.62,0.5,20.0,86.05,0.5,44.0,1.43,4.0,57.0,11.02,2.0,33.0,-7.04,12.0,,54.0,-0.97,89.0,43.0,3.76,3.0,52.0,10.61,5.0,62.0,0.49,39.0,51.0,-0.03,27.0,57.0,21.63,2.0,55.0,1.67,2.0,,6.5,2.0,,11.13,2.0,,,,,,,,,,,,,,,,,,,,,,,,,,,,,,,,,,,,,,,,,,,,,,,,,,,,,,,,,,,,,,,,,,,,,,,,,,,,,,,,,,,,,,,,,,,,,,,,,,,,,,,,,,,,,,,,,,,,,,,,,,,,,,,,,,,,,,,,,,,,,,,,,,,,,,,,,,,,,,,,,,,,,,,,,,,,,,,,,,45.0,1.0,2.39,56.0,1.0,2.45,44.0,1.0,2.98,39.0,1.0,-28.8,48.0,5.0,0.13,44.0,1.0,5.66,58.0,1.0,14.31,58.0,1.0,8.13,55.0,3.0,0.46,48.0,1.0,3.38,58.0,1.0,-0.48,26.0,1.0,41.73,59.0,1.0,21.12,44.0,1.0,4.85,19.0,1.0,72.04,,,,,,,,,,,,,,,,,,,,,,,,,,,,,,,,,,,CORONEL DA MN,CAMPEÃO MN,147.0,46.0,1 ano e 10 meses,53.0,SBX28810,HUNO AGROSOL - NELORE,MAGD3292,217.0,72.0,SEMI-EXTENSIVO
10927,A3147 FIV GUADALUPE,IBOPE GUADALUPE,Nelore PO,FGPA3147,20/05/2022,36.5,,31.98,3.0,26.48,1.0,38.52,0.5,700.0,39.0,158.0,Guadalupe Agropecuária,"Guadalupe Agropecuária, Claudio Beleli e Eduardo da Costa",ESTORIL MAT x BELO J MACHADO,ESTORIL MAT,A1659 GUADALUPE,po; ifert; carcaca-3-estrelas; maternal; peso; reprodutivo; semiintensivo,https://loja.crvbrasil.com.br/semen/touros-de-corte-zebu/nelore/ibope-guadalupe-nelore,,,,,,,,,,,,,,,,,,,,,,,,,,,,,,,,,,,,,,,,,,,,,,,,,,,,,,,,,,,,,,,,58.0,79.71,31.0,64.0,1.0,2.0,65.0,4.25,5.0,45.0,-0.05,34.0,46.0,41.73,84.0,57.0,-0.23,7.0,43.0,-0.84,24.0,59.0,0.07,17.0,64.0,18.36,3.0,66.0,30.69,4.0,67.0,31.15,4.0,63.0,1.41,10.0,49.0,87.55,7.0,46.0,46.0,6.24,1.0,45.0,8.23,1.0,39.0,4.0,50.0,11.09,4.0,64.0,1.32,92.0,,,,,,,,,,,,,,,,,,,,,,,,,,,,,,,,,,,,,,,,,,,,,,,,,,,,,,,,,,,,,,,,,,,,,,,,,,,,,,,,,,,,,,,,,,,,,,,,,,,,,,,,,,,,,,,,,,,,,,,,,,,,,,,,,,,,,,,,,,,,,,,,,,,,,,,,,,,,,,,,60.0,3.53,2.0,,0.11,99.0,57.0,7.51,0.5,63.0,10.77,0.5,25.0,91.24,0.5,48.0,0.72,20.0,65.0,13.79,0.5,35.0,0.79,62.0,,58.0,0.63,24.0,53.0,3.82,2.0,63.0,14.96,0.5,68.0,2.13,0.5,61.0,0.96,99.0,65.0,28.75,0.5,57.0,0.66,19.0,,8.15,0.5,,12.57,0.5,,,,,,,,,,,,,,,,,,,,,,,,,,,,,,,,,,,,,,,,,,,,,,,,,,,,,,,,,,,,,,,,,,,,,,,,,,,,,,,,,,,,,,,,,,,,,,,,,,,,,,,,,,,,,,,,,,,,,,,,,,,,,,,,,,,,,,,,,,,,,,,,,,,,,,,,,,,,,,,,,,,,,,,,,,,,,,,,,,53.0,2.0,1.23,61.0,1.0,4.44,51.0,1.0,2.36,45.0,2.0,-14.58,53.0,4.0,0.34,51.0,1.0,6.04,64.0,1.0,25.41,67.0,1.0,15.71,60.0,1.0,1.33,52.0,1.0,3.4,68.0,10.0,0.72,30.0,2.0,37.07,64.0,1.0,31.33,51.0,1.0,6.81,17.0,1.0,52.88,,,,,,,,,,,,,,,,,,,,,,,,,,,,,,,,,,,BELO J MACHADO,QUARUP BONS,163.0,60.0,2 anos e 3 meses,60.0,FGPA1659,IBOPE GUADALUPE - NELORE,RDMA3064,224.0,80.0,SEMI-INTENSIVO
08848,ILHEUS  GC DA SL,ILHEUS GC DA SL,Nelore Pintado,GSCA1047,07/11/2018,43.7,,4.7,77.0,-1.46,7.0,8.3,40.0,1024.0,43.0,156.0,Geraldo de Souza Carvalho Júnior,Geraldo de Souza Carvalho Junior,BANNER V3 x BITELO SS,BANNER V3,ANGRA  GC DA SL,po; novilhas; semiextensivo,https://loja.crvbrasil.com.br/semen/touros-de-corte-zebu/nelore/ilheus-nelore,,,,,,,,,,,,,,,,,,,,,,,,,,,,,,,,,,,,,,,,,,,,,,,,,,,,,,,,,,,,,,,,7.0,49.88,95.0,17.0,-0.06,76.0,20.0,-0.01,84.0,5.0,0.05,96.0,19.0,47.28,46.0,17.0,-0.023,31.0,12.0,0.08,100.0,20.0,0.07,17.0,43.0,3.14,60.0,70.0,8.46,54.0,19.0,6.05,68.0,51.0,0.41,43.0,10.0,65.94,49.0,7.0,7.0,0.25,82.0,8.0,0.97,82.0,67.0,7.0,9.0,3.96,53.0,10.0,0.66,65.0,,,,,,,,,,,,,,,,,,,,,,,,,,,,,,,,,,,,,,,,,,,,,,,,,,,,,,,,,,,,,,,,,,,,,,,,,,,,,,,,,,,,,,,,,,,,,,,,,,,,,,,,,,,,,,,,,,,,,,,,,,,,,,,,,,,,,,,,,,,,,,,,,,,,,,,,,,,,,,,,19.0,0.58,48.0,,0.01,47.0,25.0,-0.84,84.0,26.0,-0.96,81.0,15.0,73.89,4.0,9.0,0.27,42.0,51.0,-0.12,70.0,12.0,4.98,87.0,,11.0,0.74,20.0,16.0,-0.1,62.0,54.0,-5.64,97.0,44.0,-0.5,87.0,51.0,-0.3,8.0,51.0,-5.76,91.0,24.0,0.77,16.0,,-2.11,92.0,,-3.3,92.0,,,,,,,,,,,,,,,,,,,,,,,,,,,,,,,,,,,,,,,,,,,,,,,,,,,,,,,,,,,,,,,,,,,,,,,,,,,,,,,,,,,,,,,,,,,,,,,,,,,,,,,,,,,,,,,,,,,,,,,,,,,,,,,,,,,,,,,,,,,,,,,,,,,,,,,,,,,,,,,,,,,,,,,,,,,,,,,,,,13.0,4.0,0.43,22.0,7.0,-0.17,37.0,10.0,-2.32,31.0,4.0,-6.16,13.0,7.0,-0.25,37.0,8.0,-0.57,52.0,10.0,-8.57,63.0,10.0,-4.6,23.0,8.0,-0.12,22.0,9.0,-1.77,63.0,1.0,-0.48,8.0,8.0,25.42,52.0,10.0,-10.3,37.0,7.0,-0.19,11.0,3.0,42.72,,,,,,,,,,,,,,,,,,,,,,,,,,,,,,,,,,,BITELO SS,LACADOR  L.CANCADO,163.0,59.0,3anos7meses,62.0,GSCA7,ILHEUS GC DA SL - NELORE,NEJA213,234.0,74.0,SEMI-EXTENSIVO
09936,JHVM 22893 FIV CAMPARINO,ÍMPETO CAMPARINO,Nelore PO,JHVM22893,20/09/2021,55.0,,30.05,4.0,25.1,1.0,36.97,0.5,874.0,42.0,159.0,Fazenda Camparino,"José Humberto Vilela Martins, Claudio Beleli e Eduardo da Costa",GUERREIRO CAMPARINO x REM ARMADOR,GUERREIRO CAMPARINO,DANCARINA CAMPARINO,po; ifert; carcaca-4-estrelas; maternal; peso; semiintensivo,https://loja.crvbrasil.com.br/semen/touros-de-corte-zebu/nelore/impeto-camparino-ne,,,,,,,,,,,,,,,,,,,,,,,,,,,,,,,,,,,,,,,,,,,,,,,,,,,,,,,,,,,,,,,,59.0,76.75,45.0,66.0,0.69,5.0,68.0,4.61,4.0,35.0,0.02,81.0,45.0,42.4,81.0,51.0,0.012,43.0,43.0,-0.86,22.0,61.0,-0.02,60.0,66.0,15.43,7.0,70.0,29.52,5.0,71.0,27.27,8.0,65.0,0.99,20.0,52.0,81.7,13.0,50.0,50.0,7.29,0.1,49.0,12.09,0.1,80.0,7.0,46.0,7.6,18.0,68.0,1.24,90.0,,,,,,,,,,,,,,,,,,,,,,,,,,,,,,,,,,,,,,,,,,,,,,,,,,,,,,,,,,,,,,,,,,,,,,,,,,,,,,,,,,,,,,,,,,,,,,,,,,,,,,,,,,,,,,,,,,,,,,,,,,,,,,,,,,,,,,,,,,,,,,,,,,,,,,,,,,,,,,,,55.0,4.01,1.0,,0.05,90.0,39.0,6.4,1.0,56.0,6.64,5.0,24.0,81.4,1.0,27.0,2.44,0.1,61.0,6.85,13.0,8.0,-1.27,46.0,,52.0,-0.82,85.0,27.0,5.86,0.1,57.0,11.51,3.0,66.0,1.24,10.0,57.0,0.1,42.0,61.0,18.36,5.0,63.0,2.99,0.1,,9.16,0.1,,14.46,0.1,,,,,,,,,,,,,,,,,,,,,,,,,,,,,,,,,,,,,,,,,,,,,,,,,,,,,,,,,,,,,,,,,,,,,,,,,,,,,,,,,,,,,,,,,,,,,,,,,,,,,,,,,,,,,,,,,,,,,,,,,,,,,,,,,,,,,,,,,,,,,,,,,,,,,,,,,,,,,,,,,,,,,,,,,,,,,,,,,,56.0,1.0,4.5,66.0,1.0,4.66,50.0,2.0,1.58,51.0,4.0,-8.11,57.0,7.0,-0.39,50.0,1.0,4.61,69.0,1.0,18.02,71.0,1.0,8.76,65.0,1.0,1.06,58.0,1.0,6.21,75.0,6.0,0.16,36.0,8.0,25.85,69.0,1.0,19.92,50.0,1.0,6.16,22.0,1.0,55.25,,,,,,,,,,,,,,,,,,,,,,,,,,,,,,,,,,,REM ARMADOR,FENOMENO CAMPARINO,174.0,57.0,2anos5meses,62.0,JHVM 17098,ÍMPETO CAMPARINO - NELORE,JHVM16405,234.0,83.0,SEMI-INTENSIVO
08979,ITUXI  DO GOLIAS,ITUXI DO GOLIAS,Nelore PO,FSAT4567,13/09/2019,38.9,,17.37,25.0,11.47,2.0,9.58,36.0,747.0,41.0,146.0,Nelore do Golias,Flavio Páscoa Telles de Menezes,TIJOLO DO GOLIAS x ERCULES DA SC,TIJOLO DO GOLIAS,ATHENAS DO GOLIAS,po; carcaca-5-estrelas; novilhas; semiintensivo,https://loja.crvbrasil.com.br/semen/touros-de-corte-zebu/nelore/ituxi-do-golias-nelore,,,,,,,,,,,,,,,,,,,,,,,,,,,,,,,,,,,,,,,,,,,,,,,,,,,,,,,,,,,,,,,,21.0,83.2,17.0,31.0,0.5,9.0,32.0,3.34,11.0,23.0,-0.1,8.0,23.0,71.37,0.1,21.0,-0.002,38.0,23.0,-0.81,27.0,32.0,0.26,0.5,27.0,5.08,48.0,39.0,13.18,33.0,73.0,14.65,32.0,35.0,0.47,38.0,23.0,82.77,12.0,21.0,23.0,1.32,50.0,23.0,1.92,62.0,0.0,0.0,23.0,6.84,22.0,25.0,-1.17,2.0,,,,,,,,,,,,,,,,,,,,,,,,,,,,,,,,,,,,,,,,,,,,,,,,,,,,,,,,,,,,,,,,,,,,,,,,,,,,,,,,,,,,,,,,,,,,,,,,,,,,,,,,,,,,,,,,,,,,,,,,,,,,,,,,,,,,,,,,,,,,,,,,,,,,,,,,,,,,,,,,11.0,1.66,22.0,,-0.04,6.0,7.0,3.88,11.0,8.0,2.1,45.0,7.0,61.15,19.0,8.0,1.04,11.0,16.0,-4.86,95.0,7.0,-11.58,2.0,,9.0,1.68,3.0,9.0,0.21,55.0,13.0,3.85,42.0,19.0,0.28,51.0,13.0,-0.51,3.0,16.0,-1.01,77.0,8.0,-0.45,65.0,,1.6,45.0,,1.03,60.0,,,,,,,,,,,,,,,,,,,,,,,,,,,,,,,,,,,,,,,,,,,,,,,,,,,,,,,,,,,,,,,,,,,,,,,,,,,,,,,,,,,,,,,,,,,,,,,,,,,,,,,,,,,,,,,,,,,,,,,,,,,,,,,,,,,,,,,,,,,,,,,,,,,,,,,,,,,,,,,,,,,,,,,,,,,,,,,,,,17.0,2.0,1.16,18.0,2.0,1.87,15.0,5.0,0.65,16.0,1.0,-22.8,17.0,1.0,2.43,15.0,1.0,3.62,16.0,4.0,5.67,20.0,4.0,3.95,15.0,8.0,-0.21,16.0,5.0,0.74,24.0,1.0,-0.43,6.0,2.0,37.5,17.0,5.0,4.75,15.0,1.0,3.76,11.0,1.0,48.97,,,,,,,,,,,,,,,,,,,,,,,,,,,,,,,,,,,ERCULES DA SC,FAULAD DA SC,148.0,50.0,2anos8meses,56.0,FSAT1641,ITUXI DO GOLIAS - NELORE,FSAT1554,211.0,75.0,SEMI-INTENSIVO
09075,H1818 DA MDLO,JAÓ DA MODELO,Nelore PO,MDLO1818,30/09/2020,25.9,,29.41,5.0,25.91,1.0,34.1,1.0,834.0,43.0,155.0,Fazenda Modelo,Ricardo A. Grassano,REM FIGURAO x REM ARMADOR,REM FIGURAO,F1078 DA MDLO,po; ifert; carcaca-4-estrelas; rp-ancp; maternal; peso; reprodutivo; semiintensivo,https://loja.crvbrasil.com.br/semen/touros-de-corte-zebu/nelore/jao-da-mdlo-nelore,,,,,,,,,,,,,,,,,,,,,,,,,,,,,,,,,,,,,,,,,,,,,,,,,,,,,,,,,,,,,,,,62.0,84.2,13.0,64.0,0.85,3.0,65.0,2.34,20.0,35.0,-0.09,10.0,65.0,44.25,71.0,46.0,-0.128,13.0,39.0,-1.62,0.1,55.0,0.03,33.0,65.0,21.38,1.0,71.0,35.54,2.0,72.0,35.45,2.0,70.0,2.19,2.0,51.0,81.61,14.0,42.0,42.0,2.94,15.0,42.0,4.56,15.0,32.0,2.0,51.0,11.72,3.0,64.0,1.27,90.0,,,,,,,,,,,,,,,,,,,,,,,,,,,,,,,,,,,,,,,,,,,,,,,,,,,,,,,,,,,,,,,,,,,,,,,,,,,,,,,,,,,,,,,,,,,,,,,,,,,,,,,,,,,,,,,,,,,,,,,,,,,,,,,,,,,,,,,,,,,,,,,,,,,,,,,,,,,,,,,,53.0,2.47,9.0,,0.06,97.0,54.0,3.73,13.0,48.0,8.24,2.0,21.0,77.91,2.0,51.0,0.56,27.0,55.0,12.18,1.0,36.0,-14.32,0.5,,42.0,0.89,15.0,46.0,4.23,2.0,47.0,15.5,0.5,65.0,2.43,0.5,41.0,0.74,96.0,55.0,27.68,0.5,61.0,1.3,6.0,,9.24,0.1,,12.93,0.5,,,,,,,,,,,,,,,,,,,,,,,,,,,,,,,,,,,,,,,,,,,,,,,,,,,,,,,,,,,,,,,,,,,,,,,,,,,,,,,,,,,,,,,,,,,,,,,,,,,,,,,,,,,,,,,,,,,,,,,,,,,,,,,,,,,,,,,,,,,,,,,,,,,,,,,,,,,,,,,,,,,,,,,,,,,,,,,,,,56.0,2.0,1.39,66.0,1.0,2.67,58.0,1.0,3.39,45.0,1.0,-26.53,52.0,2.0,0.86,58.0,1.0,4.03,66.0,1.0,24.1,67.0,1.0,14.28,66.0,1.0,1.35,53.0,1.0,3.97,68.0,9.0,0.48,31.0,1.0,49.91,67.0,1.0,28.03,58.0,1.0,7.32,21.0,1.0,52.06,,,,,,,,,,,,,,,,,,,,,,,,,,,,,,,,,,,REM ARMADOR,REM CALDONEGRO,163.0,64.0,2anos5meses,61.0,MDLO 1078,JAÓ DA MODELO - NELORE,REM A 1246,214.0,82.0,SEMI-INTENSIVO
09541,I2366 DA MODELO,KAIAPO DA MODELO,Nelore PO,MDLO2366,22/09/2021,25.9,,35.57,0.5,32.01,1.0,44.68,0.1,786.0,44.0,158.0,Fazenda Modelo,Ricardo Grassano,EL ZORRERO SINO x REM CALDONEGRO,EL ZORRERO SINO,G1309 DA MDLO,po; carcaca-4-estrelas; maternal; peso; reprodutivo; semiintensivo,https://loja.crvbrasil.com.br/semen/touros-de-corte-zebu/nelore/kaiapo-da-modelo-ne,,,,,,,,,,,,,,,,,,,,,,,,,,,,,,,,,,,,,,,,,,,,,,,,,,,,,,,,,,,,,,,,59.0,91.39,2.0,63.0,1.17,1.0,62.0,7.57,0.1,44.0,-0.02,56.0,66.0,37.01,98.0,49.0,0.04,55.0,43.0,-1.19,4.0,56.0,-0.04,71.0,63.0,18.65,3.0,65.0,32.92,3.0,68.0,35.56,2.0,60.0,1.9,4.0,52.0,88.01,6.0,45.0,45.0,3.77,8.0,45.0,4.66,14.0,29.0,1.0,54.0,10.14,6.0,63.0,1.32,92.0,,,,,,,,,,,,,,,,,,,,,,,,,,,,,,,,,,,,,,,,,,,,,,,,,,,,,,,,,,,,,,,,,,,,,,,,,,,,,,,,,,,,,,,,,,,,,,,,,,,,,,,,,,,,,,,,,,,,,,,,,,,,,,,,,,,,,,,,,,,,,,,,,,,,,,,,,,,,,,,,57.0,6.4,0.1,,0.05,93.0,48.0,7.27,0.5,20.0,10.84,0.5,22.0,84.2,1.0,45.0,3.08,0.1,27.0,14.05,0.5,33.0,-5.96,16.0,,8.0,-0.21,62.0,42.0,3.32,4.0,26.0,15.26,0.5,46.0,2.11,1.0,22.0,0.26,60.0,27.0,29.31,0.5,56.0,1.6,3.0,,7.45,1.0,,11.93,1.0,,,,,,,,,,,,,,,,,,,,,,,,,,,,,,,,,,,,,,,,,,,,,,,,,,,,,,,,,,,,,,,,,,,,,,,,,,,,,,,,,,,,,,,,,,,,,,,,,,,,,,,,,,,,,,,,,,,,,,,,,,,,,,,,,,,,,,,,,,,,,,,,,,,,,,,,,,,,,,,,,,,,,,,,,,,,,,,,,,55.0,1.0,5.91,63.0,1.0,6.11,51.0,3.0,1.18,43.0,1.0,-30.02,51.0,6.0,-0.22,51.0,1.0,5.41,64.0,1.0,22.96,66.0,1.0,15.2,63.0,1.0,1.77,50.0,1.0,3.69,67.0,8.0,0.36,30.0,1.0,53.81,65.0,1.0,27.9,51.0,1.0,6.26,20.0,1.0,57.05,,,,,,,,,,,,,,,,,,,,,,,,,,,,,,,,,,,REM CALDONEGRO,REM ESPIÃO007,168.0,60.0,2anose5meses,60.0,MDLO 1309,KAIAPO DA MODELO - NELORE,SINO 1730,221.0,79.0,SEMI-INTENSIVO
09799,9624 JR TAR,KING DA JR,Nelore PO,JRBT B9624,07/09/2021,31.2,,33.11,2.0,25.98,1.0,30.15,2.0,790.0,40.0,164.0,Nelore JR,Julio Bernardes,GÊNIO DA HORA x CAMPEÃO DA MN,GÊNIO DA HORA,ARMADA JR TAR,po; carcaca-5-estrelas; car; maternal; peso; reprodutivo; semiextensivo,https://loja.crvbrasil.com.br/semen/touros-de-corte-zebu/nelore/king-jr-nelore,,,,,,,,,,,,,,,,,,,,,,,,,,,,,,,,,,,,,,,,,,,,,,,,,,,,,,,,,,,,,,,,54.0,82.17,20.0,59.0,0.08,38.0,61.0,5.5,2.0,38.0,-0.05,34.0,45.0,39.76,95.0,48.0,0.279,98.0,41.0,-0.97,13.0,53.0,0.12,7.0,65.0,20.45,2.0,66.0,35.91,1.0,71.0,40.02,0.5,64.0,1.29,13.0,50.0,89.29,5.0,46.0,46.0,4.33,5.0,46.0,7.39,3.0,8.0,1.0,49.0,12.39,2.0,67.0,1.47,95.0,,,,,,,,,,,,,,,,,,,,,,,,,,,,,,,,,,,,,,,,,,,,,,,,,,,,,,,,,,,,,,,,,,,,,,,,,,,,,,,,,,,,,,,,,,,,,,,,,,,,,,,,,,,,,,,,,,,,,,,,,,,,,,,,,,,,,,,,,,,,,,,,,,,,,,,,,,,,,,,,6.0,3.13,4.0,,-0.01,24.0,10.0,5.32,3.0,11.0,8.73,1.0,5.0,71.1,6.0,5.0,1.27,6.0,14.0,7.93,9.0,5.0,-4.94,21.0,,4.0,1.36,6.0,8.0,3.89,2.0,19.0,16.97,0.1,19.0,1.96,1.0,24.0,1.15,99.0,14.0,24.9,1.0,13.0,0.88,13.0,,8.7,0.5,,14.08,0.5,,,,,,,,,,,,,,,,,,,,,,,,,,,,,,,,,,,,,,,,,,,,,,,,,,,,,,,,,,,,,,,,,,,,,,,,,,,,,,,,,,,,,,,,,,,,,,,,,,,,,,,,,,,,,,,,,,,,,,,,,,,,,,,,,,,,,,,,,,,,,,,,,,,,,,,,,,,,,,,,,,,,,,,,,,,,,,,,,,10.0,1.0,1.73,12.0,1.0,3.44,11.0,2.0,1.64,10.0,2.0,-15.99,8.0,1.0,1.84,11.0,1.0,3.87,26.0,1.0,18.88,34.0,1.0,13.86,13.0,1.0,0.75,13.0,1.0,4.33,35.0,10.0,1.26,8.0,2.0,38.87,26.0,1.0,22.06,11.0,1.0,3.53,8.0,1.0,59.82,,,,,,,,,,,,,,,,,,,,,,,,,,,,,,,,,,,CAMPEÃO DA MN,TRUCK ALO BRASIL,169.0,53.0,2anos7meses,61.0,JRBT B7103,KING JR - NELORE,HORA 3061,212.0,75.0,SEMI-EXTENSIVO
08031,KOCHI KA,KOCHI KA,Nelore PO,KAPO330,20/10/2014,343.9,,22.31,14.0,19.19,1.0,24.11,5.0,1139.0,40.0,160.0,Katayama Pecuária,"Katayama Pecuária, Grupo Caminho e CRV",BACKUP x AVESSO DA BELA,BACKUP,GARATUJA KA,po; ceip; ifert; carcaca-5-estrelas; car; peso; reprodutivo; semiextensivo,https://loja.crvbrasil.com.br/semen/touros-de-corte-zebu/nelore/kochi-ka-nelore,,,,,,,,,,,,,,,,,,,,,,,,,,,,,,,,,,,,,,,,,,,,,,,,,,,,,,,,,,,,,,,,87.0,81.92,21.0,87.0,0.04,51.0,89.0,5.66,2.0,46.0,-0.09,11.0,79.0,45.71,60.0,72.0,0.18,91.0,76.0,-1.03,10.0,76.0,0.09,11.0,95.0,14.68,8.0,96.0,24.54,11.0,94.0,25.9,9.0,93.0,2.14,2.0,83.0,87.06,7.0,79.0,79.0,-2.63,100.0,78.0,-3.9,100.0,1248.0,50.0,55.0,7.87,16.0,96.0,1.0,81.0,,,,,,,,,,,,,,,,,,,,,,,,,,,,,,,,,,,,,,,,,,,,,,,,,,,,,,,,,,,,,,,,,,,,,,,,,,,,,,,,,,,,,,,,,,,,,,,,,,,,,,,,,,,,,,,,,,,,,,,,,,,,,,,,,,,,,,,,,,,,,,,,,,,,,,,,,,,,,,,,82.0,5.16,0.1,,0.04,82.0,77.0,4.44,7.0,81.0,7.78,3.0,63.0,67.77,9.0,75.0,1.7,2.0,84.0,7.44,11.0,68.0,-9.63,5.0,,80.0,2.63,0.1,76.0,-3.12,99.0,83.0,11.28,4.0,86.0,2.14,0.5,82.0,0.33,68.0,84.0,18.71,5.0,79.0,-0.53,68.0,,0.29,65.0,,1.3,58.0,,,,,,,,,,,,,,,,,,,,,,,,,,,,,,,,,,,,,,,,,,,,,,,,,,,,,,,,,,,,,,,,,,,,,,,,,,,,,,,,,,,,,,,,,,,,,,,,,,,,,,,,,,,,,,,,,,,,,,,,,,,,,,,,,,,,,,,,,,,,,,,,,,,,,,,,,,,,,,,,,,,,,,,,,,,,,,,,,,82.0,1.0,2.32,87.0,1.0,5.64,85.0,3.0,1.32,81.0,2.0,-16.09,78.0,1.0,2.79,85.0,1.0,3.99,92.0,1.0,17.96,93.0,1.0,11.55,89.0,1.0,1.48,86.0,10.0,-3.2,93.0,8.0,0.41,62.0,1.0,50.52,93.0,1.0,20.75,85.0,1.0,4.08,47.0,1.0,50.5,,,,,,,,,,,,,,,,,,,,,,,,,,,,,,,,,,,AVESSO DA BELA,GABINETE DO IZ,173.0,60.0,5anos9meses,62.0,KAPM1457,KOCHI KA - NELORE,AAAP1653,249.0,81.0,SEMI-EXTENSIVO
08945,MAAB VINDOURO,MAAB VINDOURO,Nelore PO,MAB2580,09/11/2014,31.2,,14.59,32.0,6.17,4.0,6.89,45.0,1055.0,46.0,160.0,Nelore MAAB,Marco Antonio Andrade Barbosa,BITELO DS x HELIACO DA JAVA,BITELO DS,MAAB CALADA,po; car; peso; semiintensivo,https://loja.crvbrasil.com.br/semen/touros-de-corte-zebu/nelore/maab-vindouro-nelore,,,,,,,,,,,,,,,,,,,,,,,,,,,,,,,,,,,,,,,,,,,,,,,,,,,,,,,,,,,,,,,,20.0,83.97,14.0,18.0,-0.29,99.0,21.0,0.98,43.0,15.0,-0.04,46.0,18.0,51.11,17.0,17.0,0.382,100.0,20.0,-1.34,2.0,18.0,-0.12,99.0,33.0,6.47,38.0,33.0,15.38,28.0,18.0,15.41,30.0,41.0,0.75,27.0,22.0,69.8,38.0,18.0,24.0,2.07,29.0,23.0,3.29,30.0,0.0,0.0,19.0,5.95,29.0,34.0,0.99,81.0,,,,,,,,,,,,,,,,,,,,,,,,,,,,,,,,,,,,,,,,,,,,,,,,,,,,,,,,,,,,,,,,,,,,,,,,,,,,,,,,,,,,,,,,,,,,,,,,,,,,,,,,,,,,,,,,,,,,,,,,,,,,,,,,,,,,,,,,,,,,,,,,,,,,,,,,,,,,,,,,65.0,0.64,47.0,,0.0,42.0,60.0,3.77,12.0,65.0,4.0,23.0,32.0,49.31,48.0,58.0,-0.93,93.0,68.0,5.23,23.0,53.0,-6.44,14.0,,64.0,0.55,27.0,58.0,0.85,39.0,66.0,9.96,7.0,70.0,0.05,64.0,63.0,0.79,97.0,68.0,15.19,11.0,62.0,-1.16,89.0,,3.64,17.0,,5.66,18.0,,,,,,,,,,,,,,,,,,,,,,,,,,,,,,,,,,,,,,,,,,,,,,,,,,,,,,,,,,,,,,,,,,,,,,,,,,,,,,,,,,,,,,,,,,,,,,,,,,,,,,,,,,,,,,,,,,,,,,,,,,,,,,,,,,,,,,,,,,,,,,,,,,,,,,,,,,,,,,,,,,,,,,,,,,,,,,,,,,51.0,10.0,-2.21,61.0,3.0,1.35,52.0,1.0,2.35,50.0,3.0,-9.99,54.0,3.0,0.7,52.0,2.0,2.73,68.0,1.0,13.21,72.0,1.0,9.57,62.0,7.0,-0.01,56.0,4.0,0.99,71.0,10.0,0.57,36.0,1.0,40.5,70.0,1.0,16.81,52.0,2.0,2.4,33.0,8.0,28.69,,,,,,,,,,,,,,,,,,,,,,,,,,,,,,,,,,,HELIACO DA JAVA,ENCARTE DS,180.0,60.0,7anos6meses,62.0,MAB 1475,MAAB VINDOURO - NELORE,TECO105,224.0,79.0,SEMI-INTENSIVO
09023,MACAUBA FM,MACAÚBA FM,Nelore CEIP,29120FM,14/08/2020,36.5,,,,,,,,977.0,40.0,162.0,Agropecuária Maragogipe,Agropecuária Maragogipe,DAKOTA AJ x DVORAK AJ,DAKOTA AJ,55815FM,ceip; maternal; novilhas; peso; semiextensivo,https://loja.crvbrasil.com.br/semen/touros-de-corte-zebu/nelore/macauba-fm-nelore,0.88,1.0,0.2,0.85,1.0,0.34,0.88,2.0,5.64,0.85,1.0,38.48,0.85,1.0,44.12,0.85,1.0,4.37,0.88,2.0,2.4,0.85,1.0,6.77,0.52,4.0,0.61,0.87,4.0,7.13,0.84,3.0,13.44,0.76,1.0,-6.16,0.88,5.0,0.0,0.85,3.0,0.16,0.88,3.0,0.12,0.81,1.0,0.66,0.91,1.0,-0.64,0.85,2.0,0.21,0.5,1.0,12.89,0.92,10.0,0.36,0.89,9.0,0.42,,,,,,,,,,,,,,,,,,,,,,,,,,,,,,,,,,,,,,,,,,,,,,,,,,,,,,,,,,,,,,,,,,,,,,,,,,,,,,,,,,,,,,,,,,,,,,,,,,,,,,,,,,,,,,,,,,,,,,,,,,,,,,,,,,,,,,,,,,,,,,,,,,,,,,,0.8,1.0,0.28,,,,0.8,1.0,8.54,,,,,,,,,,0.8,1.0,3.88,,,,0.61,4.0,1.04,0.76,1.0,18.6,,,,,,,0.8,1.0,0.28,,,,0.8,1.0,0.41,,,,0.86,2.0,-0.58,,,,0.55,1.0,11.88,0.79,10.0,0.38,,,,,,,,,,,,,,,,,,,,,,,,,,,,,,,,,,,,,,,,,,,,,,,,,,,,,,,,,,,,,,,,,,,,,,,,,,,,,,,,,,,,,,,,,,,,,,,,,,,,,,,,,,,,,,,,,,,,,,,,,,,,,,,,,,,,,,,,,,,,,,,,,,,,,,,,,,,,,,,,,,,,,,,,,,,,,,,,,,,,,,,,,,,,,,,,,,,,,,,,,,,,,,,,,,,,,,,,,,,,,,,,,,,,,,,,,,,,,,,,,,,,,,,,,,,,,,,,,,,,,,,,,,,,,,,,,,,,,,,,,,,,,,,,,,,,,,,,,,,,,,,,,,,,,,,,DVORAK AJ,CARDEAL AJ,167.0,67.0,3anose4meses,65.0,55815FM,MACAÚBA FM - NELORE,793709AJN,240.0,84.0,SEMI-EXTENSIVO
11913,MALBEC FC CACHOEIRÃO,MALBEC CACHOEIRÃO,Nelore PO,FCCH3216,10/07/2023,31.2,,38.74,0.1,36.6,1.0,47.02,0.1,773.0,42.0,158.0,Nelore Cachoeirão,Jose Rodrigues Pereira e Irmãos,DIPLOMATA AGRONOVA x KOCHI KA,DIPLOMATA AGRONOVA,2459 FC CACHOEIRAO,po; carcaca-4-estrelas; car; peso; reprodutivo; semiintensivo,https://loja.crvbrasil.com.br/semen/touros-de-corte-zebu/nelore/malbec-cachoeirao-nelore-11393,,,,,,,,,,,,,,,,,,,,,,,,,,,,,,,,,,,,,,,,,,,,,,,,,,,,,,,,,,,,,,,,55.0,92.56,1.0,61.0,0.54,8.0,61.0,5.74,1.0,40.0,-0.12,4.0,42.0,38.69,97.0,50.0,0.141,85.0,41.0,-1.1,7.0,57.0,0.01,44.0,64.0,26.74,0.1,64.0,43.78,0.1,65.0,42.31,0.1,62.0,2.25,2.0,48.0,99.13,1.0,44.0,44.0,2.81,17.0,44.0,3.79,23.0,0.0,0.0,42.0,10.43,5.0,64.0,2.3,100.0,,,,,,,,,,,,,,,,,,,,,,,,,,,,,,,,,,,,,,,,,,,,,,,,,,,,,,,,,,,,,,,,,,,,,,,,,,,,,,,,,,,,,,,,,,,,,,,,,,,,,,,,,,,,,,,,,,,,,,,,,,,,,,,,,,,,,,,,,,,,,,,,,,,,,,,,,,,,,,,,58.0,4.86,0.5,,0.03,79.0,49.0,8.3,0.1,58.0,13.11,0.1,23.0,93.97,0.1,45.0,1.95,1.0,60.0,18.22,0.1,35.0,-14.26,0.5,,56.0,0.18,43.0,45.0,2.97,7.0,55.0,23.93,0.1,66.0,2.6,0.1,54.0,2.04,99.0,60.0,42.16,0.1,57.0,0.09,41.0,,10.49,0.1,,16.47,0.1,,,,,,,,,,,,,,,,,,,,,,,,,,,,,,,,,,,,,,,,,,,,,,,,,,,,,,,,,,,,,,,,,,,,,,,,,,,,,,,,,,,,,,,,,,,,,,,,,,,,,,,,,,,,,,,,,,,,,,,,,,,,,,,,,,,,,,,,,,,,,,,,,,,,,,,,,,,,,,,,,,,,,,,,,,,,,,,,,,52.0,1.0,2.98,60.0,1.0,5.22,50.0,1.0,4.65,44.0,1.0,-19.51,52.0,9.0,-0.83,50.0,1.0,7.04,61.0,1.0,33.36,62.0,1.0,21.21,60.0,1.0,2.23,52.0,2.0,1.92,63.0,10.0,2.05,29.0,1.0,59.05,62.0,1.0,41.48,50.0,1.0,7.08,18.0,1.0,65.24,,,,,,,,,,,,,,,,,,,,,,,,,,,,,,,,,,,KOCHI KA,REM ESPIÃO007,149.0,42.0,2 ano e 3 meses,51.0,FCCH2459,MALBEC CACHOEIRÃO - NELORE,FANO2762,214.0,70.0,SEMI-INTENSIVO
11937,MAQUINA FIV FVC,MAQUINA FVC,Nelore PO,FVCP3119,01/07/2023,31.2,,34.13,2.0,35.4,1.0,46.05,0.1,701.0,43.0,153.0,Fazenda Vera Cruz,Fazenda Vera Cruz e Fazenda São Pedro,DIPLOMATA AGRONOVA x LIDER FVC,DIPLOMATA AGRONOVA,VENTANIA FVC,po; carcaca-5-estrelas; car; maternal; peso; reprodutivo; semiintensivo,https://loja.crvbrasil.com.br/semen/touros-de-corte-zebu/nelore/maquina-fvc-nelore-11395,,,,,,,,,,,,,,,,,,,,,,,,,,,,,,,,,,,,,,,,,,,,,,,,,,,,,,,,,,,,,,,,58.0,81.19,24.0,64.0,0.65,6.0,65.0,5.58,2.0,40.0,-0.12,4.0,45.0,34.7,100.0,54.0,-0.22,7.0,40.0,-0.79,29.0,59.0,0.12,7.0,62.0,21.35,1.0,66.0,38.88,0.5,70.0,38.96,0.5,63.0,2.28,1.0,51.0,82.8,12.0,44.0,44.0,5.39,2.0,44.0,7.11,3.0,0.0,0.0,42.0,14.25,0.1,64.0,1.55,96.0,,,,,,,,,,,,,,,,,,,,,,,,,,,,,,,,,,,,,,,,,,,,,,,,,,,,,,,,,,,,,,,,,,,,,,,,,,,,,,,,,,,,,,,,,,,,,,,,,,,,,,,,,,,,,,,,,,,,,,,,,,,,,,,,,,,,,,,,,,,,,,,,,,,,,,,,,,,,,,,,61.0,5.39,0.1,,-0.02,17.0,52.0,6.01,2.0,60.0,10.1,0.5,23.0,90.82,0.5,49.0,2.32,0.5,62.0,15.95,0.1,35.0,-4.83,22.0,,59.0,1.3,7.0,45.0,3.95,2.0,58.0,20.15,0.1,68.0,2.17,0.5,57.0,1.09,99.0,62.0,36.1,0.1,55.0,1.29,6.0,,9.67,0.1,,15.87,0.1,,,,,,,,,,,,,,,,,,,,,,,,,,,,,,,,,,,,,,,,,,,,,,,,,,,,,,,,,,,,,,,,,,,,,,,,,,,,,,,,,,,,,,,,,,,,,,,,,,,,,,,,,,,,,,,,,,,,,,,,,,,,,,,,,,,,,,,,,,,,,,,,,,,,,,,,,,,,,,,,,,,,,,,,,,,,,,,,,,51.0,1.0,4.03,59.0,1.0,4.86,49.0,1.0,3.47,44.0,1.0,-29.79,51.0,1.0,1.83,49.0,1.0,5.62,60.0,1.0,30.09,61.0,1.0,18.38,59.0,1.0,1.17,51.0,1.0,2.82,62.0,10.0,1.26,29.0,1.0,43.9,61.0,1.0,35.68,49.0,1.0,5.2,19.0,1.0,66.01,,,,,,,,,,,,,,,,,,,,,,,,,,,,,,,,,,,LIDER FVC,REM ESPIÃO007,155.0,50.0,2 anos e 3 meses,48.0,FVC14178,MAQUINA FVC - NELORE,FANO2762,229.0,80.0,SEMI-INTENSIVO
04936,MAREL DO IZ,MAREL DO IZ,Nelore PO,I3157,08/09/1992,31.2,,12.26,39.0,3.7,5.0,8.51,39.0,,,,Instituto De Zootecnia,Instituto De Zootecnia,ESCALDADO x VASTO,ESCALDADO,ENGINA,po; novilhas; semiextensivo,https://loja.crvbrasil.com.br/semen/touros-de-corte-zebu/nelore/marel-iz-nelore,,,,,,,,,,,,,,,,,,,,,,,,,,,,,,,,,,,,,,,,,,,,,,,,,,,,,,,,,,,,,,,,88.0,81.76,22.0,74.0,0.42,11.0,78.0,0.34,68.0,32.0,0.03,84.0,79.0,46.47,53.0,54.0,-0.378,3.0,81.0,-0.57,53.0,58.0,0.08,14.0,94.0,4.56,51.0,97.0,8.12,56.0,96.0,11.65,41.0,90.0,0.09,70.0,94.0,78.84,18.0,74.0,84.0,0.19,84.0,83.0,-0.31,96.0,919.0,71.0,74.0,5.33,33.0,92.0,0.13,38.0,,,,,,,,,,,,,,,,,,,,,,,,,,,,,,,,,,,,,,,,,,,,,,,,,,,,,,,,,,,,,,,,,,,,,,,,,,,,,,,,,,,,,,,,,,,,,,,,,,,,,,,,,,,,,,,,,,,,,,,,,,,,,,,,,,,,,,,,,,,,,,,,,,,,,,,,,,,,,,,,80.0,0.75,44.0,,0.0,43.0,77.0,1.09,54.0,80.0,3.76,25.0,74.0,53.13,37.0,73.0,0.94,13.0,83.0,4.3,30.0,75.0,-4.01,27.0,,77.0,0.8,18.0,79.0,0.27,53.0,82.0,-0.08,75.0,85.0,-0.11,72.0,82.0,-0.09,22.0,83.0,4.23,54.0,78.0,-0.19,53.0,,-0.06,70.0,,-1.11,79.0,42.0,1.6,50.0,8.0,-0.01,46.0,5.0,0.03,83.0,7.0,0.1,17.0,14.0,0.81,62.0,25.0,4.31,53.0,30.0,22.54,39.0,35.0,0.32,38.0,37.0,1.23,45.0,28.0,2.82,28.0,,,,,,,,,,,,,,,,,,,,,,,,,,,,,,,,,,,,,,,,,,,,,,,,,,,,,,,,,,,,,,,,,,,,,,,,,,,,,,,,,,,,,,,,,,,,,,,,,,,,,,,,,,,,,,,,,,,,,,,,,,,,,,,,,,,,,,,,,,,,,,,,,,,,70.0,5.0,0.278,78.0,4.0,0.81,86.0,10.0,-1.302,90.0,4.0,-6.21,68.0,2.0,1.04,86.0,3.0,1.88,91.0,6.0,1.41,94.0,7.0,0.29,84.0,9.0,-0.303,91.0,5.0,0.38,94.0,3.0,-0.13,50.0,8.0,25.5,93.0,4.0,5.85,86.0,2.0,2.571,83.0,4.0,38.65,,,,,,,,,,,,,,,,,,,,,,,,,,,,,,,,,,,VASTO,ANDARILHO,,,-,,CD3999,MAREL IZ - NELORE,E1406,,,SEMI-EXTENSIVO
12182,MAROLO 3BA,MAROLO 3BA,Nelore CEIP,3441233BA,20/09/2023,28.3,,,,,,,,629.0,40.0,141.0,Agropecuária 3 Barras,José Francisco F. Micheloni + Condomínio,VINHÁTICO 3BA x -,VINHÁTICO 3BA,6657163BA,ceip; maternal; peso; semiextensivo,https://loja.crvbrasil.com.br/semen/touros-de-corte-zebu/nelore/marolo-3ba-nelore,,,,,,,,,,,,,,,,,,,,,,,,,,,,,,,,,,,,,,,,,,,,,,,,,,,,,,,,,,,,,,,,,,,,,,,,,,,,,,,,,,,,,,,,,,,,,,,,,,,,,,,,,,,,,,,,,,,,,,,,,,,,,,,,,,,,,,,,,,,,,,,,,,,,,,,,,,,,,,,,,,,,,,,,,,,,,,,,,,,,,,,,,,,,,,,,,,,,,,,,,,,,,,,,,,,,,,,1.0,0.2,,1.0,0.25,,1.0,7.13,,1.0,47.12,,1.0,54.26,,1.0,6.07,,1.0,3.48,,,,,,,,1.0,18.49,,1.0,22.63,,3.0,-4.12,,1.0,0.42,,1.0,0.57,,1.0,0.38,,5.0,0.06,,10.0,1.05,,1.0,0.52,,1.0,16.88,,9.0,0.44,,9.0,0.42,,,,,,,,,,,,,,,,,,,,,,,,,,,,,,,,,,,,,,,,,,,,,,,,,,,,,,,,,,,,,,,,,,,,,,,,,,,,,,,,,,,,,,,,,,,,,,,,,,,,,,,,,,,,,,,,,,,,,,,,,,,,,,,,,,,,,,,,,,,,,,,,,,,,,,,,,,,,,,,,,,,,,,,,,,,,,,,,,,,,,,,,,,,,,,,,,,,,,,,,,,,,,,,,,,,,,,,,,,,,,,,,,,,,,,,,,,,,,,,,,,,,,,,,,,,,,,,,,,,,,,,,,,,,,,,,,,,,,,,,,,,,,,,,,,,,,,,,,,,,,,,,,,,,,-,PARDO FM,149.0,53.0,2 anos e 1 mês,52.0,6657163BA,MAROLO 3BA - NELORE,7453173BA,202.0,70.0,SEMI-EXTENSIVO
08471,MAROTO DA ELGE,MAROTO DA ELGE,Nelore PO,ELGE4789,09/12/2016,24.8,,14.87,31.0,,,20.18,10.0,929.0,44.0,155.0,Chácara Naviraí,MARCELO BARBOSA STRANG,QUICHUA DA TRADIÇÃO x GENERAL DA MN,QUICHUA DA TRADIÇÃO,2502 DA ELGE,po; maternal; novilhas; semiextensivo,https://loja.crvbrasil.com.br/semen/touros-de-corte-zebu/nelore/maroto-elge-nelore,,,,,,,,,,,,,,,,,,,,,,,,,,,,,,,,,,,,,,,,,,,,,,,,,,,,,,,,,,,,,,,,38.0,68.76,74.0,65.0,0.16,24.0,67.0,0.23,73.0,14.0,-0.07,22.0,40.0,54.3,6.0,25.0,-0.222,7.0,28.0,-0.32,82.0,67.0,0.06,20.0,56.0,4.61,51.0,73.0,12.38,36.0,15.0,11.93,40.0,64.0,0.88,23.0,13.0,76.83,22.0,13.0,22.0,4.86,3.0,24.0,6.5,5.0,79.0,5.0,8.0,8.41,13.0,64.0,-0.91,4.0,,,,,,,,,,,,,,,,,,,,,,,,,,,,,,,,,,,,,,,,,,,,,,,,,,,,,,,,,,,,,,,,,,,,,,,,,,,,,,,,,,,,,,,,,,,,,,,,,,,,,,,,,,,,,,,,,,,,,,,,,,,,,,,,,,,,,,,,,,,,,,,,,,,,,,,,,,,,,,,,76.0,0.47,51.0,,0.09,99.0,73.0,3.62,14.0,76.0,5.43,11.0,29.0,71.48,6.0,72.0,0.48,31.0,78.0,4.59,28.0,70.0,1.06,64.0,,75.0,0.4,33.0,72.0,3.52,4.0,76.0,2.5,54.0,79.0,0.69,29.0,75.0,-0.19,14.0,78.0,7.09,40.0,60.0,1.81,2.0,,4.29,12.0,,6.66,12.0,,,,,,,,,,,,,,,,,,,,,,,,,,,,,,,,,,,,,,,,,,,,,,,,,,,,,,,,,,,,,,,,,,,,,,,,,,,,,,,,,,,,,,,,,,,,,,,,,,,,,,,,,,,,,,,,,,,,,,,,,,,,,,,,,,,,,,,,,,,,,,,,,,,,,,,,,,,,,,,,,,,,,,,,,,,,,,,,,,,,,,,,,,,,,,,,,,,,,,,,,,,,,,,,,,,,,,,,,,,,,,,,,,,,,,,,,,,,,,,,,,,,,,,,,,,,,,,,,GENERAL DA MN,DARDO,175.0,60.0,3anos8meses,62.0,ELGE2502,MAROTO ELGE - NELORE,UTIL719,230.0,82.0,SEMI-EXTENSIVO
08318,MASTER DA GREN,MASTER GREN,Nelore PO,GRENA2618,25/08/2016,33.9,,19.64,19.0,15.88,1.0,11.58,29.0,1105.0,44.0,155.0,Nelore Grendene,Agropecuária Grendene e Danilo A.Vinhal,CAMPEÃO DA MN x BACKUP,CAMPEÃO DA MN,3066 DA GREN.,po; ifert; carcaca-4-estrelas; car; pnat; novilhas; semiextensivo,https://loja.crvbrasil.com.br/semen/touros-de-corte-zebu/nelore/master-da-gren-nelore,,,,,,,,,,,,,,,,,,,,,,,,,,,,,,,,,,,,,,,,,,,,,,,,,,,,,,,,,,,,,,,,87.0,84.56,12.0,70.0,0.58,7.0,73.0,1.66,28.0,36.0,-0.15,1.0,82.0,48.03,40.0,65.0,-0.439,2.0,60.0,-1.15,5.0,56.0,0.17,3.0,87.0,8.07,30.0,89.0,14.05,31.0,91.0,16.97,26.0,85.0,0.56,34.0,84.0,88.22,6.0,63.0,63.0,2.21,26.0,63.0,4.37,17.0,497.0,9.0,45.0,11.24,4.0,89.0,-0.55,11.0,,,,,,,,,,,,,,,,,,,,,,,,,,,,,,,,,,,,,,,,,,,,,,,,,,,,,,,,,,,,,,,,,,,,,,,,,,,,,,,,,,,,,,,,,,,,,,,,,,,,,,,,,,,,,,,,,,,,,,,,,,,,,,,,,,,,,,,,,,,,,,,,,,,,,,,,,,,,,,,,68.0,0.59,48.0,,-0.02,17.0,61.0,1.94,38.0,67.0,3.45,28.0,55.0,66.82,10.0,59.0,0.73,20.0,75.0,0.0,69.0,57.0,0.8,62.0,,66.0,2.07,1.0,64.0,0.36,51.0,73.0,1.07,66.0,77.0,0.05,64.0,70.0,-0.26,11.0,75.0,1.08,69.0,63.0,0.86,13.0,,0.33,65.0,,0.59,65.0,,,,,,,,,,,,,,,,,,,,,,,,,,,,,,,,,,,,,,,,,,,,,,,,,,,,,,,,,,,,,,,,,,,,,,,,,,,,,,,,,,,,,,,,,,,,,,,,,,,,,,,,,,,,,,,,,,,,,,,,,,,,,,,,,,,,,,,,,,,,,,,,,,,,,,,,,,,,,,,,,,,,,,,,,,,,,,,,,,56.0,1.0,1.8,67.0,4.0,0.8,82.0,10.0,-2.98,63.0,1.0,-19.31,50.0,1.0,2.22,82.0,4.0,1.12,83.0,5.0,3.78,86.0,6.0,1.76,72.0,5.0,0.25,71.0,6.0,0.25,86.0,1.0,-0.47,40.0,7.0,28.41,85.0,5.0,4.97,82.0,3.0,1.91,27.0,1.0,64.92,,,,,,,,,,,,,,,,,,,,,,,,,,,,,,,,,,,BACKUP,HUNO DA MN,183.0,66.0,5anos8meses,61.0,GRED3066,MASTER DA GRENDENE - NELORE,LBMND4685,237.0,75.0,SEMI-EXTENSIVO
08249,MISTERIO  CASS,MISTÉRIO CASS,Nelore PO,CASS1957,17/06/2015,209.0,,10.71,44.0,-6.4,9.0,-11.24,93.0,,,,Nelore CASS,"Roberto Bavaresco, Carlos Eduardo de Paula Alvarez e Jairo de Paula e Silva",KAYAK MAFRA x BIG BEN DA S NICE,KAYAK MAFRA,FLAGRA SJ COCAL,po; semiintensivo,https://loja.crvbrasil.com.br/semen/touros-de-corte-zebu/nelore/misterio-nelore,,,,,,,,,,,,,,,,,,,,,,,,,,,,,,,,,,,,,,,,,,,,,,,,,,,,,,,,,,,,,,,,38.0,86.35,8.0,46.0,-0.26,98.0,49.0,2.04,23.0,27.0,-0.08,15.0,39.0,39.19,96.0,18.0,0.279,98.0,35.0,-1.05,9.0,24.0,-0.15,100.0,55.0,12.1,15.0,75.0,17.58,23.0,45.0,16.81,26.0,65.0,-0.01,79.0,25.0,48.04,91.0,25.0,34.0,-2.16,100.0,39.0,-2.43,100.0,83.0,9.0,16.0,0.34,100.0,64.0,1.55,96.0,,,,,,,,,,,,,,,,,,,,,,,,,,,,,,,,,,,,,,,,,,,,,,,,,,,,,,,,,,,,,,,,,,,,,,,,,,,,,,,,,,,,,,,,,,,,,,,,,,,,,,,,,,,,,,,,,,,,,,,,,,,,,,,,,,,,,,,,,,,,,,,,,,,,,,,,,,,,,,,,74.0,-1.35,91.0,,0.01,57.0,70.0,-1.18,88.0,73.0,-0.16,74.0,68.0,36.55,81.0,69.0,-1.09,96.0,78.0,-2.43,86.0,68.0,4.33,84.0,,73.0,-2.93,99.0,72.0,-3.47,99.0,76.0,0.32,72.0,79.0,-0.47,86.0,75.0,0.39,74.0,78.0,-2.1,81.0,67.0,-0.89,81.0,,-2.8,95.0,,-4.92,97.0,,,,,,,,,,,,,,,,,,,,,,,,,,,,,,,,,,,,,,,,,,,,,,,,,,,,,,,,,,,,,,,,,,,,,,,,,,,,,,,,,,,,,,,,,,,,,,,,,,,,,,,,,,,,,,,,,,,,,,,,,,,,,,,,,,,,,,,,,,,,,,,,,,,,,,,,,,,,,,,,,,,,,,,,,,,,,,,,,,50.0,10.0,-2.22,62.0,9.0,-1.01,78.0,7.0,0.04,71.0,7.0,0.47,51.0,10.0,-3.17,78.0,6.0,0.3,82.0,8.0,-0.78,85.0,6.0,1.23,69.0,7.0,0.0,71.0,10.0,-2.57,85.0,9.0,0.44,34.0,9.0,21.72,83.0,8.0,-1.51,78.0,6.0,0.31,48.0,9.0,24.52,,,,,,,,,,,,,,,,,,,,,,,,,,,,,,,,,,,BIG BEN DA S NICE,BASCO DA SM,,,-,,COC668,MISTÉRIO CASS - NELORE,CAMT3083,,,SEMI-INTENSIVO
08706,MORRAD DA PEÇA RARA,MORRAD PEÇA RARA,Nelore PO,PECA7885,22/01/2019,24.8,,,,16.44,1.0,14.75,21.0,980.0,44.0,156.0,Peça Rara Agropecuária,"Valdenilson C. Mendes, Fazenda Rio Madeira, José L. Oliveira, Marcelo B. Souza, Felipe A. S. Tavares, Igor A. Azevedo, Alex S. Guaitolini",JANON PECA RARA x GANGES COL,JANON PECA RARA,OITA DA PECA RARA,po; ceip; carcaca-3-estrelas; car; peso; reprodutivo; semiintensivo,https://loja.crvbrasil.com.br/semen/touros-de-corte-zebu/nelore/morrad-da-peca-rara-nelore,,,,,,,,,,,,,,,,,,,,,,,,,,,,,,,,,,,,,,,,,,,,,,,,,,,,,,,,,,,,,,,,,,,,,,,,,,,,,,,,,,,,,,,,,,,,,,,,,,,,,,,,,,,,,,,,,,,,,,,,,,,,,,,,,,,,,,,,,,,,,,,,,,,,,,,,,,,,,,,,,,,,,,,,,,,,,,,,,,,,,,,,,,,,,,,,,,,,,,,,,,,,,,,,,,,,,,,,,,,,,,,,,,,,,,,,,,,,,,,,,,,,,,,,,,,,,,,,,,,,,,,,,,,,,,,,,,,,,6.0,2.81,6.0,,0.07,98.0,14.0,5.47,3.0,16.0,8.29,2.0,14.0,60.01,21.0,3.0,0.34,38.0,44.0,9.92,4.0,12.0,-4.66,23.0,,3.0,0.62,24.0,18.0,-2.81,98.0,36.0,10.15,6.0,30.0,0.65,31.0,27.0,0.91,99.0,44.0,20.07,4.0,21.0,-1.73,97.0,,-0.05,70.0,,0.9,62.0,,,,,,,,,,,,,,,,,,,,,,,,,,,,,,,,,,,,,,,,,,,,,,,,,,,,,,,,,,,,,,,,,,,,,,,,,,,,,,,,,,,,,,,,,,,,,,0.87,1.0,3.24,2.07,0.86,1.0,3.18,1.42,0.87,1.0,205.75,1.71,,1.0,408.89,1.45,0.86,2.0,203.19,1.01,,,4.66,0.93,,1.0,19.07,1.17,,1.0,15.75,1.02,0.64,1.0,904.27,1.8,0.87,1.0,3.27,1.91,0.86,1.0,3.28,1.7,0.87,1.0,3.19,1.33,0.79,10.0,26.61,-3.87,0.79,10.0,27.03,-1.92,0.87,1.0,292.6,1.33,0.66,10.0,31.91,-3.68,0.86,2.0,3.1,0.57,,1.0,19.82,1.62,0.86,2.0,1.92,0.95,0.87,9.0,2.07,-0.67,0.86,10.0,2.14,-1.26,5.0,4.0,0.52,12.0,2.0,2.16,32.0,3.0,1.06,19.0,1.0,-22.97,5.0,6.0,-0.08,32.0,1.0,4.63,42.0,1.0,13.26,54.0,1.0,10.24,23.0,4.0,0.27,25.0,10.0,-2.96,58.0,8.0,0.36,7.0,1.0,40.71,43.0,1.0,17.68,32.0,1.0,3.72,10.0,1.0,55.25,,,,,,,,,,,,,,,,,,,,,,,,,,,,,,,,,,,GANGES COL,JUBILEU PECA RARA,180.0,65.0,4anos2meses,63.0,PECA4933,MORRAD DA PEÇA RARA - NELORE,PECA4581,231.0,83.0,SEMI-INTENSIVO
09074,H1666 DA MDLO,MUTUM DA MODELO,Nelore PO,MDLO1666,16/11/2020,25.9,,31.79,3.0,29.28,1.0,41.48,0.1,863.0,37.0,153.0,Fazenda Modelo,"Ricardo A. Grassano, Antonio M. S. Albuquerque e Jfiel Repr. de Produtos Agropecuarios",REM GALO x REM CALDONEGRO,REM GALO,F981 DA MDLO,po; ifert; carcaca-5-estrelas; maternal; peso; reprodutivo; semiintensivo,https://loja.crvbrasil.com.br/semen/touros-de-corte-zebu/nelore/mutum-da-mdlo-nelore,,,,,,,,,,,,,,,,,,,,,,,,,,,,,,,,,,,,,,,,,,,,,,,,,,,,,,,,,,,,,,,,41.0,91.1,2.0,63.0,1.12,1.0,65.0,3.9,7.0,41.0,-0.08,15.0,65.0,52.14,12.0,50.0,-0.25,6.0,42.0,-1.75,0.1,57.0,0.07,17.0,66.0,19.32,2.0,70.0,33.9,2.0,70.0,33.08,3.0,63.0,1.56,8.0,31.0,94.58,3.0,31.0,46.0,2.94,15.0,45.0,3.61,25.0,14.0,2.0,55.0,12.35,2.0,65.0,1.04,83.0,,,,,,,,,,,,,,,,,,,,,,,,,,,,,,,,,,,,,,,,,,,,,,,,,,,,,,,,,,,,,,,,,,,,,,,,,,,,,,,,,,,,,,,,,,,,,,,,,,,,,,,,,,,,,,,,,,,,,,,,,,,,,,,,,,,,,,,,,,,,,,,,,,,,,,,,,,,,,,,,67.0,2.39,10.0,,0.1,99.0,52.0,5.81,2.0,66.0,9.42,1.0,26.0,87.17,0.5,52.0,2.26,0.5,69.0,17.1,0.1,37.0,-11.31,3.0,,64.0,0.22,41.0,46.0,1.98,18.0,62.0,18.79,0.1,72.0,2.3,0.5,60.0,0.71,95.0,69.0,35.89,0.1,61.0,1.21,7.0,,7.45,1.0,,11.91,1.0,,,,,,,,,,,,,,,,,,,,,,,,,,,,,,,,,,,,,,,,,,,,,,,,,,,,,,,,,,,,,,,,,,,,,,,,,,,,,,,,,,,,,,,,,,,,,,,,,,,,,,,,,,,,,,,,,,,,,,,,,,,,,,,,,,,,,,,,,,,,,,,,,,,,,,,,,,,,,,,,,,,,,,,,,,,,,,,,,,55.0,1.0,4.75,64.0,1.0,2.42,49.0,1.0,5.57,44.0,1.0,-17.67,52.0,2.0,1.07,49.0,1.0,5.29,64.0,1.0,26.87,65.0,1.0,15.04,61.0,1.0,1.25,52.0,1.0,3.02,66.0,10.0,0.72,31.0,1.0,47.75,65.0,1.0,32.95,49.0,1.0,5.68,18.0,1.0,58.32,,,,,,,,,,,,,,,,,,,,,,,,,,,,,,,,,,,REM CALDONEGRO,REM ESPIÃO007,170.0,62.0,2anos4meses,59.0,MDLO 981,MUTUM DA MODELO - NELORE,REM A 1576,214.0,79.0,SEMI-INTENSIVO
09755,I2504 DA MODELO,NAURU DA MODELO,Nelore PO,MDLO2504,21/09/2021,33.9,,33.46,2.0,26.58,1.0,37.74,0.5,716.0,40.0,147.0,Fazenda Modelo,Ricardo Grassano,REM HERMOSO  x REM ARMADOR,REM HERMOSO,F1068 DA MDLO,po; ifert; carcaca-4-estrelas; car; peso; reprodutivo; semiextensivo,https://loja.crvbrasil.com.br/semen/touros-de-corte-zebu/nelore/nauro-da-modelo-nelore,,,,,,,,,,,,,,,,,,,,,,,,,,,,,,,,,,,,,,,,,,,,,,,,,,,,,,,,,,,,,,,,60.0,96.61,0.1,64.0,1.03,2.0,66.0,4.09,6.0,42.0,-0.18,0.5,45.0,38.13,97.0,53.0,-0.43,2.0,44.0,-1.36,1.0,60.0,-0.08,92.0,63.0,19.37,2.0,69.0,32.42,3.0,68.0,36.02,2.0,66.0,2.27,1.0,51.0,93.83,3.0,48.0,48.0,2.43,22.0,47.0,4.1,19.0,0.0,0.0,48.0,10.58,5.0,64.0,1.02,82.0,,,,,,,,,,,,,,,,,,,,,,,,,,,,,,,,,,,,,,,,,,,,,,,,,,,,,,,,,,,,,,,,,,,,,,,,,,,,,,,,,,,,,,,,,,,,,,,,,,,,,,,,,,,,,,,,,,,,,,,,,,,,,,,,,,,,,,,,,,,,,,,,,,,,,,,,,,,,,,,,62.0,2.59,8.0,,0.07,98.0,53.0,7.49,0.5,62.0,10.15,0.5,24.0,85.88,0.5,49.0,3.62,0.1,63.0,10.95,2.0,36.0,-7.85,9.0,,60.0,-1.55,98.0,48.0,1.34,29.0,59.0,9.15,9.0,68.0,2.05,1.0,58.0,0.53,85.0,63.0,20.1,4.0,60.0,1.99,1.0,,3.43,19.0,,7.49,9.0,,,,,,,,,,,,,,,,,,,,,,,,,,,,,,,,,,,,,,,,,,,,,,,,,,,,,,,,,,,,,,,,,,,,,,,,,,,,,,,,,,,,,,,,,,,,,,,,,,,,,,,,,,,,,,,,,,,,,,,,,,,,,,,,,,,,,,,,,,,,,,,,,,,,,,,,,,,,,,,,,,,,,,,,,,,,,,,,,,55.0,1.0,7.16,65.0,1.0,3.86,52.0,3.0,1.17,46.0,1.0,-19.73,55.0,9.0,-0.85,52.0,1.0,6.39,65.0,1.0,19.15,66.0,1.0,9.09,65.0,1.0,1.48,55.0,3.0,1.23,66.0,7.0,0.24,31.0,1.0,59.65,66.0,1.0,26.08,52.0,1.0,6.96,19.0,1.0,58.0,,,,,,,,,,,,,,,,,,,,,,,,,,,,,,,,,,,REM ARMADOR,REM ESPIÃO007,160.0,57.0,2anose5meses,62.0,MDLO 1068,NAURU DA MODELO - NELORE,REMP 816,214.0,80.0,SEMI-EXTENSIVO
10900,6527 FIV DA ELGE,NAVAL DA ELGE,Nelore PO,ELGE6527,07/11/2021,31.2,,,,13.65,2.0,18.39,13.0,732.0,40.0,148.0,Fazenda Elge,Fazenda Elge,OUTDOOR DA DICA x ATOL DA ELGE,OUTDOOR DA DICA,5353 DA ELGE,po; carcaca-5-estrelas; novilhas; extensivo,https://loja.crvbrasil.com.br/semen/touros-de-corte-zebu/nelore/naval-da-elge-nelore,,,,,,,,,,,,,,,,,,,,,,,,,,,,,,,,,,,,,,,,,,,,,,,,,,,,,,,,,,,,,,,,,,,,,,,,,,,,,,,,,,,,,,,,,,,,,,,,,,,,,,,,,,,,,,,,,,,,,,,,,,,,,,,,,,,,,,,,,,,,,,,,,,,,,,,,,,,,,,,,,,,,,,,,,,,,,,,,,,,,,,,,,,,,,,,,,,,,,,,,,,,,,,,,,,,,,,,,,,,,,,,,,,,,,,,,,,,,,,,,,,,,,,,,,,,,,,,,,,,,,,,,,,,,,,,,,,,,,56.0,3.12,4.0,,0.03,73.0,49.0,3.04,21.0,55.0,5.99,8.0,25.0,66.67,10.0,46.0,1.86,1.0,57.0,4.54,28.0,37.0,5.99,91.0,,55.0,2.09,1.0,45.0,0.06,58.0,53.0,0.26,72.0,61.0,0.36,46.0,52.0,-0.32,7.0,57.0,4.8,51.0,53.0,1.04,10.0,,0.75,58.0,,-0.24,72.0,,,,,,,,,,,,,,,,,,,,,,,,,,,,,,,,,,,,,,,,,,,,,,,,,,,,,,,,,,,,,,,,,,,,,,,,,,,,,,,,,,,,,,,,,,,,,,,,,,,,,,,,,,,,,,,,,,,,,,,,,,,,,,,,,,,,,,,,,,,,,,,,,,,,,,,,,,,,,,,,,,,,,,,,,,,,,,,,,,48.0,1.0,3.53,59.0,1.0,2.95,43.0,10.0,-1.02,41.0,4.0,-7.59,51.0,1.0,2.07,43.0,1.0,5.98,59.0,6.0,2.84,60.0,5.0,2.16,56.0,5.0,0.18,49.0,8.0,-0.85,61.0,1.0,-0.48,24.0,7.0,27.8,61.0,5.0,4.31,43.0,1.0,7.39,19.0,1.0,59.09,,,,,,,,,,,,,,,,,,,,,,,,,,,,,,,,,,,ATOL DA ELGE,HOATCHI LEMGRUBER,156.0,55.0,2anose8meses,54.0,ELGE5353,NAVAL DA ELGE - NELORE,DICO9657,222.0,76.0,EXTENSIVO
09070,NIMBUS KA,NIMBUS KA,Nelore PO,KAPO1987,09/11/2017,38.9,,26.34,8.0,21.87,1.0,19.68,11.0,1034.0,45.0,153.0,Katayama Pecuária,Katayama Pecuária e Rosana H. B. Vinhal,KOCHI KA x GANGES COL,KOCHI KA,LINDALVA KA,po; ifert; carcaca-4-estrelas; peso; reprodutivo; semiextensivo,https://loja.crvbrasil.com.br/semen/touros-de-corte-zebu/nelore/nimbus-ka-nelore,,1.0,0.24,,5.0,0.03,,1.0,8.23,,8.0,-16.52,,7.0,-8.29,,9.0,-2.19,,1.0,3.71,,4.0,1.51,,0.0,-2.04,0.97,2.0,12.37,0.94,,7.07,,5.0,-1.13,,2.0,0.15,,2.0,0.16,,3.0,0.09,,1.0,1.3,,10.0,1.3,,5.0,0.02,,3.0,6.6,,0.0,0.38,,0.0,0.35,86.0,84.94,11.0,84.0,0.2,21.0,86.0,4.27,5.0,34.0,-0.14,2.0,79.0,42.97,78.0,56.0,-0.19,9.0,60.0,-1.12,6.0,58.0,0.05,24.0,89.0,16.6,5.0,92.0,28.09,7.0,94.0,26.98,8.0,87.0,2.36,1.0,84.0,98.26,2.0,59.0,59.0,-0.69,96.0,57.0,0.96,82.0,590.0,16.0,62.0,10.19,6.0,91.0,1.31,91.0,,,,,,,,,,,,,,,,,,,,,,,,,,,,,,,,,,,,,,,,,,,,,,,,,,,,,,,,,,,,,,,,,,,,,,,,,,,,,,,,,,,,,,,,,,,,,,,,,,,,,,,,,,,,,,,,,,,,,,,,,,,,,,,,,,,,,,,,,,,,,,,,,,,,,,,,,,,,,,,,80.0,2.38,10.0,,0.01,44.0,75.0,7.18,0.5,76.0,8.1,2.0,35.0,78.78,2.0,74.0,0.56,27.0,80.0,1.84,52.0,71.0,-0.65,51.0,,74.0,2.37,0.5,73.0,-3.22,99.0,79.0,11.81,3.0,84.0,2.57,0.1,78.0,0.92,99.0,80.0,13.65,15.0,67.0,-0.19,53.0,,1.11,53.0,,1.34,57.0,,,,,,,,,,,,,,,,,,,,,,,,,,,,,,,,,,,,,,,,,,,,,,,,,,,,,,,,,,,,,,,,,,,,,,,,,,,,,,,,,,,,,,,,,,,,,,,,,,,,,,,,,,,,,,,,,,,,,,,,,,,,,,,,,,,,,,,,,,,,,,,,,,,,,,,,,,,,,,,,,,,,,,,,,,,,,,,,,,80.0,4.0,0.73,85.0,1.0,2.6,64.0,1.0,1.91,63.0,1.0,-20.44,53.0,1.0,2.02,64.0,1.0,4.4,87.0,1.0,13.35,88.0,1.0,10.47,79.0,1.0,2.03,68.0,10.0,-2.82,88.0,10.0,1.17,43.0,1.0,42.12,88.0,2.0,12.92,64.0,1.0,4.65,23.0,1.0,66.48,,,,,,,,,,,,,,,,,,,,,,,,,,,,,,,,,,,GANGES COL,BACKUP,175.0,62.0,5anos4meses,59.0,KAPO180,NIMBUS KA - NELORE,KAPO 330,241.0,82.0,SEMI-EXTENSIVO
09685,5244 KATISPERA,NOBEL KATISPERA,Nelore PO,KAT5244,01/10/2021,31.2,,28.25,6.0,21.32,1.0,28.87,2.0,799.0,42.0,157.0,Nelore Katispera,Daniel Branco Perin Sanches,REM GLADIADOR x GANGES COL,REM GLADIADOR,MAYA BONS,po; carcaca-5-estrelas; maternal; peso; reprodutivo; semiextensivo,https://loja.crvbrasil.com.br/semen/touros-de-corte-zebu/nelore/nobel-katispera-nelore,,,,,,,,,,,,,,,,,,,,,,,,,,,,,,,,,,,,,,,,,,,,,,,,,,,,,,,,,,,,,,,,62.0,85.47,10.0,65.0,0.71,5.0,66.0,3.62,9.0,46.0,-0.03,47.0,47.0,40.94,86.0,54.0,-0.121,14.0,45.0,-0.85,23.0,63.0,0.05,24.0,65.0,17.36,4.0,69.0,28.28,6.0,70.0,31.8,4.0,65.0,1.94,3.0,53.0,82.13,13.0,50.0,50.0,2.82,17.0,50.0,4.92,12.0,3.0,1.0,47.0,10.15,6.0,65.0,1.17,88.0,,,,,,,,,,,,,,,,,,,,,,,,,,,,,,,,,,,,,,,,,,,,,,,,,,,,,,,,,,,,,,,,,,,,,,,,,,,,,,,,,,,,,,,,,,,,,,,,,,,,,,,,,,,,,,,,,,,,,,,,,,,,,,,,,,,,,,,,,,,,,,,,,,,,,,,,,,,,,,,,58.0,2.27,11.0,,0.14,99.0,48.0,6.12,2.0,58.0,9.81,0.5,29.0,74.65,4.0,49.0,1.19,7.0,61.0,9.32,5.0,39.0,-1.75,43.0,,56.0,0.91,15.0,42.0,1.61,24.0,57.0,13.47,2.0,68.0,2.4,0.5,57.0,0.44,78.0,61.0,22.78,2.0,60.0,-0.24,56.0,,5.39,5.0,,8.16,6.0,,,,,,,,,,,,,,,,,,,,,,,,,,,,,,,,,,,,,,,,,,,,,,,,,,,,,,,,,,,,,,,,,,,,,,,,,,,,,,,,,,,,,,,,,,,,,,,,,,,,,,,,,,,,,,,,,,,,,,,,,,,,,,,,,,,,,,,,,,,,,,,,,,,,,,,,,,,,,,,,,,,,,,,,,,,,,,,,,,54.0,1.0,2.5,63.0,1.0,2.29,51.0,1.0,3.55,48.0,1.0,-20.28,56.0,2.0,0.9,51.0,1.0,4.87,65.0,1.0,19.33,67.0,1.0,11.66,62.0,1.0,1.38,55.0,2.0,2.25,68.0,8.0,0.35,35.0,5.0,31.02,66.0,1.0,24.24,51.0,1.0,5.37,20.0,2.0,48.06,,,,,,,,,,,,,,,,,,,,,,,,,,,,,,,,,,,GANGES COL,REM DULLDOG,173.0,60.0,2anose3meses,78.0,BONS 2636,NOBEL KATISPERA - NELORE,REM A1811,220.0,78.0,SEMI-EXTENSIVO
09058,NÓRDICO KA,NÓRDICO KA,Nelore PO,KAPM7918,29/11/2017,36.5,,29.24,5.0,30.0,1.0,29.91,2.0,1088.0,47.0,160.0,Katayama Pecuária,Wilson Roberto Codogno Filho,BACKUP x REM USP,BACKUP,MADELON KA,po; ifert; carcaca-3-estrelas; car; maternal; peso; reprodutivo; semiintensivo,https://loja.crvbrasil.com.br/semen/touros-de-corte-zebu/nelore/nordico-ka-nelore,0.85,1.0,0.54,,,,0.85,1.0,15.52,,,,,,,,,,0.85,1.0,7.99,,,,0.53,1.0,3.95,0.84,1.0,24.06,,,,,,,0.85,1.0,0.26,,,,0.85,3.0,0.09,,,,0.88,5.0,-0.06,,,,0.54,2.0,10.08,0.88,1.0,0.58,,,,73.0,80.7,27.0,74.0,0.05,48.0,75.0,5.65,2.0,41.0,-0.09,14.0,67.0,43.0,78.0,52.0,0.151,87.0,53.0,-0.9,19.0,58.0,0.08,14.0,79.0,14.66,8.0,82.0,33.71,2.0,82.0,33.88,2.0,76.0,0.99,20.0,67.0,77.09,21.0,54.0,54.0,5.84,1.0,53.0,8.04,2.0,200.0,9.0,34.0,12.91,1.0,83.0,1.08,85.0,,,,,,,,,,,,,,,,,,,,,,,,,,,,,,,,,,,,,,,,,,,,,,,,,,,,,,,,,,,,,,,,,,,,,,,,,,,,,,,,,,,,,,,,,,,,,,,,,,,,,,,,,,,,,,,,,,,,,,,,,,,,,,,,,,,,,,,,,,,,,,,,,,,,,,,,,,,,,,,,71.0,4.86,0.5,,0.07,99.0,65.0,3.1,20.0,70.0,6.07,8.0,30.0,72.13,5.0,63.0,-0.68,87.0,73.0,8.74,6.0,55.0,-12.26,2.0,,66.0,-0.27,64.0,61.0,5.17,0.5,71.0,12.28,2.0,78.0,1.71,3.0,70.0,0.3,64.0,73.0,21.02,3.0,66.0,1.47,4.0,,8.63,0.5,,13.66,0.5,,,,,,,,,,,,,,,,,,,,,,,,,,,,,,,,,,,,,,,,,,,,,,,,,,,,,,,,,,,,,,,,,,,,,,,,,,,,,,,,,,,,,,,,,,,,,,,,,,,,,,,,,,,,,,,,,,,,,,,,,,,,,,,,,,,,,,,,,,,,,,,,,,,,,,,,,,,,,,,,,,,,,,,,,,,,,,,,,,69.0,6.0,-0.22,76.0,1.0,5.65,55.0,1.0,2.77,53.0,1.0,-17.32,58.0,6.0,-0.23,55.0,1.0,3.59,78.0,1.0,21.09,79.0,1.0,11.03,72.0,2.0,0.68,63.0,1.0,6.49,80.0,7.0,0.29,39.0,2.0,36.99,79.0,1.0,25.68,55.0,4.0,1.45,27.0,1.0,67.11,,,,,,,,,,,,,,,,,,,,,,,,,,,,,,,,,,,REM USP,GABINETE DO IZ,170.0,65.0,4anos7meses,62.0,KAPM 6050,NÓRDICO KA - NELORE,AAAP 1653,242.0,86.0,SEMI-INTENSIVO
08287,ORACULO DA DI GÊNIO,ORÁCULO DA DI GÊNIO,Nelore PO,JCDG9105,10/09/2016,25.9,,14.35,33.0,16.55,1.0,17.38,15.0,1225.0,43.0,163.0,Nelore Di Gênio,Nelore Di Gênio,GOLDEN DA DI GÊNIO x EFEITO DI GÊNIO,GOLDEN DA DI GÊNIO,JACARA DA DI GÊNIO,po; peso; reprodutivo; semiintensivo,https://loja.crvbrasil.com.br/semen/touros-de-corte-zebu/nelore/oraculo-nelore,,,,,,,,,,,,,,,,,,,,,,,,,,,,,,,,,,,,,,,,,,,,,,,,,,,,,,,,,,,,,,,,10.0,82.06,21.0,9.0,-0.14,89.0,10.0,1.55,29.0,18.0,-0.03,51.0,12.0,47.48,44.0,6.0,0.136,85.0,11.0,-0.71,37.0,7.0,-0.03,65.0,18.0,7.88,31.0,24.0,14.98,29.0,9.0,15.13,31.0,25.0,0.38,46.0,13.0,67.87,43.0,9.0,11.0,1.47,43.0,13.0,2.56,44.0,0.0,0.0,7.0,5.28,34.0,31.0,0.71,67.0,,,,,,,,,,,,,,,,,,,,,,,,,,,,,,,,,,,,,,,,,,,,,,,,,,,,,,,,,,,,,,,,,,,,,,,,,,,,,,,,,,,,,,,,,,,,,,,,,,,,,,,,,,,,,,,,,,,,,,,,,,,,,,,,,,,,,,,,,,,,,,,,,,,,,,,,,,,,,,,,65.0,0.82,42.0,,0.02,70.0,59.0,4.07,10.0,64.0,4.84,15.0,28.0,67.78,9.0,56.0,0.36,37.0,71.0,4.54,28.0,52.0,-9.0,6.0,,64.0,-0.82,85.0,60.0,0.08,58.0,69.0,11.42,4.0,73.0,1.03,16.0,68.0,0.44,78.0,71.0,15.96,9.0,63.0,-0.26,56.0,,3.26,21.0,,6.16,15.0,,,,,,,,,,,,,,,,,,,,,,,,,,,,,,,,,,,,,,,,,,,,,,,,,,,,,,,,,,,,,,,,,,,,,,,,,,,,,,,,,,,,,,,,,,,,,,,,,,,,,,,,,,,,,,,,,,,,,,,,,,,,,,,,,,,,,,,,,,,,,,,,,,,,,,,,,,,,,,,,,,,,,,,,,,,,,,,,,,53.0,9.0,-1.21,65.0,5.0,0.47,66.0,3.0,1.26,62.0,1.0,-23.03,58.0,9.0,-0.84,66.0,2.0,2.78,75.0,1.0,16.43,79.0,1.0,10.63,71.0,1.0,0.96,63.0,5.0,0.48,82.0,9.0,0.46,40.0,6.0,29.01,77.0,1.0,16.59,66.0,3.0,2.32,26.0,1.0,50.6,,,,,,,,,,,,,,,,,,,,,,,,,,,,,,,,,,,EFEITO DI GÊNIO,QUARK COL,182.0,58.0,5anos9meses,60.0,JCDN2545,ORÁCULO DA DI GENIO - NELORE,JCDG2562,237.0,82.0,SEMI-INTENSIVO
08873,OSMIO KA,ÓSMIO KA,Nelore PO,KAPM8386,06/09/2018,25.9,,20.74,17.0,21.74,1.0,23.29,6.0,1045.0,43.0,154.0,Katayama Pecuária,Katayama Pecuária,REM VOKOLO x NUR MAHAL COL,REM VOKOLO,DELAVOL KA,po; carcaca-3-estrelas; maternal; peso; reprodutivo; semiintensivo,https://loja.crvbrasil.com.br/semen/touros-de-corte-zebu/nelore/osmio-ka-nelore,,,,,,,,,,,,,,,,,,,,,,,,,,,,,,,,,,,,,,,,,,,,,,,,,,,,,,,,,,,,,,,,84.0,86.28,8.0,79.0,0.05,48.0,81.0,2.98,14.0,39.0,0.04,90.0,79.0,40.59,87.0,48.0,0.012,43.0,52.0,-1.21,3.0,54.0,0.08,14.0,87.0,11.01,18.0,89.0,28.7,6.0,90.0,21.5,16.0,83.0,1.34,12.0,82.0,77.63,20.0,54.0,54.0,1.74,36.0,54.0,2.08,58.0,223.0,7.0,30.0,9.95,7.0,88.0,1.17,88.0,,,,,,,,,,,,,,,,,,,,,,,,,,,,,,,,,,,,,,,,,,,,,,,,,,,,,,,,,,,,,,,,,,,,,,,,,,,,,,,,,,,,,,,,,,,,,,,,,,,,,,,,,,,,,,,,,,,,,,,,,,,,,,,,,,,,,,,,,,,,,,,,,,,,,,,,,,,,,,,,68.0,1.41,27.0,,0.06,96.0,54.0,2.09,35.0,59.0,5.36,12.0,29.0,77.12,3.0,54.0,0.12,50.0,68.0,7.26,11.0,40.0,-22.79,0.1,,53.0,1.56,4.0,51.0,1.79,21.0,65.0,7.07,18.0,75.0,0.97,17.0,62.0,0.48,81.0,68.0,14.33,13.0,59.0,0.98,11.0,,3.29,21.0,,6.11,15.0,,,,,,,,,,,,,,,,,,,,,,,,,,,,,,,,,,,,,,,,,,,,,,,,,,,,,,,,,,,,,,,,,,,,,,,,,,,,,,,,,,,,,,,,,,,,,,,,,,,,,,,,,,,,,,,,,,,,,,,,,,,,,,,,,,,,,,,,,,,,,,,,,,,,,,,,,,,,,,,,,,,,,,,,,,,,,,,,,,75.0,4.0,0.62,81.0,3.0,1.53,49.0,1.0,4.12,50.0,1.0,-42.08,48.0,1.0,1.5,49.0,1.0,3.26,82.0,1.0,12.19,83.0,1.0,7.65,73.0,1.0,0.93,62.0,1.0,2.99,83.0,9.0,0.56,39.0,1.0,61.9,83.0,1.0,15.21,49.0,2.0,3.24,28.0,1.0,56.73,,,,,,,,,,,,,,,,,,,,,,,,,,,,,,,,,,,NUR MAHAL COL,REM RICKET,173.0,59.0,3anos8meses,60.0,KAPL1184,OSMIO KA - NELORE,REM6447,240.0,80.0,SEMI-INTENSIVO
08817,PACTUAL KA,PACTUAL KA,Nelore PO,KAPO3331,29/08/2019,21.9,,27.06,7.0,25.28,1.0,28.59,3.0,978.0,45.0,161.0,Katayama Pecuária,Katayama Pecuária,REM ATOLO x GANGLIO KA,REM ATOLO,1264 KA,po; carcaca-3-estrelas; maternal; peso; reprodutivo; semiintensivo,https://loja.crvbrasil.com.br/semen/touros-de-corte-zebu/nelore/pactual-ka-nelore,,,,,,,,,,,,,,,,,,,,,,,,,,,,,,,,,,,,,,,,,,,,,,,,,,,,,,,,,,,,,,,,84.0,92.42,1.0,67.0,0.6,7.0,69.0,2.06,23.0,33.0,-0.02,53.0,77.0,43.41,76.0,44.0,-0.261,5.0,44.0,-1.31,2.0,50.0,-0.11,98.0,78.0,15.0,8.0,80.0,30.22,5.0,83.0,26.48,9.0,75.0,2.64,0.1,84.0,90.71,4.0,44.0,44.0,2.63,19.0,44.0,5.04,11.0,100.0,5.0,58.0,9.38,9.0,84.0,1.06,84.0,,,,,,,,,,,,,,,,,,,,,,,,,,,,,,,,,,,,,,,,,,,,,,,,,,,,,,,,,,,,,,,,,,,,,,,,,,,,,,,,,,,,,,,,,,,,,,,,,,,,,,,,,,,,,,,,,,,,,,,,,,,,,,,,,,,,,,,,,,,,,,,,,,,,,,,,,,,,,,,,37.0,0.5,51.0,,0.09,99.0,20.0,3.29,18.0,22.0,6.78,5.0,8.0,79.43,2.0,24.0,0.8,17.0,42.0,12.35,1.0,13.0,-12.78,2.0,,7.0,0.48,30.0,20.0,0.71,43.0,41.0,11.87,3.0,41.0,2.79,0.1,39.0,1.08,99.0,42.0,24.22,1.0,26.0,0.69,18.0,,4.38,11.0,,7.39,9.0,,,,,,,,,,,,,,,,,,,,,,,,,,,,,,,,,,,,,,,,,,,,,,,,,,,,,,,,,,,,,,,,,,,,,,,,,,,,,,,,,,,,,,,,,,,,,,,,,,,,,,,,,,,,,,,,,,,,,,,,,,,,,,,,,,,,,,,,,,,,,,,,,,,,,,,,,,,,,,,,,,,,,,,,,,,,,,,,,,49.0,1.0,1.72,59.0,5.0,0.44,14.0,1.0,1.84,29.0,2.0,-16.08,14.0,5.0,0.21,14.0,1.0,3.73,56.0,1.0,17.47,58.0,1.0,12.0,41.0,1.0,1.93,31.0,2.0,1.92,64.0,10.0,1.02,15.0,1.0,52.42,58.0,1.0,24.15,14.0,3.0,2.1,15.0,1.0,63.15,,,,,,,,,,,,,,,,,,,,,,,,,,,,,,,,,,,GANGLIO KA,REM SABIA,172.0,61.0,2anos9meses,62.0,KAPO1264,PACTUAL KA - NELORE,REM7259,227.0,79.0,SEMI-INTENSIVO
08118,PAGORAN IZ,PAGORAN IZ,Nelore PO,IZSNA4024,07/10/2015,38.9,,12.79,37.0,15.3,1.0,19.02,12.0,,,,Instituto de Zootecnia de Sertãozinho,Marcelo Paes Menezes,LOSANGO DO IZ x FENIM DO IZ,LOSANGO DO IZ,ITACUA DO IZ,po; carcaca-3-estrelas; car; maternal; novilhas; reprodutivo; semiintensivo,https://loja.crvbrasil.com.br/semen/touros-de-corte-zebu/nelore/pagoran-iz-nelore,,,,,,,,,,,,,,,,,,,,,,,,,,,,,,,,,,,,,,,,,,,,,,,,,,,,,,,,,,,,,,,,11.0,69.13,73.0,12.0,-0.09,82.0,10.0,1.26,34.0,11.0,-0.08,15.0,14.0,60.04,1.0,12.0,-0.117,14.0,11.0,-0.63,46.0,9.0,0.11,8.0,11.0,3.59,57.0,20.0,12.14,37.0,15.0,14.45,33.0,9.0,0.29,53.0,5.0,70.74,36.0,3.0,8.0,3.12,13.0,17.0,4.39,16.0,52.0,2.0,9.0,8.58,12.0,18.0,-0.83,5.0,,,,,,,,,,,,,,,,,,,,,,,,,,,,,,,,,,,,,,,,,,,,,,,,,,,,,,,,,,,,,,,,,,,,,,,,,,,,,,,,,,,,,,,,,,,,,,,,,,,,,,,,,,,,,,,,,,,,,,,,,,,,,,,,,,,,,,,,,,,,,,,,,,,,,,,,,,,,,,,,76.0,0.55,49.0,,0.03,76.0,76.0,1.67,43.0,77.0,2.84,35.0,23.0,63.01,15.0,75.0,0.81,17.0,77.0,8.03,8.0,75.0,-0.08,55.0,,76.0,0.74,20.0,75.0,2.26,14.0,77.0,5.98,25.0,78.0,0.05,64.0,77.0,-0.93,0.1,77.0,14.01,14.0,49.0,0.81,15.0,,2.78,27.0,,6.16,15.0,55.0,1.84,46.0,41.0,0.78,20.0,19.0,0.0,58.0,37.0,-0.01,47.0,14.0,6.35,3.0,38.0,5.03,48.0,45.0,36.5,8.0,46.0,0.7,18.0,55.0,0.78,34.0,43.0,3.2,22.0,,,,,,,,,,,,,,,,,,,,,,,,,,,,,,,,,,,,,,,,,,,,,,,,,,,,,,,,,,,,,,,,,,,,,,,,,,,,,,,,,,,,,,,,,,,,,,,,,,,,,,,,,,,,,,,,,,,,,,,,,,,,,,,,,,,,,,,,,,,,,,,,,,,,38.0,4.0,0.58,48.0,6.0,0.15,48.0,1.0,3.03,34.0,2.0,-15.69,34.0,1.0,2.2,48.0,2.0,2.54,55.0,1.0,12.47,62.0,4.0,3.89,50.0,8.0,-0.16,37.0,1.0,3.97,62.0,1.0,-1.38,16.0,2.0,38.38,56.0,1.0,16.64,48.0,2.0,2.9,17.0,1.0,51.49,,,,,,,,,,,,,,,,,,,,,,,,,,,,,,,,,,,FENIM DO IZ,FEDERATIVO DO IZ,,,-,,IZSNA2462,PAGORAN DO IZ - NELORE,IZSNA2864,,,SEMI-INTENSIVO
10020,PAINT AH,PAINT AH,Nelore CEIP,0K531,19/12/2021,31.2,,,,,,,,615.0,40.0,150.0,Fazenda Xingu,Luis Gustavo Dias dos Santos,REM USP x PAINT PHANTON,REM USP,H14119,ceip; ifert; maternal; peso; semiextensivo,https://loja.crvbrasil.com.br/semen/touros-de-corte-zebu/nelore/paint-ah-nelore,0.95,1.0,0.26,0.94,1.0,0.34,0.95,1.0,9.99,0.94,2.0,27.04,0.94,1.0,37.03,0.94,2.0,3.15,0.95,1.0,4.24,0.94,1.0,7.39,0.54,1.0,2.22,0.95,1.0,16.69,0.91,2.0,15.62,0.7,6.0,0.73,0.95,1.0,0.27,0.94,1.0,0.36,0.95,2.0,0.18,0.9,3.0,0.24,0.93,7.0,0.19,0.94,1.0,0.26,0.53,1.0,13.63,0.97,4.0,0.52,0.96,6.0,0.51,,,,,,,,,,,,,,,,,,,,,,,,,,,,,,,,,,,,,,,,,,,,,,,,,,,,,,,,,,,,,,,,,,,,,,,,,,,,,,,,,,,,,,,,,,,,,,,,,,,,,,,,,,,,,,,,,,,,,,,,,,,,,,,,,,,,,,,,,,,,,,,,,,,,,,,,,,,,,,,,,,,,,,,,,,,,,,,,,,,,,,,,,,,,,,,,,,,,,,,,,,,,,,,,,,,,,,,,,,,,,,,,,,,,,,,,,,,,,,,,,,,,,,,,,,,,,,,,,,,,,,,,,,,,,,,,,,,,,,,,,,,,,,,,,,,,,,,,,,,,,,,,,,,,,,,,,,,,,,,,,,,,,,,,,,,,,,,,,,,,,,,,,,,,,,,,,,,,,,,0.84,1.0,3.24,2.06,0.82,1.0,3.32,2.51,0.84,2.0,203.95,1.17,,2.0,405.91,0.97,0.81,2.0,202.02,0.64,,,1.86,2.54,,1.0,14.55,0.89,,1.0,14.74,0.96,0.51,1.0,902.92,2.02,0.84,1.0,3.24,1.69,0.81,1.0,3.33,1.96,0.84,2.0,3.14,0.98,0.72,7.0,27.94,-0.16,0.72,3.0,28.22,0.42,0.81,3.0,293.82,0.17,0.76,8.0,30.16,-0.31,0.81,1.0,3.25,1.47,,2.0,13.63,0.96,0.82,1.0,1.88,1.45,0.84,2.0,1.93,0.69,0.82,2.0,1.91,0.82,,,,,,,,,,,,,,,,,,,,,,,,,,,,,,,,,,,,,,,,,,,,,,,,,,,,,,,,,,,,,,,,,,,,,,,,,,,,,,,,PAINT PHANTON,REM QUISCO,145.0,44.0,2anos4meses,54.0,-,PAINT AH - NELORE,REM5531,202.0,72.0,SEMI-EXTENSIVO
12738,PAINT ATREVIDO AS,PAINT ATREVIDO,Nelore CEIP,E2743,20/11/2023,28.3,,,,,,,,660.0,38.0,149.0,Fazenda Santa Emília,Anacleto Sacchi,PAINT GENERAL x PAINT PHANTON,PAINT GENERAL,L678917,ceip; maternal; peso; reprodutivo; semiextensivo,https://loja.crvbrasil.com.br/semen/touros-de-corte-zebu/nelore/paint-atrevido-nelore,,,,,,,,,,,,,,,,,,,,,,,,,,,,,,,,,,,,,,,,,,,,,,,,,,,,,,,,,,,,,,,,,,,,,,,,,,,,,,,,,,,,,,,,,,,,,,,,,,,,,,,,,,,,,,,,,,,,,,,,,,,,,,,,,,,,,,,,,,,,,,,,,,,,,,,,,,,,,,,,,,,,,,,,,,,,,,,,,,,,,,,,,,,,,,,,,,,,,,,,,,,,,,,,,,,,,,,,,,,,,,,,,,,,,,,,,,,,,,,,,,,,,,,,,,,,,,,,,,,,,,,,,,,,,,,,,,,,,,,,,,,,,,,,,,,,,,,,,,,,,,,,,,,,,,,,,,,,,,,,,,,,,,,,,,,,,,,,,,,,,,,,,,,,,,,,,,,,,,,,,,,,,,,,,,,,,,,,,,,,,,,,,,,,,,,,,,,,,,,,,,,,,,,,,,,,,,,,,,,,,,0.72,1.0,3.4,3.22,0.72,1.0,3.44,2.87,0.73,1.0,206.68,3.44,,1.0,412.92,3.96,0.72,1.0,206.15,2.97,,,1.56,2.15,,1.0,24.07,2.1,,1.0,23.25,1.77,0.5,1.0,892.58,1.79,0.72,1.0,3.32,2.2,0.72,1.0,3.42,2.28,0.72,1.0,3.37,2.58,0.72,3.0,28.35,0.93,0.73,1.0,28.99,2.26,0.74,5.0,293.8,0.22,0.71,10.0,31.34,-3.1,0.72,1.0,3.53,2.86,,2.0,11.9,1.19,0.75,1.0,1.69,1.68,0.72,2.0,1.93,0.86,0.72,2.0,1.91,0.92,,,,,,,,,,,,,,,,,,,,,,,,,,,,,,,,,,,,,,,,,,,,,,,,,,,,,,,,,,,,,,,,,,,,,,,,,,,,,,,,PAINT PHANTON,LÍTIO AJ,149.0,43.0,2 anos,49.0,L678917,PAINT ATREVIDO - NELORE,-,217.0,73.0,SEMI-EXTENSIVO
08507,PAINT BINOTAURO,PAINT BINOTAURO,Nelore CEIP,6025,08/09/2017,229.7,,,,,,,,954.0,40.0,147.0,Fazenda João do Bino,"Wellington L. A. de Souza, Benedito Soares e CRV",PAINT PHANTON x PAINT NITRO,PAINT PHANTON,P432  179313,ceip; ifert; maternal; novilhas; reprodutivo; extensivo,https://loja.crvbrasil.com.br/semen/touros-de-corte-zebu/nelore/paint-binotauro-nelore,0.98,6.0,-0.03,0.98,8.0,-0.12,0.98,2.0,6.14,0.98,5.0,3.5,0.98,4.0,9.64,0.98,5.0,0.28,0.98,2.0,2.47,0.98,3.0,2.75,0.95,10.0,-4.25,0.98,2.0,12.08,0.98,3.0,12.02,0.98,2.0,-4.29,0.98,1.0,0.32,0.98,1.0,0.29,0.98,1.0,0.32,0.98,3.0,0.29,0.98,1.0,-0.86,0.98,1.0,0.31,0.5,2.0,11.47,0.99,2.0,0.57,0.99,1.0,0.58,,,,,,,,,,,,,,,,,,,,,,,,,,,,,,,,,,,,,,,,,,,,,,,,,,,,,,,,,,,,,,,,,,,,,,,,,,,,,,,,,,,,,,,,,,,,,,,,,,,,,,,,,,,,,,,,,,,,,,,,,,,,,,,,,,,,,,,,,,,,,,,,,,,,,,,,,,,,,,,,,,,,,,,,,,,,,,,,,,,,,,,,,,,,,,,,,,,,,,,,,,,,,,,,,,,,,,,,,,,,,,,,,,,,,,,,,,,,,,,,,,,,,,,,,,,,,,,,,,,,,,,,,,,,,,,,,,,,,,,,,,,,,,,,,,,,,,,,,,,,,,,,,,,,,,,,,,,,,,,,,,,,,,,,,,,,,,,,,,,,,,,,,,,,,,,,,,,,,,,0.97,9.0,2.93,-0.56,0.97,10.0,2.84,-1.23,0.97,3.0,201.59,0.47,,4.0,400.11,0.02,0.97,8.0,198.57,-0.45,,,4.67,0.92,,1.0,23.26,1.43,,1.0,13.47,0.87,0.7,1.0,893.75,3.56,0.97,1.0,3.3,2.08,0.97,1.0,3.25,1.51,0.97,1.0,3.31,2.13,0.95,2.0,28.17,0.46,0.95,3.0,28.24,0.48,0.97,1.0,292.68,1.26,0.96,1.0,29.19,1.55,0.97,1.0,3.29,1.66,,3.0,11.46,0.74,0.97,1.0,1.86,1.77,0.97,1.0,1.78,2.0,0.97,1.0,1.7,2.62,,,,,,,,,,,,,,,,,,,,,,,,,,,,,,,,,,,,,,,,,,,,,,,,,,,,,,,,,,,,,,,,,,,,,,,,,,,,,,,,PAINT NITRO,DVORAK AJ,163.0,57.0,5anos6meses,61.0,179313,PAINT BINOTAURO - NELORE,J0105,236.0,74.0,EXTENSIVO
09125,PAINT BINOTAVEL,PAINT BINOTÁVEL,Nelore CEIP,F1936,21/11/2020,24.8,,,,,,,,,,,Fazenda João do Bino,Wellington Luiz Alves de Souza,LITIO AJ x CFM ORGULHO,LITIO AJ,151611,ceip; novilhas; extensivo,https://loja.crvbrasil.com.br/semen/touros-de-corte-zebu/nelore/paint-binotavel-nelore,,,,,,,,,,,,,,,,,,,,,,,,,,,,,,,,,,,,,,,,,,,,,,,,,,,,,,,,,,,,,,,,,,,,,,,,,,,,,,,,,,,,,,,,,,,,,,,,,,,,,,,,,,,,,,,,,,,,,,,,,,,,,,,,,,,,,,,,,,,,,,,,,,,,,,,,,,,,,,,,,,,,,,,,,,,,,,,,,,,,,,,,,,,,,,,,,,,,,,,,,,,,,,,,,,,,,,,,,,,,,,,,,,,,,,,,,,,,,,,,,,,,,,,,,,,,,,,,,,,,,,,,,,,,,,,,,,,,,,,,,,,,,,,,,,,,,,,,,,,,,,,,,,,,,,,,,,,,,,,,,,,,,,,,,,,,,,,,,,,,,,,,,,,,,,,,,,,,,,,,,,,,,,,,,,,,,,,,,,,,,,,,,,,,,,,,,,,,,,,,,,,,,,,,,,,,,,,,,,,,,,0.83,10.0,2.67,-2.82,0.82,10.0,2.67,-2.58,0.83,10.0,192.8,-2.14,,10.0,390.09,-1.62,0.81,9.0,197.34,-0.85,,,8.77,-1.43,,10.0,-24.69,-1.52,,9.0,-7.85,-0.51,0.49,1.0,910.08,0.82,0.83,7.0,2.99,-0.09,0.82,4.0,3.03,0.17,0.83,8.0,2.97,-0.23,0.7,9.0,27.83,-0.46,0.7,9.0,27.64,-0.72,0.83,2.0,293.2,0.76,0.75,1.0,28.12,3.62,0.81,8.0,2.94,-0.33,,5.0,6.35,0.2,0.82,3.0,1.99,0.07,0.84,7.0,2.0,-0.01,0.82,9.0,2.06,-0.55,,,,,,,,,,,,,,,,,,,,,,,,,,,,,,,,,,,,,,,,,,,,,,,,,,,,,,,,,,,,,,,,,,,,,,,,,,,,,,,,CFM ORGULHO,MACAMBIRA AJ,,,-,,-,PAINT BINOTÁVEL - NELORE,-,,,EXTENSIVO
11288,PAINT BRONCO C.A.,PAINT BRONCO CA,Nelore CEIP,J4035,20/08/2022,31.2,,,,,,,,688.0,40.0,148.0,Agropecuária Córrego Alegre,Agropecuária Córrego Alegre,CIA GANDHI HJ x PAINT PHANTON,CIA GANDHI HJ,P340 E094617,ceip; ifert; maternal; peso; reprodutivo; semiextensivo,https://loja.crvbrasil.com.br/semen/touros-de-corte-zebu/nelore/paint-bronco-nelore,,5.0,0.02,,,,,4.0,1.95,,,,,,,,,,,4.0,0.78,,,,,3.0,1.17,0.95,5.0,4.34,,,,,,,,5.0,0.03,,,,,1.0,0.23,,,,,10.0,1.08,,,,,,,,1.0,0.58,,,,,,,,,,,,,,,,,,,,,,,,,,,,,,,,,,,,,,,,,,,,,,,,,,,,,,,,,,,,,,,,,,,,,,,,,,,,,,,,,,,,,,,,,,,,,,,,,,,,,,,,,,,,,,,,,,,,,,,,,,,,,,,,,,,,,,,,,,,,,,,,,,,,,,,,,,,,,,,,,,,,,,,,,,,,,,,,,,,,,,,,,,,,,,,,,,,,,,,,,,,,,,,,,,,,,,,,,,,,,,,,,,,,,,,,,,,,,,,,,,,,,,,,,,,,,,,,,,,,,,,,,,,,,,,,,,,,,,,,,,,,,,,,,,,,,,,,,,,,,,,,,,,,,,,,,,,,,,,,,,,,,,,,,,,,,,,,,,,,,,,,,,,,,,,,,,,,,,,,,,0.84,8.0,2.98,-0.16,,,,,0.84,8.0,198.73,-0.38,,,,,,,,,,,,,,3.0,6.74,0.41,,,,,0.47,1.0,888.79,4.39,0.84,5.0,3.01,0.04,,,,,0.84,1.0,3.22,1.5,,,,,,,,,0.83,1.0,291.87,2.03,0.81,10.0,30.89,-1.7,,,,,,1.0,16.07,1.22,,,,,0.84,1.0,1.81,1.79,,,,,,,,,,,,,,,,,,,,,,,,,,,,,,,,,,,,,,,,,,,,,,,,,,,,,,,,,,,,,,,,,,,,,,,,,,,,,,,,,,,,PAINT PHANTON,ASSIS AJ,149.0,47.0,2 anos e 3 meses,52.0,P340 E094617,PAINT BRONCO - NELORE,N129,218.0,78.0,SEMI-EXTENSIVO
08938,PAINT CAPITÃO,PAINT CAPITÃO,Nelore CEIP,T436,13/10/2019,33.9,,,,,,,,921.0,40.0,142.0,Agropecuária Castagnoli,Virgílio Castagnoli S/A Agropecuária,CASH FJ x PAINT PHANTON,CASH FJ,46217,ceip; ifert; maternal; novilhas; extensivo,https://loja.crvbrasil.com.br/semen/touros-de-corte-zebu/nelore/paint-capitao-nelore,,8.0,-0.1,,8.0,-0.11,,6.0,-1.19,,3.0,13.38,,4.0,12.19,,4.0,1.29,,7.0,-0.82,,5.0,0.46,,1.0,2.54,0.98,8.0,-2.97,0.97,,3.52,,4.0,-2.02,,5.0,0.03,,4.0,0.06,,6.0,0.0,,9.0,-0.36,,1.0,-0.96,,5.0,0.05,,1.0,12.57,,4.0,0.53,,6.0,0.5,,,,,,,,,,,,,,,,,,,,,,,,,,,,,,,,,,,,,,,,,,,,,,,,,,,,,,,,,,,,,,,,,,,,,,,,,,,,,,,,,,,,,,,,,,,,,,,,,,,,,,,,,,,,,,,,,,,,,,,,,,,,,,,,,,,,,,,,,,,,,,,,,,,,,,,,,,,,,,,,,,,,,,,,,,,,,,,,,,,,,,,,,,,,,,,,,,,,,,,,,,,,,,,,,,,,,,,,,,,,,,,,,,,,,,,,,,,,,,,,,,,,,,,,,,,,,,,,,,,,,,,,,,,,,,,,,,,,,,,,,,,,,,,,,,,,,,,,,,,,,,,,,,,,,,,,,,,,,,,,,,,,,,,,,,,,,,,,,,,,,,,,,,,,,,,,,,,,,,,0.95,10.0,2.86,-1.22,0.94,10.0,2.84,-1.27,0.95,10.0,196.5,-1.04,,9.0,396.21,-0.62,0.94,5.0,199.76,-0.08,,,7.86,-0.91,,8.0,-2.09,-0.13,,5.0,3.77,0.24,0.57,1.0,902.57,2.08,0.95,5.0,3.0,-0.01,0.94,4.0,3.01,0.08,0.95,8.0,2.97,-0.23,0.91,10.0,27.59,-1.15,0.91,9.0,27.58,-0.84,0.95,8.0,294.22,-0.21,0.94,1.0,28.86,2.18,0.94,5.0,3.0,0.0,,2.0,12.59,0.86,0.94,3.0,1.98,0.26,0.95,5.0,1.99,0.11,0.94,8.0,2.03,-0.29,,,,,,,,,,,,,,,,,,,,,,,,,,,,,,,,,,,,,,,,,,,,,,,,,,,,,,,,,,,,,,,,,,,,,,,,,,,,,,,,PAINT PHANTON,JAÇANÃ,168.0,60.0,3anos5meses,61.0,-,PAINT CAPITÃO - NELORE,-,220.0,80.0,EXTENSIVO
09559,PAINT CARVALHO,PAINT CARVALHO,Nelore CEIP,C262,02/01/2019,31.2,,,,,,,,934.0,43.0,156.0,Nelore Carvalho,Rodrigo Ferraresi,REM USP x CFM ORGULHO,REM USP,A25516,ceip; ifert; peso; extensivo,https://loja.crvbrasil.com.br/semen/touros-de-corte-zebu/nelore/paint-carvalho-nelore,0.97,1.0,0.29,0.96,1.0,0.28,0.97,1.0,12.83,0.96,2.0,24.15,0.96,1.0,36.98,0.96,2.0,2.51,0.97,1.0,5.48,0.96,1.0,8.0,0.68,5.0,0.21,0.97,1.0,18.82,0.95,2.0,14.92,0.88,5.0,-0.01,0.97,1.0,0.21,0.96,2.0,0.18,0.97,1.0,0.27,0.95,10.0,-0.41,0.96,9.0,0.53,0.96,2.0,0.19,0.91,1.0,27.5,0.98,9.0,0.45,0.98,10.0,0.31,,,,,,,,,,,,,,,,,,,,,,,,,,,,,,,,,,,,,,,,,,,,,,,,,,,,,,,,,,,,,,,,,,,,,,,,,,,,,,,,,,,,,,,,,,,,,,,,,,,,,,,,,,,,,,,,,,,,,,,,,,,,,,,,,,,,,,,,,,,,,,,,,,,,,,,0.97,1.0,0.29,0.96,1.0,0.28,0.97,1.0,12.83,0.96,2.0,24.15,0.96,1.0,36.98,0.96,2.0,2.51,0.97,1.0,5.48,0.96,1.0,8.0,0.64,4.0,2.31,0.95,1.0,18.98,0.93,2.0,14.66,0.88,5.0,-0.01,0.97,1.0,0.21,0.96,2.0,0.18,0.97,1.0,0.27,0.95,10.0,-0.41,0.93,9.0,0.53,0.96,2.0,0.19,0.91,1.0,27.5,0.98,8.0,0.45,0.98,10.0,0.31,,,,,,,,,,,,,,,,,,,,,,,,,,,,,,,,,,,,,,,,,,,,,,,,,,,,,,,,,,,,,,,,,,,,,,,,,,,,,,,,,,,,,,,,,,,,,,,,,,,,,,,,,,,,,,,,,,,,,,,,,,,,,,,,,,,,,,,,,,,,,,,,,,0.89,1.0,3.28,2.38,0.88,1.0,3.28,2.15,0.89,1.0,206.49,1.93,,1.0,408.54,1.4,0.87,2.0,202.11,0.67,,,5.47,0.46,,1.0,19.89,1.22,,1.0,16.91,1.1,0.62,1.0,896.23,3.14,0.89,1.0,3.21,1.44,0.88,2.0,3.19,1.14,0.89,1.0,3.28,1.92,0.82,10.0,27.18,-2.3,0.82,9.0,27.57,-0.84,0.88,1.0,292.87,1.08,0.84,9.0,30.51,-0.97,0.88,2.0,3.19,1.13,,1.0,27.5,2.44,0.87,10.0,2.18,-2.3,0.89,10.0,2.24,-2.22,0.87,10.0,2.3,-2.62,,,,,,,,,,,,,,,,,,,,,,,,,,,,,,,,,,,,,,,,,,,,,,,,,,,,,,,,,,,,,,,,,,,,,,,,,,,,,,,,CFM ORGULHO,REM QUISCO,182.0,63.0,4anos9meses,56.0,A25516,PAINT CARVALHO - NELORE,REM5531,231.0,88.0,EXTENSIVO
09161,PAINT CORAL VR,PAINT CORAL VR,Nelore CEIP,S473,03/10/2020,31.2,,,,,,,,,,,Agropecuária Vila Rica,José Adolfo Pessoa de Queiroz,ABRAÃO PTZ x NIQUEL AJ,ABRAÃO PTZ,O35516,ceip; maternal; novilhas; semiextensivo,https://loja.crvbrasil.com.br/semen/touros-de-corte-zebu/nelore/paint-coral-nelore,,9.0,-0.13,,6.0,-0.03,,6.0,-0.47,,5.0,3.02,,5.0,2.56,,5.0,0.09,,7.0,-0.64,,6.0,-0.56,,0.0,-2.84,0.97,7.0,-0.63,0.95,,4.02,,7.0,1.7,,3.0,0.13,,2.0,0.2,,2.0,0.14,,7.0,-0.18,,1.0,-1.1,,2.0,0.16,,1.0,13.54,,4.0,0.53,,5.0,0.52,,,,,,,,,,,,,,,,,,,,,,,,,,,,,,,,,,,,,,,,,,,,,,,,,,,,,,,,,,,,,,,,,,,,,,,,,,,,,,,,,,,,,,,,,,,,,,,,,,,,,,,,,,,,,,,,,,,,,,,,,,,,,,,,,,,,,,,,,,,,,,,,,,,,,,,,,,,,,,,,,,,,,,,,,,,,,,,,,,,,,,,,,,,,,,,,,,,,,,,,,,,,,,,,,,,,,,,,,,,,,,,,,,,,,,,,,,,,,,,,,,,,,,,,,,,,,,,,,,,,,,,,,,,,,,,,,,,,,,,,,,,,,,,,,,,,,,,,,,,,,,,,,,,,,,,,,,,,,,,,,,,,,,,,,,,,,,,,,,,,,,,,,,,,,,,,,,,,,,,0.91,10.0,2.85,-1.27,0.87,8.0,2.97,-0.26,0.91,9.0,197.31,-0.8,,9.0,396.14,-0.63,0.87,7.0,198.88,-0.36,,,6.12,0.09,,7.0,2.07,0.13,,2.0,7.94,0.52,0.45,1.0,896.98,3.02,0.91,2.0,3.11,0.74,0.87,1.0,3.21,1.24,0.9,2.0,3.12,0.81,0.8,9.0,27.75,-0.7,0.8,8.0,27.78,-0.43,0.9,9.0,294.99,-0.95,0.88,1.0,28.53,2.83,0.87,2.0,3.16,0.95,,2.0,13.53,0.96,0.87,1.0,1.82,2.2,0.91,2.0,1.91,0.83,0.87,1.0,1.86,1.22,,,,,,,,,,,,,,,,,,,,,,,,,,,,,,,,,,,,,,,,,,,,,,,,,,,,,,,,,,,,,,,,,,,,,,,,,,,,,,,,NIQUEL AJ,PAINT NITRO,,,-,,-,PAINT CORAL - NELORE,-,,,SEMI-EXTENSIVO
08876,PAINT CRONOS,PAINT CRONOS,Nelore CEIP,F0065,18/09/2019,31.2,,,,,,,,820.0,42.0,150.0,Agropecuária M&R,Marcos Tavares Duarte,PAINT TRIUNFO x CHUMBO AJ,PAINT TRIUNFO,C023516,ceip; semiextensivo,https://loja.crvbrasil.com.br/semen/touros-de-corte-zebu/nelore/paint-cronos-nelore,,8.0,-0.1,,0.0,-0.21,,6.0,-0.4,,5.0,4.06,,5.0,3.66,,5.0,0.14,,7.0,-0.7,,6.0,-0.56,,0.0,-3.79,0.98,7.0,-0.6,0.97,,5.06,,2.0,-4.05,,3.0,0.09,,3.0,0.1,,2.0,0.17,,3.0,0.22,,7.0,0.19,,1.0,0.28,,2.0,10.67,,7.0,0.48,,7.0,0.48,,,,,,,,,,,,,,,,,,,,,,,,,,,,,,,,,,,,,,,,,,,,,,,,,,,,,,,,,,,,,,,,,,,,,,,,,,,,,,,,,,,,,,,,,,,,,,,,,,,,,,,,,,,,,,,,,,,,,,,,,,,,,,,,,,,,,,,,,,,,,,,,,,,,,,,,,,,,,,,,,,,,,,,,,,,,,,,,,,,,,,,,,,,,,,,,,,,,,,,,,,,,,,,,,,,,,,,,,,,,,,,,,,,,,,,,,,,,,,,,,,,,,,,,,,,,,,,,,,,,,,,,,,,,,,,,,,,,,,,,,,,,,,,,,,,,,,,,,,,,,,,,,,,,,,,,,,,,,,,,,,,,,,,,,,,,,,,,,,,,,,,,,,,,,,,,,,,,,,,0.93,10.0,2.86,-1.22,0.92,10.0,2.74,-2.03,0.93,10.0,196.85,-0.94,,9.0,395.09,-0.8,0.92,9.0,198.29,-0.54,,,7.52,-0.72,,7.0,1.75,0.11,,5.0,3.74,0.24,0.65,1.0,896.53,3.09,0.93,3.0,3.07,0.46,0.92,3.0,3.07,0.42,0.93,2.0,3.16,1.08,0.88,2.0,28.21,0.58,0.88,3.0,28.15,0.3,0.92,9.0,294.89,-0.84,0.91,8.0,30.24,-0.45,0.92,1.0,3.26,1.54,,3.0,10.66,0.66,0.92,3.0,1.99,0.11,0.93,9.0,2.09,-0.83,0.92,9.0,2.07,-0.6,,,,,,,,,,,,,,,,,,,,,,,,,,,,,,,,,,,,,,,,,,,,,,,,,,,,,,,,,,,,,,,,,,,,,,,,,,,,,,,,CHUMBO AJ,CFM ORGULHO,158.0,55.0,3anos6meses,63.0,C0235,PAINT CRONOS - NELORE,A0339,215.0,80.0,SEMI-EXTENSIVO
09126,PAINT FIRMNESS,PAINT FIRMNESS,Nelore CEIP,Q278,19/10/2020,24.8,,,,,,,,,,,Fazenda Promissão,Domingos Ferreira Gomes,PAINT LEDENALY x LITIO AJ,PAINT LEDENALY,M 13416,ceip; maternal; reprodutivo; semiextensivo,https://loja.crvbrasil.com.br/semen/touros-de-corte-zebu/nelore/paint-firmness-nelore,,8.0,-0.11,,8.0,-0.1,,5.0,1.21,,3.0,15.99,,3.0,17.2,,3.0,1.84,,5.0,0.42,,4.0,2.26,,0.0,-4.05,0.95,7.0,0.51,0.92,,4.95,,6.0,0.99,,5.0,0.01,,4.0,0.08,,5.0,0.04,,1.0,0.93,,7.0,0.14,,3.0,0.13,,1.0,13.63,,1.0,0.57,,4.0,0.53,,,,,,,,,,,,,,,,,,,,,,,,,,,,,,,,,,,,,,,,,,,,,,,,,,,,,,,,,,,,,,,,,,,,,,,,,,,,,,,,,,,,,,,,,,,,,,,,,,,,,,,,,,,,,,,,,,,,,,,,,,,,,,,,,,,,,,,,,,,,,,,,,,,,,,,,,,,,,,,,,,,,,,,,,,,,,,,,,,,,,,,,,,,,,,,,,,,,,,,,,,,,,,,,,,,,,,,,,,,,,,,,,,,,,,,,,,,,,,,,,,,,,,,,,,,,,,,,,,,,,,,,,,,,,,,,,,,,,,,,,,,,,,,,,,,,,,,,,,,,,,,,,,,,,,,,,,,,,,,,,,,,,,,,,,,,,,,,,,,,,,,,,,,,,,,,,,,,,,,0.83,10.0,2.86,-1.23,0.81,10.0,2.85,-1.16,0.83,9.0,198.25,-0.52,,5.0,399.53,-0.08,0.8,3.0,201.33,0.42,,,6.03,0.14,,8.0,-0.1,-0.01,,3.0,6.25,0.41,0.47,1.0,898.5,2.76,0.83,8.0,2.97,-0.24,0.81,3.0,3.04,0.22,0.83,5.0,3.01,0.06,0.72,1.0,28.75,2.09,0.72,1.0,28.86,1.69,0.83,4.0,293.91,0.09,0.55,4.0,29.98,0.04,0.81,2.0,3.1,0.57,,2.0,13.62,0.96,0.81,2.0,1.97,0.39,0.83,3.0,1.96,0.37,0.81,2.0,1.93,0.6,,,,,,,,,,,,,,,,,,,,,,,,,,,,,,,,,,,,,,,,,,,,,,,,,,,,,,,,,,,,,,,,,,,,,,,,,,,,,,,,LITIO AJ,PAINT NITRO,,,-,,-,PAINT FIRMNESS - NELORE,-,,,SEMI-EXTENSIVO
10018,PAINT GAVIÃO FP,PAINT GAVIÃO FP,Nelore CEIP,G2283,13/09/2021,24.8,,,,,,,,622.0,40.0,145.0,Agropecuária Pontal,Agropecuária Pontal,CIA METEORO x 643016AJ,CIA METEORO,PAJ16719,ceip; maternal; reprodutivo; extensivo,https://loja.crvbrasil.com.br/semen/touros-de-corte-zebu/nelore/paint-gaviao-fp-nelore,,7.0,-0.05,,0.0,-0.25,,4.0,2.84,,6.0,-3.81,,6.0,-0.97,,6.0,-0.56,,4.0,1.17,,5.0,0.61,,9.0,-1.5,0.96,5.0,5.51,0.91,,5.99,,2.0,-4.48,,1.0,0.21,,2.0,0.19,,3.0,0.12,,2.0,0.52,,1.0,-0.77,,5.0,0.04,,1.0,15.14,,7.0,0.48,,7.0,0.49,,,,,,,,,,,,,,,,,,,,,,,,,,,,,,,,,,,,,,,,,,,,,,,,,,,,,,,,,,,,,,,,,,,,,,,,,,,,,,,,,,,,,,,,,,,,,,,,,,,,,,,,,,,,,,,,,,,,,,,,,,,,,,,,,,,,,,,,,,,,,,,,,,,,,,,,,,,,,,,,,,,,,,,,,,,,,,,,,,,,,,,,,,,,,,,,,,,,,,,,,,,,,,,,,,,,,,,,,,,,,,,,,,,,,,,,,,,,,,,,,,,,,,,,,,,,,,,,,,,,,,,,,,,,,,,,,,,,,,,,,,,,,,,,,,,,,,,,,,,,,,,,,,,,,,,,,,,,,,,,,,,,,,,,,,,,,,,,,,,,,,,,,,,,,,,,,,,,,,,0.84,9.0,2.93,-0.59,0.81,10.0,2.69,-2.41,0.84,6.0,199.14,-0.25,,9.0,395.92,-0.67,0.81,10.0,196.83,-1.01,,,6.83,-0.32,,2.0,10.39,0.64,,4.0,4.81,0.31,0.41,1.0,888.97,4.35,0.84,1.0,3.17,1.16,0.81,2.0,3.12,0.73,0.84,2.0,3.09,0.61,0.71,1.0,28.41,1.15,0.72,2.0,28.47,0.92,0.83,1.0,291.65,2.24,0.82,1.0,28.94,2.04,0.81,5.0,3.0,0.01,,1.0,15.16,1.12,0.82,10.0,2.09,-1.12,0.85,4.0,1.98,0.23,0.81,2.0,1.95,0.42,,,,,,,,,,,,,,,,,,,,,,,,,,,,,,,,,,,,,,,,,,,,,,,,,,,,,,,,,,,,,,,,,,,,,,,,,,,,,,,,643016AJ,PAINT NITRO,149.0,45.0,2anos7meses,53.0,-,PAINT GAVIÃO FP - NELORE,-,198.0,70.0,EXTENSIVO
12739,PAINT GLADIADOR,PAINT GLADIADOR,Nelore CEIP,P131,31/08/2023,28.3,,,,,,,,720.0,38.0,152.0,Agropecuária Castagnoli,Virgílio Castagnoli S/A Agropecuária,PAINT JACARANDÁ x ITÁ FM,PAINT JACARANDÁ,T152,ceip; maternal; peso; semiextensivo,https://loja.crvbrasil.com.br/semen/touros-de-corte-zebu/nelore/paint-gladiador-nelore,,,,,,,,,,,,,,,,,,,,,,,,,,,,,,,,,,,,,,,,,,,,,,,,,,,,,,,,,,,,,,,,,,,,,,,,,,,,,,,,,,,,,,,,,,,,,,,,,,,,,,,,,,,,,,,,,,,,,,,,,,,,,,,,,,,,,,,,,,,,,,,,,,,,,,,,,,,,,,,,,,,,,,,,,,,,,,,,,,,,,,,,,,,,,,,,,,,,,,,,,,,,,,,,,,,,,,,,,,,,,,,,,,,,,,,,,,,,,,,,,,,,,,,,,,,,,,,,,,,,,,,,,,,,,,,,,,,,,,,,,,,,,,,,,,,,,,,,,,,,,,,,,,,,,,,,,,,,,,,,,,,,,,,,,,,,,,,,,,,,,,,,,,,,,,,,,,,,,,,,,,,,,,,,,,,,,,,,,,,,,,,,,,,,,,,,,,,,,,,,,,,,,,,,,,,,,,,,,,,,,,0.73,1.0,3.23,1.87,0.73,3.0,3.18,1.16,0.73,1.0,205.23,2.69,,1.0,408.45,2.59,0.73,2.0,203.12,1.51,,,3.48,1.05,,1.0,26.88,1.85,,1.0,20.82,2.0,0.45,1.0,887.06,2.24,0.73,1.0,3.48,3.26,0.72,1.0,3.45,2.48,0.73,1.0,3.42,2.89,0.73,7.0,27.87,-0.34,0.73,5.0,28.27,0.62,0.74,4.0,293.33,0.74,0.72,7.0,30.09,-0.22,0.72,1.0,3.43,2.34,,1.0,16.76,1.68,0.75,2.0,1.81,1.04,0.72,5.0,2.0,-0.01,0.72,5.0,2.0,-0.02,,,,,,,,,,,,,,,,,,,,,,,,,,,,,,,,,,,,,,,,,,,,,,,,,,,,,,,,,,,,,,,,,,,,,,,,,,,,,,,,ITÁ FM,ASSIS AJ,162.0,50.0,2 anos e 3 meses,50.0,T152,PAINT GLADIADOR - NELORE,-,216.0,77.0,SEMI-EXTENSIVO
10137,PAINT GREGO FP,PAINT GREGO FP,Nelore CEIP,G4353,03/11/2021,28.3,,,,,,,,592.0,37.0,147.0,Agropecuária Pontal,Agropecuária Pontal,CAXAMBU FM x LITIO AJ,CAXAMBU FM,1312-16,ceip; maternal; novilhas; peso; extensivo,https://loja.crvbrasil.com.br/semen/touros-de-corte-zebu/nelore/paint-grego-fp-nelore,0.96,8.0,-0.1,0.88,6.0,-0.04,0.96,4.0,2.53,0.88,1.0,33.31,0.88,1.0,35.84,0.88,1.0,4.34,0.96,4.0,0.89,0.88,2.0,5.24,0.52,4.0,0.82,0.95,6.0,1.7,0.88,4.0,9.78,0.72,6.0,0.53,0.96,6.0,0.0,0.88,1.0,0.4,0.96,4.0,0.06,0.81,2.0,0.51,0.96,3.0,-0.38,0.88,1.0,0.25,0.39,1.0,23.31,0.98,9.0,0.44,0.91,7.0,0.48,,,,,,,,,,,,,,,,,,,,,,,,,,,,,,,,,,,,,,,,,,,,,,,,,,,,,,,,,,,,,,,,,,,,,,,,,,,,,,,,,,,,,,,,,,,,,,,,,,,,,,,,,,,,,,,,,,,,,,,,,,,,,,,,,,,,,,,,,,,,,,,,,,,,,,,,,,,,,,,,,,,,,,,,,,,,,,,,,,,,,,,,,,,,,,,,,,,,,,,,,,,,,,,,,,,,,,,,,,,,,,,,,,,,,,,,,,,,,,,,,,,,,,,,,,,,,,,,,,,,,,,,,,,,,,,,,,,,,,,,,,,,,,,,,,,,,,,,,,,,,,,,,,,,,,,,,,,,,,,,,,,,,,,,,,,,,,,,,,,,,,,,,,,,,,,,,,,,,,,0.86,9.0,2.88,-1.02,0.7,9.0,2.92,-0.65,0.86,8.0,198.7,-0.39,,3.0,402.16,0.35,0.69,2.0,203.51,1.12,,,6.61,-0.19,,7.0,1.05,0.06,,1.0,12.64,0.82,0.51,1.0,896.04,3.17,0.86,8.0,2.95,-0.38,0.7,1.0,3.33,1.99,0.86,4.0,3.02,0.16,0.51,2.0,28.22,0.62,0.51,2.0,28.49,0.97,0.85,2.0,293.17,0.79,0.84,1.0,29.37,1.22,0.69,2.0,3.2,1.15,,1.0,23.31,2.0,0.71,3.0,1.98,0.2,0.86,9.0,2.1,-0.92,0.7,10.0,2.13,-1.17,,,,,,,,,,,,,,,,,,,,,,,,,,,,,,,,,,,,,,,,,,,,,,,,,,,,,,,,,,,,,,,,,,,,,,,,,,,,,,,,LITIO AJ,ASSIS AJ,149.0,51.0,2anos6meses,50.0,-,PAINT GREGO FP - NELORE,183216FM,195.0,73.0,EXTENSIVO
10914,PAINT GUARANTÃ,PAINT GUARANTÃ,Nelore CEIP,3526422,16/09/2022,31.2,,,,,,,,,,,Fazenda João do Bino,Wellington Luiz Alves de Souza,CIA GANDHI HJ x 9032 NOTAVEL (CFM),CIA GANDHI HJ,P432 9032 20,ceip; ifert; maternal; peso; reprodutivo; extensivo,https://loja.crvbrasil.com.br/semen/touros-de-corte-zebu/nelore/paint-guranta-nelore,,,,,,,,,,,,,,,,,,,,,,,,,,,,,,,,,,,,,,,,,,,,,,,,,,,,,,,,,,,,,,,,,,,,,,,,,,,,,,,,,,,,,,,,,,,,,,,,,,,,,,,,,,,,,,,,,,,,,,,,,,,,,,,,,,,,,,,,,,,,,,,,,,,,,,,,,,,,,,,,,,,,,,,,,,,,,,,,,,,,,,,,,,,,,,,,,,,,,,,,,,,,,,,,,,,,,,,,,,,,,,,,,,,,,,,,,,,,,,,,,,,,,,,,,,,,,,,,,,,,,,,,,,,,,,,,,,,,,,,,,,,,,,,,,,,,,,,,,,,,,,,,,,,,,,,,,,,,,,,,,,,,,,,,,,,,,,,,,,,,,,,,,,,,,,,,,,,,,,,,,,,,,,,,,,,,,,,,,,,,,,,,,,,,,,,,,,,,,,,,,,,,,,,,,,,,,,,,,,,,,,0.59,9.0,2.92,-0.72,,,,,0.58,9.0,197.35,-0.79,,,,,,,,,,,,,,4.0,4.09,0.25,,,,,0.42,1.0,889.09,4.33,0.59,5.0,3.01,0.07,,,,,0.59,3.0,3.06,0.44,,,,,,,,,0.56,1.0,291.8,2.09,0.54,1.0,27.99,3.86,,,,,,1.0,17.87,1.42,,,,,0.6,1.0,1.73,2.52,,,,,,,,,,,,,,,,,,,,,,,,,,,,,,,,,,,,,,,,,,,,,,,,,,,,,,,,,,,,,,,,,,,,,,,,,,,,,,,,,,,,9032 NOTAVEL (CFM),ASSIS (AJ),,,-,,P432 9032 20,PAINT GUARANTÃ - NELORE,N12916,,,EXTENSIVO
10098,PAINT ITAPUI FF,PAINT ITAPUI FF,Nelore CEIP,IO129,10/08/2021,31.2,,,,,,,,705.0,36.0,150.0,Fazenda Flamboyant,Charles Adolfo Timm,PAINT BINOTAURO x LITIO AJ,PAINT BINOTAURO,E040517,ceip; ifert; peso; reprodutivo; extensivo,https://loja.crvbrasil.com.br/semen/touros-de-corte-zebu/nelore/pain-itapui,0.94,2.0,0.15,0.93,2.0,0.13,0.94,1.0,13.67,0.93,4.0,6.73,0.93,3.0,20.4,0.93,4.0,0.68,0.94,1.0,5.8,0.93,1.0,6.47,0.48,9.0,-1.56,0.94,1.0,22.66,0.89,1.0,16.8,0.66,4.0,-2.23,0.94,1.0,0.39,0.93,1.0,0.39,0.94,1.0,0.28,0.87,2.0,0.42,0.92,7.0,0.18,0.93,1.0,0.26,0.39,2.0,9.02,0.95,3.0,0.54,0.94,7.0,0.48,,,,,,,,,,,,,,,,,,,,,,,,,,,,,,,,,,,,,,,,,,,,,,,,,,,,,,,,,,,,,,,,,,,,,,,,,,,,,,,,,,,,,,,,,,,,,,,,,,,,,,,,,,,,,,,,,,,,,,,,,,,,,,,,,,,,,,,,,,,,,,,,,,,,,,,,,,,,,,,,,,,,,,,,,,,,,,,,,,,,,,,,,,,,,,,,,,,,,,,,,,,,,,,,,,,,,,,,,,,,,,,,,,,,,,,,,,,,,,,,,,,,,,,,,,,,,,,,,,,,,,,,,,,,,,,,,,,,,,,,,,,,,,,,,,,,,,,,,,,,,,,,,,,,,,,,,,,,,,,,,,,,,,,,,,,,,,,,,,,,,,,,,,,,,,,,,,,,,,,0.81,1.0,3.14,1.19,0.79,2.0,3.14,1.09,0.81,1.0,207.03,2.09,,2.0,407.02,1.15,0.79,4.0,200.04,0.01,,,3.16,1.79,,1.0,28.49,1.75,,1.0,21.7,1.41,0.47,1.0,889.34,4.29,0.81,1.0,3.41,2.87,0.79,1.0,3.42,2.54,0.81,1.0,3.31,2.13,0.7,2.0,28.22,0.61,0.7,2.0,28.39,0.78,0.79,3.0,293.74,0.25,0.76,7.0,30.06,-0.12,0.79,1.0,3.29,1.7,,4.0,9.02,0.48,0.8,9.0,2.05,-0.67,0.81,3.0,1.96,0.33,0.79,2.0,1.95,0.43,,,,,,,,,,,,,,,,,,,,,,,,,,,,,,,,,,,,,,,,,,,,,,,,,,,,,,,,,,,,,,,,,,,,,,,,,,,,,,,,LITIO AJ,PAINT PHANTON,155.0,57.0,2anose9meses,55.0,-,PAINT ITAPUI FF - NELORE,-,212.0,73.0,EXTENSIVO
12742,PAINT LEÃO LS,PAINT LEÃO,Nelore CEIP,BO7644,08/09/2023,28.3,,,,,,,,614.0,40.0,149.0,Fazenda Ledenaly,Lélis Luiz Signoreli,AVIADOR DA PEÇA RARA x CIA GANDHI HJ,AVIADOR DA PEÇA RARA,763120,ceip; maternal; peso; semiextensivo,https://loja.crvbrasil.com.br/semen/touros-de-corte-zebu/nelore/paint-leao-nelore-11343,,,,,,,,,,,,,,,,,,,,,,,,,,,,,,,,,,,,,,,,,,,,,,,,,,,,,,,,,,,,,,,,,,,,,,,,,,,,,,,,,,,,,,,,,,,,,,,,,,,,,,,,,,,,,,,,,,,,,,,,,,,,,,,,,,,,,,,,,,,,,,,,,,,,,,,,,,,,,,,,,,,,,,,,,,,,,,,,,,,,,,,,,,,,,,,,,,,,,,,,,,,,,,,,,,,,,,,,,,,,,,,,,,,,,,,,,,,,,,,,,,,,,,,,,,,,,,,,,,,,,,,,,,,,,,,,,,,,,,,,,,,,,,,,,,,,,,,,,,,,,,,,,,,,,,,,,,,,,,,,,,,,,,,,,,,,,,,,,,,,,,,,,,,,,,,,,,,,,,,,,,,,,,,,,,,,,,,,,,,,,,,,,,,,,,,,,,,,,,,,,,,,,,,,,,,,,,,,,,,,,,0.74,2.0,3.13,1.06,0.74,1.0,3.29,1.86,0.74,1.0,203.8,1.96,,1.0,410.48,3.21,0.74,1.0,206.58,3.18,,,4.16,0.67,,1.0,20.3,2.27,,1.0,25.04,1.46,0.47,1.0,882.76,2.58,0.74,1.0,3.28,1.92,0.74,1.0,3.53,2.92,0.74,1.0,3.47,3.25,0.74,6.0,28.05,0.14,0.74,3.0,28.52,1.19,0.75,7.0,294.41,-0.45,0.66,6.0,29.92,0.18,0.74,1.0,3.75,4.04,,2.0,12.27,1.23,0.76,3.0,1.86,0.74,0.74,9.0,2.07,-0.87,0.74,9.0,2.09,-0.93,,,,,,,,,,,,,,,,,,,,,,,,,,,,,,,,,,,,,,,,,,,,,,,,,,,,,,,,,,,,,,,,,,,,,,,,,,,,,,,,CIA GANDHI HJ,HONKER DA PEÇA RARA,144.0,45.0,2 anos e 2 meses,49.0,763120,PAINT LEÃO - NELORE,-,208.0,74.0,SEMI-EXTENSIVO
10019,PAINT LOGAN,PAINT LOGAN,Nelore CEIP,L3301,27/11/2021,55.0,,,,,,,,670.0,40.0,139.0,Fazenda Periquitos S.A.,Fazenda Periquitos S.A.,CAXAMBU FM x PAINT INCAL,CAXAMBU FM,H885218,ceip; ifert; maternal; peso; extensivo,https://loja.crvbrasil.com.br/semen/touros-de-corte-zebu/nelore/paint-logan-nelore,0.97,1.0,0.2,0.96,3.0,0.12,0.97,1.0,12.51,0.96,1.0,46.8,0.96,1.0,59.31,0.96,1.0,5.91,0.97,1.0,5.26,0.96,1.0,11.16,0.52,7.0,-0.74,0.97,1.0,27.61,0.92,1.0,28.27,0.7,5.0,-0.77,0.97,1.0,0.68,0.96,1.0,0.91,0.97,1.0,0.62,0.92,5.0,0.03,0.97,10.0,1.04,0.96,1.0,0.85,0.38,1.0,19.3,0.99,3.0,0.53,0.97,4.0,0.52,,,,,,,,,,,,,,,,,,,,,,,,,,,,,,,,,,,,,,,,,,,,,,,,,,,,,,,,,,,,,,,,,,,,,,,,,,,,,,,,,,,,,,,,,,,,,,,,,,,,,,,,,,,,,,,,,,,,,,,,,,,,,,,,,,,,,,,,,,,,,,,,,,,,,,,,,,,,,,,,,,,,,,,,,,,,,,,,,,,,,,,,,,,,,,,,,,,,,,,,,,,,,,,,,,,,,,,,,,,,,,,,,,,,,,,,,,,,,,,,,,,,,,,,,,,,,,,,,,,,,,,,,,,,,,,,,,,,,,,,,,,,,,,,,,,,,,,,,,,,,,,,,,,,,,,,,,,,,,,,,,,,,,,,,,,,,,,,,,,,,,,,,,,,,,,,,,,,,,,0.91,1.0,3.18,1.55,0.84,2.0,3.1,0.79,0.91,1.0,205.59,1.66,,1.0,411.12,1.82,0.84,1.0,205.58,1.77,,,2.16,2.36,,1.0,40.66,2.5,,1.0,34.03,2.21,0.5,1.0,893.31,3.63,0.91,1.0,3.59,4.15,0.84,1.0,3.68,4.09,0.91,1.0,3.61,4.15,0.76,9.0,27.64,-0.99,0.76,6.0,27.99,-0.03,0.91,2.0,293.08,0.88,0.9,10.0,30.74,-1.42,0.84,1.0,3.7,4.06,,1.0,19.31,1.56,0.85,1.0,1.75,3.08,0.91,2.0,1.91,0.82,0.85,2.0,1.93,0.64,,,,,,,,,,,,,,,,,,,,,,,,,,,,,,,,,,,,,,,,,,,,,,,,,,,,,,,,,,,,,,,,,,,,,,,,,,,,,,,,PAINT INCAL,ASSIS AJ,153.0,51.0,2anos5meses,57.0,-,PAINT LOGAN - NELORE,183216FM,212.0,73.0,EXTENSIVO
09107,PAINT MAESTRO VR,PAINT MAESTRO VR,Nelore CEIP,S116,25/06/2020,24.8,,,,,,,,,,,Agropecuária Vila Rica,José Adolfo Pessoa de Queiroz,PRO PROFESSOR BAL x LITIO AJ,PRO PROFESSOR BAL,N4115,ceip; maternal; extensivo,https://loja.crvbrasil.com.br/semen/touros-de-corte-zebu/nelore/paint-maestro-nelore,,4.0,0.06,,3.0,0.11,,4.0,2.08,,3.0,18.01,,3.0,20.1,,3.0,2.04,,5.0,0.19,,4.0,2.24,,7.0,-0.48,0.96,7.0,1.58,0.93,,7.48,,5.0,-0.24,,2.0,0.18,,2.0,0.22,,6.0,-0.01,,5.0,0.03,,5.0,-0.09,,3.0,0.14,,2.0,11.36,,5.0,0.51,,3.0,0.55,,,,,,,,,,,,,,,,,,,,,,,,,,,,,,,,,,,,,,,,,,,,,,,,,,,,,,,,,,,,,,,,,,,,,,,,,,,,,,,,,,,,,,,,,,,,,,,,,,,,,,,,,,,,,,,,,,,,,,,,,,,,,,,,,,,,,,,,,,,,,,,,,,,,,,,,,,,,,,,,,,,,,,,,,,,,,,,,,,,,,,,,,,,,,,,,,,,,,,,,,,,,,,,,,,,,,,,,,,,,,,,,,,,,,,,,,,,,,,,,,,,,,,,,,,,,,,,,,,,,,,,,,,,,,,,,,,,,,,,,,,,,,,,,,,,,,,,,,,,,,,,,,,,,,,,,,,,,,,,,,,,,,,,,,,,,,,,,,,,,,,,,,,,,,,,,,,,,,,,0.86,3.0,3.04,0.35,0.83,2.0,3.08,0.64,0.86,9.0,198.22,-0.53,,6.0,398.67,-0.22,0.83,4.0,200.5,0.16,,,6.77,-0.29,,6.0,2.61,0.16,,7.0,2.53,0.16,0.51,10.0,922.03,-1.18,0.86,2.0,3.16,1.09,0.84,2.0,3.18,1.09,0.86,8.0,2.96,-0.28,0.75,9.0,27.75,-0.69,0.75,7.0,27.95,-0.11,0.86,10.0,295.24,-1.18,0.76,5.0,29.99,0.02,0.83,3.0,3.09,0.51,,3.0,11.35,0.72,0.84,10.0,2.08,-0.99,0.86,7.0,2.0,0.0,0.84,3.0,1.97,0.24,,,,,,,,,,,,,,,,,,,,,,,,,,,,,,,,,,,,,,,,,,,,,,,,,,,,,,,,,,,,,,,,,,,,,,,,,,,,,,,,LITIO AJ,CFM ORGULHO,,,-,,-,PAINT MAESTRO - NELORE,-,,,EXTENSIVO
12743,PAINT MCLAREN CA,PAINT MCLAREN,Nelore CEIP,K4496,16/09/2023,28.3,,,,,,,,625.0,40.0,151.0,Agropecuária Córrego Alegre,Agropecuária Córrego Alegre + Condomínio,JAPURÁ FST x PAINT PHANTON,JAPURÁ FST,E013417,ceip; maternal; peso; reprodutivo; semiextensivo,https://loja.crvbrasil.com.br/semen/touros-de-corte-zebu/nelore/paint-mclaren-nelore,,,,,,,,,,,,,,,,,,,,,,,,,,,,,,,,,,,,,,,,,,,,,,,,,,,,,,,,,,,,,,,,,,,,,,,,,,,,,,,,,,,,,,,,,,,,,,,,,,,,,,,,,,,,,,,,,,,,,,,,,,,,,,,,,,,,,,,,,,,,,,,,,,,,,,,,,,,,,,,,,,,,,,,,,,,,,,,,,,,,,,,,,,,,,,,,,,,,,,,,,,,,,,,,,,,,,,,,,,,,,,,,,,,,,,,,,,,,,,,,,,,,,,,,,,,,,,,,,,,,,,,,,,,,,,,,,,,,,,,,,,,,,,,,,,,,,,,,,,,,,,,,,,,,,,,,,,,,,,,,,,,,,,,,,,,,,,,,,,,,,,,,,,,,,,,,,,,,,,,,,,,,,,,,,,,,,,,,,,,,,,,,,,,,,,,,,,,,,,,,,,,,,,,,,,,,,,,,,,,,,,0.75,1.0,3.45,3.58,0.75,1.0,3.52,3.39,0.76,1.0,207.34,3.78,,1.0,412.77,3.91,0.75,1.0,205.32,2.58,,,3.28,1.16,,1.0,38.86,3.02,,1.0,32.5,2.99,0.47,1.0,878.12,2.95,0.76,1.0,3.6,4.06,0.75,1.0,3.68,3.74,0.75,1.0,3.6,4.16,0.75,3.0,28.4,1.07,0.75,1.0,28.87,1.97,0.71,3.0,293.16,0.92,0.74,10.0,31.12,-2.58,0.75,1.0,3.63,3.44,,1.0,21.76,2.18,0.77,7.0,2.02,-0.1,0.75,6.0,2.02,-0.29,0.75,6.0,2.01,-0.13,,,,,,,,,,,,,,,,,,,,,,,,,,,,,,,,,,,,,,,,,,,,,,,,,,,,,,,,,,,,,,,,,,,,,,,,,,,,,,,,PAINT PHANTON,DAKOTA AJ,153.0,46.0,2 anos e 2 meses,55.0,E013417,PAINT MCLAREN - NELORE,-,204.0,73.0,SEMI-EXTENSIVO
08865,PAINT MILIONARIO,PAINT MILIONÁRIO,Nelore CEIP,R176,05/08/2019,31.2,,,,,,,,862.0,41.0,149.0,Agropecuária Vila Rica,José Adolfo Pessoa de Queiroz Neto,PAINT CRIOULO DA FF x PAINT NITRO,PAINT CRIOULO DA FF,O 25516,ceip; ifert; maternal; reprodutivo; semiextensivo,https://loja.crvbrasil.com.br/semen/touros-de-corte-zebu/nelore/paint-milionario-nelore,,6.0,-0.01,,4.0,0.06,,6.0,-0.88,,2.0,28.82,,2.0,27.95,,1.0,3.35,,6.0,-0.39,,3.0,2.96,,7.0,-0.69,0.98,7.0,-1.51,0.96,,5.16,,5.0,-0.3,,7.0,-0.06,,5.0,0.01,,3.0,0.1,,5.0,0.04,,6.0,0.11,,2.0,0.17,,1.0,12.82,,8.0,0.47,,9.0,0.41,,,,,,,,,,,,,,,,,,,,,,,,,,,,,,,,,,,,,,,,,,,,,,,,,,,,,,,,,,,,,,,,,,,,,,,,,,,,,,,,,,,,,,,,,,,,,,,,,,,,,,,,,,,,,,,,,,,,,,,,,,,,,,,,,,,,,,,,,,,,,,,,,,,,,,,,,,,,,,,,,,,,,,,,,,,,,,,,,,,,,,,,,,,,,,,,,,,,,,,,,,,,,,,,,,,,,,,,,,,,,,,,,,,,,,,,,,,,,,,,,,,,,,,,,,,,,,,,,,,,,,,,,,,,,,,,,,,,,,,,,,,,,,,,,,,,,,,,,,,,,,,,,,,,,,,,,,,,,,,,,,,,,,,,,,,,,,,,,,,,,,,,,,,,,,,,,,,,,,,0.92,9.0,2.94,-0.49,0.9,3.0,3.02,0.16,0.92,10.0,197.02,-0.88,,5.0,399.58,-0.07,0.9,2.0,202.6,0.83,,,6.96,-0.39,,8.0,-0.64,-0.04,,3.0,6.76,0.44,0.59,1.0,901.39,2.28,0.92,9.0,2.89,-0.75,0.9,7.0,2.96,-0.23,0.92,3.0,3.07,0.51,0.87,4.0,28.04,0.11,0.87,5.0,28.02,0.03,0.92,2.0,292.96,0.99,0.86,7.0,30.07,-0.13,0.9,2.0,3.14,0.83,,2.0,12.84,0.88,0.91,1.0,1.88,1.45,0.92,9.0,2.1,-0.92,0.91,10.0,2.17,-1.48,,,,,,,,,,,,,,,,,,,,,,,,,,,,,,,,,,,,,,,,,,,,,,,,,,,,,,,,,,,,,,,,,,,,,,,,,,,,,,,,PAINT NITRO,LITIO AJ,166.0,57.0,2anos8meses,56.0,O255,PAINT MILIONÁRIO - NELORE,C0744,210.0,72.0,SEMI-EXTENSIVO
11289,PAINT MINUANO BF 1796,PAINT MINUANO,Nelore CEIP,J1796,1/9/2022,43.7,,,,,,,,670.0,37.0,147.0,Bom Futuro Agrícola,Bom Futuro Agrícola,CAXAMBU FM x PAINT PHANTON,CAXAMBU FM,P436 E007517,ceip; ifert; maternal; novilhas; peso; semiextensivo,https://loja.crvbrasil.com.br/semen/touros-de-corte-zebu/nelore/paint-minuano-nelore,0.95,2.0,0.13,,,,0.95,1.0,13.43,,,,,,,,,,0.95,1.0,5.89,,,,0.52,4.0,0.64,0.94,1.0,25.49,,,,,,,0.95,1.0,0.38,,,,0.95,1.0,0.56,,,,0.94,1.0,-1.03,,,,0.43,1.0,18.41,0.96,3.0,0.54,,,,,,,,,,,,,,,,,,,,,,,,,,,,,,,,,,,,,,,,,,,,,,,,,,,,,,,,,,,,,,,,,,,,,,,,,,,,,,,,,,,,,,,,,,,,,,,,,,,,,,,,,,,,,,,,,,,,,,,,,,,,,,,,,,,,,,,,,,,,,,,,,,,,,,,,,,,,,,,,,,,,,,,,,,,,,,,,,,,,,,,,,,,,,,,,,,,,,,,,,,,,,,,,,,,,,,,,,,,,,,,,,,,,,,,,,,,,,,,,,,,,,,,,,,,,,,,,,,,,,,,,,,,,,,,,,,,,,,,,,,,,,,,,,,,,,,,,,,,,,,,,,,,,,,,,,,,,,,,,,,,,,,,,,,,,,,,,,,,,,,,,,,,,,,,,,,,,,,,,,,0.84,2.0,3.12,0.99,,,,,0.84,1.0,206.55,1.95,,,,,,,,,,,,,,1.0,33.67,2.07,,,,,0.44,1.0,895.2,3.31,0.84,1.0,3.38,2.67,,,,,0.84,1.0,3.58,3.96,,,,,,,,,0.83,1.0,291.93,1.98,0.8,1.0,28.5,2.88,,,,,,1.0,18.42,1.48,,,,,0.84,9.0,2.08,-0.73,,,,,,,,,,,,,,,,,,,,,,,,,,,,,,,,,,,,,,,,,,,,,,,,,,,,,,,,,,,,,,,,,,,,,,,,,,,,,,,,,,,,PAINT PHANTON,ASSIS AJ,148.0,50.0,2 anos e 2 meses,49.0,P436 E007517,PAINT MINUANO - NELORE,183216FM,220.0,81.0,SEMI-EXTENSIVO
10099,PAINT MOISES,PAINT MOISES,Nelore CEIP,1091,07/08/2021,32.4,,,,,,,,699.0,37.0,152.0,Fazenda Cachoeira,Agrocorona Emp. Agrop. Pastoris LTDA,ZELO AJ x LITIO AJ,ZELO AJ,726516,ceip; ifert; peso; semiextensivo,https://loja.crvbrasil.com.br/semen/touros-de-corte-zebu/nelore/paint-moises,,6.0,0.0,,6.0,-0.01,,5.0,1.28,,2.0,25.3,,2.0,26.58,,1.0,3.42,,5.0,0.14,,3.0,3.56,,2.0,1.68,0.95,6.0,2.63,0.9,,8.3,,8.0,3.31,,2.0,0.13,,1.0,0.29,,2.0,0.13,,3.0,0.27,,6.0,0.12,,2.0,0.2,,7.0,-2.53,,6.0,0.51,,8.0,0.46,,,,,,,,,,,,,,,,,,,,,,,,,,,,,,,,,,,,,,,,,,,,,,,,,,,,,,,,,,,,,,,,,,,,,,,,,,,,,,,,,,,,,,,,,,,,,,,,,,,,,,,,,,,,,,,,,,,,,,,,,,,,,,,,,,,,,,,,,,,,,,,,,,,,,,,,,,,,,,,,,,,,,,,,,,,,,,,,,,,,,,,,,,,,,,,,,,,,,,,,,,,,,,,,,,,,,,,,,,,,,,,,,,,,,,,,,,,,,,,,,,,,,,,,,,,,,,,,,,,,,,,,,,,,,,,,,,,,,,,,,,,,,,,,,,,,,,,,,,,,,,,,,,,,,,,,,,,,,,,,,,,,,,,,,,,,,,,,,,,,,,,,,,,,,,,,,,,,,,,0.84,8.0,2.97,-0.3,0.75,8.0,2.96,-0.33,0.84,9.0,198.24,-0.52,,3.0,402.02,0.33,0.75,2.0,203.83,1.22,,,6.68,-0.23,,2.0,8.75,0.54,,1.0,11.29,0.73,0.48,1.0,910.93,0.68,0.84,2.0,3.11,0.76,0.75,1.0,3.29,1.76,0.84,2.0,3.1,0.71,0.68,7.0,27.93,-0.2,0.67,4.0,28.11,0.21,0.83,1.0,292.34,1.58,0.78,6.0,30.03,-0.06,0.75,2.0,3.17,0.99,,9.0,-2.53,-0.74,0.73,10.0,2.2,-2.53,0.84,9.0,2.09,-0.79,0.75,10.0,2.16,-1.38,,,,,,,,,,,,,,,,,,,,,,,,,,,,,,,,,,,,,,,,,,,,,,,,,,,,,,,,,,,,,,,,,,,,,,,,,,,,,,,,LITIO AJ,ASSIS AJ,157.0,59.0,2anos7meses,58.0,-,PAINT MOISES - NELORE,-,216.0,78.0,SEMI-EXTENSIVO
12737,PAINT NATIVO,PAINT NATIVO,Nelore CEIP,N5901,30/11/2023,28.3,,,,,,,,630.0,36.0,147.0,Fazenda Periquitos S.A.,Fazenda Periquitos S.A.,PAINT CAPITÃO x PAINT INCAL,PAINT CAPITÃO,H885218,ceip; maternal; peso; extensivo,https://loja.crvbrasil.com.br/semen/touros-de-corte-zebu/nelore/paint-nativo-nelore,,,,,,,,,,,,,,,,,,,,,,,,,,,,,,,,,,,,,,,,,,,,,,,,,,,,,,,,,,,,,,,,,,,,,,,,,,,,,,,,,,,,,,,,,,,,,,,,,,,,,,,,,,,,,,,,,,,,,,,,,,,,,,,,,,,,,,,,,,,,,,,,,,,,,,,,,,,,,,,,,,,,,,,,,,,,,,,,,,,,,,,,,,,,,,,,,,,,,,,,,,,,,,,,,,,,,,,,,,,,,,,,,,,,,,,,,,,,,,,,,,,,,,,,,,,,,,,,,,,,,,,,,,,,,,,,,,,,,,,,,,,,,,,,,,,,,,,,,,,,,,,,,,,,,,,,,,,,,,,,,,,,,,,,,,,,,,,,,,,,,,,,,,,,,,,,,,,,,,,,,,,,,,,,,,,,,,,,,,,,,,,,,,,,,,,,,,,,,,,,,,,,,,,,,,,,,,,,,,,,,,0.73,1.0,3.2,1.6,0.73,2.0,3.24,1.58,0.74,1.0,203.92,2.02,,1.0,408.33,2.55,0.73,1.0,204.31,2.08,,,3.91,0.81,,1.0,22.92,1.83,,1.0,20.56,1.68,0.49,2.0,895.77,1.54,0.73,1.0,3.44,3.02,0.73,1.0,3.51,2.79,0.73,1.0,3.38,2.64,0.73,10.0,27.44,-1.5,0.73,8.0,27.79,-0.48,0.75,9.0,294.78,-0.86,0.72,9.0,30.58,-1.34,0.73,1.0,3.44,2.37,,1.0,15.85,1.59,0.75,4.0,1.89,0.62,0.73,2.0,1.94,0.77,0.73,3.0,1.94,0.65,,,,,,,,,,,,,,,,,,,,,,,,,,,,,,,,,,,,,,,,,,,,,,,,,,,,,,,,,,,,,,,,,,,,,,,,,,,,,,,,PAINT INCAL,CASH FJ,151.0,52.0,2 anos,51.0,H885218,PAINT NATIVO - NELORE,-,203.0,71.0,EXTENSIVO
09148,PAINT SANTA LUZIA,PAINT SANTA LUZIA,Nelore CEIP,H1089,15/08/2020,31.2,,,,,,,,828.0,40.0,158.0,Bom Futuro Agrícola,Bom Futuro Agrícola,CFM TOPAZIO x LITIO AJ,CFM TOPAZIO,E061817,ceip; ifert; semiextensivo,https://loja.crvbrasil.com.br/semen/touros-de-corte-zebu/nelore/paint-santa-luzia-nelore,,7.0,-0.05,,5.0,0.0,,6.0,-0.96,,6.0,-5.05,,6.0,-6.01,,6.0,-0.65,,7.0,-0.6,,6.0,-1.26,,1.0,2.58,0.91,8.0,-2.17,0.84,,0.99,,7.0,2.21,,7.0,-0.06,,5.0,0.01,,5.0,0.03,,5.0,0.05,,5.0,-0.04,,5.0,0.02,,3.0,6.3,,8.0,0.46,,6.0,0.5,,,,,,,,,,,,,,,,,,,,,,,,,,,,,,,,,,,,,,,,,,,,,,,,,,,,,,,,,,,,,,,,,,,,,,,,,,,,,,,,,,,,,,,,,,,,,,,,,,,,,,,,,,,,,,,,,,,,,,,,,,,,,,,,,,,,,,,,,,,,,,,,,,,,,,,,,,,,,,,,,,,,,,,,,,,,,,,,,,,,,,,,,,,,,,,,,,,,,,,,,,,,,,,,,,,,,,,,,,,,,,,,,,,,,,,,,,,,,,,,,,,,,,,,,,,,,,,,,,,,,,,,,,,,,,,,,,,,,,,,,,,,,,,,,,,,,,,,,,,,,,,,,,,,,,,,,,,,,,,,,,,,,,,,,,,,,,,,,,,,,,,,,,,,,,,,,,,,,,,0.77,9.0,2.91,-0.8,0.59,9.0,2.94,-0.46,0.76,10.0,195.83,-1.24,,10.0,392.23,-1.27,0.6,10.0,196.45,-1.13,,,9.11,-1.63,,8.0,-2.44,-0.15,,8.0,-2.26,-0.15,0.49,8.0,916.3,-0.22,0.77,9.0,2.91,-0.63,0.6,8.0,2.93,-0.41,0.77,4.0,3.02,0.16,0.38,5.0,27.99,-0.02,0.39,5.0,28.02,0.03,0.76,1.0,291.82,2.08,0.6,8.0,30.15,-0.28,0.6,5.0,2.99,-0.07,,5.0,6.31,0.18,0.59,10.0,2.11,-1.43,0.77,9.0,2.08,-0.69,0.61,9.0,2.07,-0.6,,,,,,,,,,,,,,,,,,,,,,,,,,,,,,,,,,,,,,,,,,,,,,,,,,,,,,,,,,,,,,,,,,,,,,,,,,,,,,,,LITIO AJ,CFM MINEIRO,164.0,55.0,3anos8meses,58.0,-,PAINT SANTA LUZIA -NELORE,-,219.0,80.0,SEMI-EXTENSIVO
08871,PAINT SCHEFFER,PAINT SCHEFFER,Nelore CEIP,G2407,01/11/2019,194.8,,,,,,,,917.0,42.0,149.0,Bom Futuro Agrícola,"Bom Futuro Agrícola, Agrop. Mata Sul, Guilherme P. Queiroz, Lelis L. Signorelli, Andre L. D. Fontes, Jones A. de Sá",149416 x LITIO AJ,149416,131216,ceip; ifert; maternal; novilhas; peso; semiextensivo,https://loja.crvbrasil.com.br/semen/touros-de-corte-zebu/nelore/paint-scheffer-nelore,0.98,6.0,-0.03,0.98,3.0,0.1,0.98,4.0,2.3,0.98,1.0,36.93,0.98,1.0,39.22,0.98,1.0,4.36,0.98,4.0,0.72,0.98,2.0,5.08,0.85,1.0,2.29,0.98,5.0,4.36,0.98,3.0,11.82,0.97,5.0,-1.02,0.98,2.0,0.17,0.98,1.0,0.31,0.98,2.0,0.13,0.98,2.0,0.46,0.98,1.0,-0.65,0.98,1.0,0.3,0.38,1.0,14.44,0.99,9.0,0.44,0.99,10.0,0.4,,,,,,,,,,,,,,,,,,,,,,,,,,,,,,,,,,,,,,,,,,,,,,,,,,,,,,,,,,,,,,,,,,,,,,,,,,,,,,,,,,,,,,,,,,,,,,,,,,,,,,,,,,,,,,,,,,,,,,,,,,,,,,,,,,,,,,,,,,,,,,,,,,,,,,,,,,,,,,,,,,,,,,,,,,,,,,,,,,,,,,,,,,,,,,,,,,,,,,,,,,,,,,,,,,,,,,,,,,,,,,,,,,,,,,,,,,,,,,,,,,,,,,,,,,,,,,,,,,,,,,,,,,,,,,,,,,,,,,,,,,,,,,,,,,,,,,,,,,,,,,,,,,,,,,,,,,,,,,,,,,,,,,,,,,,,,,,,,,,,,,,,,,,,,,,,,,,,,,,0.97,9.0,2.93,-0.56,0.96,2.0,3.08,0.62,0.97,6.0,199.23,-0.23,,2.0,403.64,0.59,0.96,1.0,204.46,1.42,,,5.18,0.63,,2.0,11.41,0.7,,1.0,16.35,1.06,0.67,1.0,898.96,2.68,0.97,2.0,3.14,1.0,0.96,1.0,3.28,1.67,0.97,2.0,3.12,0.84,0.94,2.0,28.18,0.51,0.94,2.0,28.43,0.84,0.97,1.0,292.15,1.76,0.96,1.0,29.3,1.34,0.96,1.0,3.28,1.61,,2.0,14.5,1.06,0.96,2.0,1.92,1.01,0.97,10.0,2.13,-1.2,0.96,10.0,2.16,-1.42,,,,,,,,,,,,,,,,,,,,,,,,,,,,,,,,,,,,,,,,,,,,,,,,,,,,,,,,,,,,,,,,,,,,,,,,,,,,,,,,LITIO AJ,PAINT PHANTON,166.0,63.0,4anose5meses,61.0,1312,PAINT SCHEFFER - NELORE,1494,235.0,80.0,SEMI-EXTENSIVO
10135,,,,,,31.2,,,,,,,,,,,,,,,,,https://loja.crvbrasil.com.br/semen/touros-de-corte-zebu/nelore/paint-senna-nelore,,,,,,,,,,,,,,,,,,,,,,,,,,,,,,,,,,,,,,,,,,,,,,,,,,,,,,,,,,,,,,,,,,,,,,,,,,,,,,,,,,,,,,,,,,,,,,,,,,,,,,,,,,,,,,,,,,,,,,,,,,,,,,,,,,,,,,,,,,,,,,,,,,,,,,,,,,,,,,,,,,,,,,,,,,,,,,,,,,,,,,,,,,,,,,,,,,,,,,,,,,,,,,,,,,,,,,,,,,,,,,,,,,,,,,,,,,,,,,,,,,,,,,,,,,,,,,,,,,,,,,,,,,,,,,,,,,,,,,,,,,,,,,,,,,,,,,,,,,,,,,,,,,,,,,,,,,,,,,,,,,,,,,,,,,,,,,,,,,,,,,,,,,,,,,,,,,,,,,,,,,,,,,,,,,,,,,,,,,,,,,,,,,,,,,,,,,,,,,,,,,,,,,,,,,,,,,,,,,,,,,,,,,,,,,,,,,,,,,,,,,,,,,,,,,,,,,,,,,,,,,,,,,,,,,,,,,,,,,,,,,,,,,,,,,,,,,,,,,,,,,,,,,,,,,,,,,,,,,,,,,,,,,,,,,,,,,,,,,,,,,,,,,,,,,,,,,,,,,,,,,,,,,,,,,,,,,,,,,,,,,,,,,,,,,,,PAINT SENNA - NELORE,,,,
10100,PAINT SURUBIM,PAINT SURUBIM,Nelore CEIP,S201,11/09/2021,31.2,,,,,,,,605.0,40.0,150.0,Fazenda Cachoeira dos Índios,Pros Participações e Administração LTDA,PAINT PUMA x LITIO AJ,PAINT PUMA,O06717,ceip; ifert; reprodutivo; semiextensivo,https://loja.crvbrasil.com.br/semen/touros-de-corte-zebu/nelore/paint-surubim-nelore,,,,,,,,,,,,,,,,,,,,,,,,,,,,,,,,,,,,,,,,,,,,,,,,,,,,,,,,,,,,,,,,,,,,,,,,,,,,,,,,,,,,,,,,,,,,,,,,,,,,,,,,,,,,,,,,,,,,,,,,,,,,,,,,,,,,,,,,,,,,,,,,,,,,,,,,,,,,,,,,,,,,,,,,,,,,,,,,,,,,,,,,,,,,,,,,,,,,,,,,,,,,,,,,,,,,,,,,,,,,,,,,,,,,,,,,,,,,,,,,,,,,,,,,,,,,,,,,,,,,,,,,,,,,,,,,,,,,,,,,,,,,,,,,,,,,,,,,,,,,,,,,,,,,,,,,,,,,,,,,,,,,,,,,,,,,,,,,,,,,,,,,,,,,,,,,,,,,,,,,,,,,,,,,,,,,,,,,,,,,,,,,,,,,,,,,,,,,,,,,,,,,,,,,,,,,,,,,,,,,,,0.84,2.0,3.11,0.95,0.75,2.0,3.06,0.44,0.84,6.0,199.17,-0.25,,5.0,399.55,-0.07,0.74,4.0,200.43,0.14,,,5.4,0.5,,10.0,-20.05,-1.23,,9.0,-3.79,-0.25,0.4,1.0,894.62,3.41,0.84,8.0,2.96,-0.31,0.75,2.0,3.13,0.79,0.84,10.0,2.66,-2.34,0.68,1.0,29.05,2.94,0.68,1.0,29.34,2.65,0.84,2.0,293.12,0.84,0.76,10.0,30.85,-1.64,0.74,10.0,2.73,-1.59,,3.0,11.08,0.7,0.75,2.0,1.93,0.83,0.84,1.0,1.85,1.42,0.75,1.0,1.81,1.7,,,,,,,,,,,,,,,,,,,,,,,,,,,,,,,,,,,,,,,,,,,,,,,,,,,,,,,,,,,,,,,,,,,,,,,,,,,,,,,,LITIO AJ,ASSIS AJ,152.0,53.0,2anos9meses,52.0,-,PAINT SURUBIM - NELORE,-,198.0,70.0,SEMI-EXTENSIVO
12450,PAINT THANUS,PAINT THANUS,Nelore CEIP,D342,03/10/2020,32.4,,,,,,,,918.0,43.0,144.0,Fazenda Marupiara,Hugo Antonio Bruner,TANNAT AJ x LÍTIO AJ,TANNAT AJ,A75018,ceip; ifert; maternal; novilhas; peso; reprodutivo; semiextensivo,https://loja.crvbrasil.com.br/semen/touros-de-corte-zebu/nelore/paint-thanus-nelore,0.87,1.0,0.18,0.82,1.0,0.21,0.87,2.0,6.74,0.82,2.0,23.57,0.82,2.0,30.32,0.82,2.0,3.0,0.87,1.0,2.84,0.82,2.0,5.84,0.53,2.0,1.39,0.83,1.0,15.34,0.78,1.0,18.77,0.7,2.0,-5.11,0.87,1.0,0.38,0.82,1.0,0.58,0.87,1.0,0.3,0.81,1.0,0.94,0.81,5.0,-0.02,0.82,1.0,0.45,0.42,1.0,12.34,0.87,6.0,0.5,0.83,6.0,0.5,,,,,,,,,,,,,,,,,,,,,,,,,,,,,,,,,,,,,,,,,,,,,,,,,,,,,,,,,,,,,,,,,,,,,,,,,,,,,,,,,,,,,,,,,,,,,,,,,,,,,,,,,,,,,,,,,,,,,,,,,,,,,,,,,,,,,,,,,,,,,,,,,,,,,,,,,,,,,,,,,,,,,,,,,,,,,,,,,,,,,,,,,,,,,,,,,,,,,,,,,,,,,,,,,,,,,,,,,,,,,,,,,,,,,,,,,,,,,,,,,,,,,,,,,,,,,,,,,,,,,,,,,,,,,,,,,,,,,,,,,,,,,,,,,,,,,,,,,,,,,,,,,,,,,,,,,,,,,,,,,,,,,,,,,,,,,,,,,,,,,,,,,,,,,,,,,,,,,,,0.67,1.0,3.19,1.59,0.59,1.0,3.22,1.73,0.66,2.0,202.36,0.7,,2.0,405.49,0.9,0.59,2.0,203.18,1.01,,,1.58,2.7,,1.0,21.7,1.33,,1.0,23.63,1.53,0.44,1.0,892.75,3.72,0.66,1.0,3.36,2.5,0.59,1.0,3.55,3.32,0.66,1.0,3.3,2.05,0.48,1.0,28.55,1.54,0.46,1.0,28.94,1.86,0.66,9.0,294.67,-0.63,0.53,5.0,30.0,0.0,0.58,1.0,3.46,2.66,,2.0,12.35,0.82,0.61,2.0,1.93,0.83,0.68,2.0,1.91,0.87,0.6,1.0,1.86,1.26,,,,,,,,,,,,,,,,,,,,,,,,,,,,,,,,,,,,,,,,,,,,,,,,,,,,,,,,,,,,,,,,,,,,,,,,,,,,,,,,LÍTIO AJ,NAVAJO AJ,153.0,46.0,5 anos,54.0,A75018,PAINT THANUS - NELORE,-,227.0,74.0,SEMI-EXTENSIVO
12744,PAINT TÓRIO MR,PAINT TÓRIO,Nelore CEIP,D190,08/02/2023,28.3,,,,,,,,710.0,40.0,151.0,MR Agropecuária,MR Agropecuária,PAINT MAJOR x JUBILEU PEÇA RARA,PAINT MAJOR,G003320,ceip; novilhas; peso; reprodutivo; semiextensivo,https://loja.crvbrasil.com.br/semen/touros-de-corte-zebu/nelore/paint-torio-nelore,,,,,,,,,,,,,,,,,,,,,,,,,,,,,,,,,,,,,,,,,,,,,,,,,,,,,,,,,,,,,,,,,,,,,,,,,,,,,,,,,,,,,,,,,,,,,,,,,,,,,,,,,,,,,,,,,,,,,,,,,,,,,,,,,,,,,,,,,,,,,,,,,,,,,,,,,,,,,,,,,,,,,,,,,,,,,,,,,,,,,,,,,,,,,,,,,,,,,,,,,,,,,,,,,,,,,,,,,,,,,,,,,,,,,,,,,,,,,,,,,,,,,,,,,,,,,,,,,,,,,,,,,,,,,,,,,,,,,,,,,,,,,,,,,,,,,,,,,,,,,,,,,,,,,,,,,,,,,,,,,,,,,,,,,,,,,,,,,,,,,,,,,,,,,,,,,,,,,,,,,,,,,,,,,,,,,,,,,,,,,,,,,,,,,,,,,,,,,,,,,,,,,,,,,,,,,,,,,,,,,,0.74,2.0,3.21,1.64,0.73,2.0,3.25,1.64,0.74,1.0,205.34,2.75,,1.0,408.95,2.74,0.73,2.0,203.51,1.7,,,3.79,0.88,,1.0,27.74,1.57,,1.0,22.39,1.58,0.45,1.0,894.2,1.66,0.74,1.0,3.53,3.62,0.73,1.0,3.61,3.32,0.74,1.0,3.44,3.05,0.73,2.0,28.39,1.04,0.74,2.0,28.71,1.61,0.69,3.0,293.12,0.97,0.73,1.0,28.97,2.38,0.73,1.0,3.59,3.22,,3.0,6.71,0.67,0.76,2.0,1.83,0.9,0.73,9.0,2.13,-1.56,0.73,9.0,2.15,-1.53,,,,,,,,,,,,,,,,,,,,,,,,,,,,,,,,,,,,,,,,,,,,,,,,,,,,,,,,,,,,,,,,,,,,,,,,,,,,,,,,JUBILEU PEÇA RARA,UNANIME TUL,142.0,50.0,2 anos e 9 meses,52.0,G003320,PAINT TÓRIO - NELORE,-,217.0,78.0,SEMI-EXTENSIVO
11287,PAINT TROPERO,PAINT TROPERO,Nelore CEIP,T012,16/08/2022,31.2,,,,,,,,626.0,40.0,146.0,Fazenda Cachoeira dos Índios,Fazenda Cachoeira dos Índios e Condomínio,ULTRAVOX TUL x LÍTIO AJ,ULTRAVOX TUL,9185 O 10917,ceip; ifert; maternal; novilhas; peso; semiextensivo,https://loja.crvbrasil.com.br/semen/touros-de-corte-zebu/nelore/paint-tropero-nelore,0.91,1.0,0.21,,,,0.91,1.0,10.52,,,,,,,,,,0.91,1.0,4.3,,,,0.53,4.0,0.62,0.9,1.0,19.25,,,,,,,0.91,1.0,0.34,,,,0.91,1.0,0.29,,,,0.9,1.0,-0.65,,,,0.39,1.0,18.09,0.92,4.0,0.52,,,,,,,,,,,,,,,,,,,,,,,,,,,,,,,,,,,,,,,,,,,,,,,,,,,,,,,,,,,,,,,,,,,,,,,,,,,,,,,,,,,,,,,,,,,,,,,,,,,,,,,,,,,,,,,,,,,,,,,,,,,,,,,,,,,,,,,,,,,,,,,,,,,,,,,,,,,,,,,,,,,,,,,,,,,,,,,,,,,,,,,,,,,,,,,,,,,,,,,,,,,,,,,,,,,,,,,,,,,,,,,,,,,,,,,,,,,,,,,,,,,,,,,,,,,,,,,,,,,,,,,,,,,,,,,,,,,,,,,,,,,,,,,,,,,,,,,,,,,,,,,,,,,,,,,,,,,,,,,,,,,,,,,,,,,,,,,,,,,,,,,,,,,,,,,,,,,,,,,,,,0.74,1.0,3.19,1.64,,,,,0.74,2.0,204.21,1.25,,,,,,,,,,,,,,1.0,23.28,1.43,,,,,0.43,1.0,895.51,3.26,0.74,1.0,3.34,2.39,,,,,0.74,1.0,3.29,2.01,,,,,,,,,0.72,1.0,291.13,2.74,0.72,1.0,29.11,1.72,,,,,,1.0,18.1,1.44,,,,,0.75,9.0,2.05,-0.46,,,,,,,,,,,,,,,,,,,,,,,,,,,,,,,,,,,,,,,,,,,,,,,,,,,,,,,,,,,,,,,,,,,,,,,,,,,,,,,,,,,,LÍTIO AJ,IMEDIATO TUL,144.0,52.0,2 anos e 3 meses,49.0,10917,PAINT TROPERO - NELORE,654317,196.0,70.0,SEMI-EXTENSIVO
11291,PAINT TUPÃ,PAINT TUPÃ,Nelore CEIP,T284,28/10/2022,31.2,,,,,,,,596.0,40.0,146.0,Fazenda Cachoeira dos Índios,Fazenda Cachoeira dos Índios,P185Q183 x P185 M 34516,P185Q183,P185 P356 19,ceip; ifert; semiextensivo,https://loja.crvbrasil.com.br/semen/touros-de-corte-zebu/nelore/paint-tupa-nelore,0.94,4.0,0.05,,,,0.94,2.0,5.58,,,,,,,,,,0.94,3.0,1.42,,,,0.42,9.0,-1.48,0.94,4.0,6.82,,,,,,,0.94,2.0,0.13,,,,0.94,2.0,0.16,,,,0.93,10.0,0.75,,,,0.37,2.0,8.41,0.95,7.0,0.48,,,,,,,,,,,,,,,,,,,,,,,,,,,,,,,,,,,,,,,,,,,,,,,,,,,,,,,,,,,,,,,,,,,,,,,,,,,,,,,,,,,,,,,,,,,,,,,,,,,,,,,,,,,,,,,,,,,,,,,,,,,,,,,,,,,,,,,,,,,,,,,,,,,,,,,,,,,,,,,,,,,,,,,,,,,,,,,,,,,,,,,,,,,,,,,,,,,,,,,,,,,,,,,,,,,,,,,,,,,,,,,,,,,,,,,,,,,,,,,,,,,,,,,,,,,,,,,,,,,,,,,,,,,,,,,,,,,,,,,,,,,,,,,,,,,,,,,,,,,,,,,,,,,,,,,,,,,,,,,,,,,,,,,,,,,,,,,,,,,,,,,,,,,,,,,,,,,,,,,,,,0.81,3.0,3.04,0.31,,,,,0.81,4.0,200.12,0.04,,,,,,,,,,,,,,2.0,10.29,0.63,,,,,0.43,1.0,898.88,2.7,0.81,2.0,3.1,0.71,,,,,0.81,2.0,3.14,0.95,,,,,,,,,0.81,10.0,295.42,-1.35,0.77,10.0,30.68,-1.3,,,,,,4.0,8.39,0.4,,,,,0.82,10.0,2.13,-1.15,,,,,,,,,,,,,,,,,,,,,,,,,,,,,,,,,,,,,,,,,,,,,,,,,,,,,,,,,,,,,,,,,,,,,,,,,,,,,,,,,,,,P185 M 34516,JUBILEU DA PEÇA RARA,148.0,51.0,2 anos e 1 mês,50.0,P185 P356 19,PAINT TUPÃ - NELORE,P185Q183,197.0,76.0,SEMI-EXTENSIVO
08888,PAINT VOLPI AS,PAINT VOLPI,Nelore CEIP,A0076,18/07/2019,25.9,,,,,,,,916.0,44.0,150.0,Fazenda Santa Emília,Anacleto Sacchi,IMEDIATO TUL x LITIO AJ,IMEDIATO TUL,17016,ceip; ifert; novilhas; semiextensivo,https://loja.crvbrasil.com.br/semen/touros-de-corte-zebu/nelore/paint-volpi-as-nelore,,3.0,0.09,,2.0,0.14,,3.0,2.95,,1.0,35.61,,1.0,38.56,,1.0,4.14,,4.0,1.01,,2.0,5.14,,3.0,1.32,0.98,7.0,0.94,0.97,,5.81,,6.0,0.85,,8.0,-0.1,,4.0,0.07,,6.0,-0.02,,9.0,-0.27,,3.0,-0.38,,2.0,0.17,,2.0,9.46,,0.0,0.41,,0.0,0.37,,,,,,,,,,,,,,,,,,,,,,,,,,,,,,,,,,,,,,,,,,,,,,,,,,,,,,,,,,,,,,,,,,,,,,,,,,,,,,,,,,,,,,,,,,,,,,,,,,,,,,,,,,,,,,,,,,,,,,,,,,,,,,,,,,,,,,,,,,,,,,,,,,,,,,,,,,,,,,,,,,,,,,,,,,,,,,,,,,,,,,,,,,,,,,,,,,,,,,,,,,,,,,,,,,,,,,,,,,,,,,,,,,,,,,,,,,,,,,,,,,,,,,,,,,,,,,,,,,,,,,,,,,,,,,,,,,,,,,,,,,,,,,,,,,,,,,,,,,,,,,,,,,,,,,,,,,,,,,,,,,,,,,,,,,,,,,,,,,,,,,,,,,,,,,,,,,,,,,,0.92,2.0,3.07,0.58,0.91,2.0,3.1,0.79,0.92,5.0,199.29,-0.21,,3.0,402.64,0.43,0.91,2.0,203.4,1.08,,,7.04,-0.44,,9.0,-3.22,-0.2,,3.0,5.3,0.34,0.62,1.0,907.98,1.17,0.93,9.0,2.87,-0.94,0.91,3.0,3.03,0.2,0.92,8.0,2.96,-0.26,0.86,10.0,27.55,-1.25,0.86,9.0,27.7,-0.6,0.92,9.0,295.1,-1.05,0.9,2.0,29.48,0.99,0.91,2.0,3.14,0.8,,4.0,9.46,0.52,0.91,10.0,2.09,-1.11,0.93,10.0,2.2,-1.81,0.91,10.0,2.26,-2.34,,,,,,,,,,,,,,,,,,,,,,,,,,,,,,,,,,,,,,,,,,,,,,,,,,,,,,,,,,,,,,,,,,,,,,,,,,,,,,,,LITIO AJ,COBRE AJ,166.0,60.0,2anos8meses,59.0,170,PAINT VOLPI AS - NELORE,703713TUL,225.0,80.0,SEMI-EXTENSIVO
09024,PAMPA FM,PAMPA FM,Nelore CEIP,72320FM,01/10/2020,25.9,,,,,,,,711.0,43.0,149.0,Agropecuária Maragogipe,Agropecuária Maragogipe,PARDO FM x LITIO AJ,PARDO FM,204417FM,ceip; maternal; peso; semiextensivo,https://loja.crvbrasil.com.br/semen/touros-de-corte-zebu/nelore/pampa-fm-nelore,,,,,,,,,,,,,,,,,,,,,,,,,,,,,,,,,,,,,,,,,,,,,,,,,,,,,,,,,,,,,,,,,,,,,,,,,,,,,,,,,,,,,,,,,,,,,,,,,,,,,,,,,,,,,,,,,,,,,,,,,,,,,,,,,,,,,,,,,,,,,,,,,,,,,,,,,,,,,,,,,,,,,,,,,,,,,,,,,,,,,,,,,,,,,,,,,,,,,,,,,,,,,,,,,,,,,,0.79,1.0,0.34,,,,0.79,1.0,15.76,,,,,,,,,,0.79,1.0,7.59,,,,0.59,6.0,-0.97,0.75,1.0,23.13,,,,,,,0.79,1.0,0.27,,,,0.79,1.0,0.3,,,,,7.0,0.35,,0.0,,0.56,1.0,19.37,0.78,5.0,0.5,,,,,,,,,,,,,,,,,,,,,,,,,,,,,,,,,,,,,,,,,,,,,,,,,,,,,,,,,,,,,,,,,,,,,,,,,,,,,,,,,,,,,,,,,,,,,,,,,,,,,,,,,,,,,,,,,,,,,,,,,,,,,,,,,,,,,,,,,,,,,,,,,,,,,,,,,,,,,,,,,,,,,,,,,,,,,,,,,,,,,,,,,,,,,,,,,,,,,,,,,,,,,,,,,,,,,,,,,,,,,,,,,,,,,,,,,,,,,,,,,,,,,,,,,,,,,,,,,,,,,,,,,,,,,,,,,,,,,,,,,,,,,,,,,,,,,,,,,,,,,,,,,,,,,,,,LITIO AJ,BANDEIRANTE JCA,156.0,50.0,1anos9meses,55.0,204417FM,PAMPA FM - NELORE,74111FM,204.0,71.0,SEMI-EXTENSIVO
09026,PARÁ FM,PARÁ FM,Nelore CEIP,12820FM,06/08/2020,31.2,,,,,,,,724.0,40.0,152.0,Agropecuária Maragogipe,Agropecuária Maragogipe,CAXAMBU FM x AQUIDAUANA FM,CAXAMBU FM,140516FM,ceip; maternal; novilhas; peso; reprodutivo; semiextensivo,https://loja.crvbrasil.com.br/semen/touros-de-corte-zebu/nelore/para-fm-nelore,,,,,,,,,,,,,,,,,,,,,,,,,,,,,,,,,,,,,,,,,,,,,,,,,,,,,,,,,,,,,,,,,,,,,,,,,,,,,,,,,,,,,,,,,,,,,,,,,,,,,,,,,,,,,,,,,,,,,,,,,,,,,,,,,,,,,,,,,,,,,,,,,,,,,,,,,,,,,,,,,,,,,,,,,,,,,,,,,,,,,,,,,,,,,,,,,,,,,,,,,,,,,,,,,,,,,,0.76,1.0,0.22,0.76,1.0,0.3,0.76,1.0,9.14,0.76,1.0,61.85,0.76,1.0,70.99,,,,0.76,1.0,4.66,0.76,1.0,12.55,0.49,1.0,10.41,0.76,1.0,20.78,0.73,1.0,23.64,0.48,2.0,-7.81,0.76,1.0,0.33,0.76,1.0,0.54,0.76,1.0,0.34,0.76,1.0,0.7,0.76,2.0,-0.55,0.76,1.0,0.53,0.36,1.0,14.91,0.76,4.0,0.05,0.76,5.0,0.04,,,,,,,,,,,,,,,,,,,,,,,,,,,,,,,,,,,,,,,,,,,,,,,,,,,,,,,,,,,,,,,,,,,,,,,,,,,,,,,,,,,,,,,,,,,,,,,,,,,,,,,,,,,,,,,,,,,,,,,,,,,,,,,,,,,,,,,,,,,,,,,,,,,,,,,,,,,,,,,,,,,,,,,,,,,,,,,,,,,,,,,,,,,,,,,,,,,,,,,,,,,,,,,,,,,,,,,,,,,,,,,,,,,,,,,,,,,,,,,,,,,,,,,,,,,,,,,,,,,,,,,,,,,,,,,,,,,,,,,,,,,,,,,,,,,,,,,,,,,,,,,,,,,,,AQUIDAUANA FM,ASSIS AJ,153.0,55.0,1anos9meses,56.0,140516FM,PARÁ FM - NELORE,183216FM,202.0,71.0,SEMI-EXTENSIVO
08821,PARADIGMA TUL,PARADIGMA TUL,Nelore CEIP,588219TUL,02/10/2019,18.7,,,,,,,,866.0,43.0,155.0,Tulipa Agropecuária,Maria de Lourdes Reato Bruner,USHUAIA TUL x SCHEIDT AJ,USHUAIA TUL,293210AJ,ceip; maternal; semiextensivo,https://loja.crvbrasil.com.br/semen/touros-de-corte-zebu/nelore/paradigma-tul-nelore,,,,,,,,,,,,,,,,,,,,,,,,,,,,,,,,,,,,,,,,,,,,,,,,,,,,,,,,,,,,,,,,,,,,,,,,,,,,,,,,,,,,,,,,,,,,,,,,,,,,,,,,,,,,,,,,,,,,,,,,,,,,,,,,,,,,,,,,,,,,,,,,,,,,,,,,,,,,,,,,,,,,,,,,,,,,,,,,,,,,,,,,,,,,,,,,,,,,,,,,,,,,,,,,,,,,,,0.94,2.0,0.11,0.93,3.0,0.11,0.94,8.0,-3.37,0.92,5.0,0.89,0.92,6.0,-2.48,0.92,5.0,0.59,0.94,7.0,-1.14,0.92,6.0,-0.55,0.59,4.0,2.19,0.94,9.0,-4.26,0.91,9.0,-0.09,0.78,9.0,5.67,0.94,7.0,-0.06,0.93,6.0,-0.05,0.94,6.0,-0.04,0.87,2.0,0.39,0.91,8.0,0.29,0.93,5.0,0.02,0.39,2.0,9.88,0.97,10.0,0.34,0.95,10.0,0.34,,,,,,,,,,,,,,,,,,,,,,,,,,,,,,,,,,,,,,,,,,,,,,,,,,,,,,,,,,,,,,,,,,,,,,,,,,,,,,,,,,,,,,,,,,,,,,,,,,,,,,,,,,,,,,,,,,,,,,,,,,,,,,,,,,,,,,,,,,,,,,,,,,,,,,,,,,,,,,,,,,,,,,,,,,,,,,,,,,,,,,,,,,,,,,,,,,,,,,,,,,,,,,,,,,,,,,,,,,,,,,,,,,,,,,,,,,,,,,,,,,,,,,,,,,,,,,,,,,,,,,,,,,,,,,,,,,,,,,,,,,,,,,,,,,,,,,,,,,,,,,,,,,,,,SCHEIDT AJ,COMANDO TUL,159.0,52.0,2anos7meses,60.0,293210AJ,PARADIGMA TUL - NELORE,TUL5941,220.0,72.0,SEMI-EXTENSIVO
08874,PHD KA,PHD KA,Nelore PO,KAPM10287,25/11/2019,38.9,,33.76,2.0,29.17,1.0,31.22,2.0,1070.0,42.0,164.0,Katayama Pecuária,Katayama Pecuária,REM VOKOLO x REM ARMADOR,REM VOKOLO,7893 KA,po; ifert; carcaca-4-estrelas; maternal; peso; reprodutivo; semiintensivo,https://loja.crvbrasil.com.br/semen/touros-de-corte-zebu/nelore/phd-ka-nelore,,,,,,,,,,,,,,,,,,,,,,,,,,,,,,,,,,,,,,,,,,,,,,,,,,,,,,,,,,,,,,,,74.0,78.25,38.0,70.0,0.27,17.0,70.0,6.44,0.5,39.0,-0.01,62.0,67.0,35.01,100.0,50.0,0.276,98.0,48.0,-1.08,7.0,52.0,0.17,3.0,83.0,23.86,0.1,88.0,35.7,2.0,82.0,38.73,0.5,77.0,2.44,0.5,70.0,88.32,6.0,48.0,48.0,2.95,15.0,47.0,5.84,7.0,449.0,6.0,58.0,12.21,2.0,85.0,2.1,100.0,,,,,,,,,,,,,,,,,,,,,,,,,,,,,,,,,,,,,,,,,,,,,,,,,,,,,,,,,,,,,,,,,,,,,,,,,,,,,,,,,,,,,,,,,,,,,,,,,,,,,,,,,,,,,,,,,,,,,,,,,,,,,,,,,,,,,,,,,,,,,,,,,,,,,,,,,,,,,,,,64.0,6.29,0.1,,0.13,99.0,42.0,5.22,4.0,53.0,8.33,2.0,22.0,77.86,2.0,38.0,0.08,52.0,67.0,13.69,0.5,20.0,-1.74,43.0,,37.0,1.61,3.0,28.0,-0.23,65.0,64.0,18.83,0.1,74.0,2.55,0.1,61.0,2.09,99.0,67.0,32.52,0.1,59.0,0.15,38.0,,6.03,3.0,,9.52,3.0,,,,,,,,,,,,,,,,,,,,,,,,,,,,,,,,,,,,,,,,,,,,,,,,,,,,,,,,,,,,,,,,,,,,,,,,,,,,,,,,,,,,,,,,,,,,,,,,,,,,,,,,,,,,,,,,,,,,,,,,,,,,,,,,,,,,,,,,,,,,,,,,,,,,,,,,,,,,,,,,,,,,,,,,,,,,,,,,,,76.0,5.0,0.3,82.0,1.0,6.86,54.0,1.0,5.48,56.0,1.0,-19.72,49.0,1.0,2.31,54.0,1.0,5.6,84.0,1.0,28.46,85.0,1.0,19.35,78.0,1.0,1.68,59.0,3.0,1.3,86.0,10.0,2.29,34.0,1.0,51.24,85.0,1.0,33.78,54.0,1.0,5.88,25.0,1.0,54.81,,,,,,,,,,,,,,,,,,,,,,,,,,,,,,,,,,,REM ARMADOR,REM RICKET,184.0,65.0,4anose6meses,64.0,KAPL7893,PHD KA - NELORE,REM6447,242.0,85.0,SEMI-INTENSIVO
08645,PIRATINI FM,PIRATINI FM,Nelore CEIP,35814FM,12/09/2014,21.3,,,,,,,,1011.0,41.0,160.0,Agropecuária Maragogipe,Agropecuária Maragogipe,DVORAK AJ x ORFF AJ,DVORAK AJ,27210FM,ceip; novilhas; semiextensivo,https://loja.crvbrasil.com.br/semen/touros-de-corte-zebu/nelore/piratini-fm-nelore,,0.0,-0.25,,7.0,-0.08,,0.0,-10.09,,2.0,28.64,,3.0,18.55,,1.0,3.37,,0.0,-4.1,,6.0,-0.73,,1.0,3.86,0.88,0.0,-22.2,0.86,,2.86,,1.0,-11.22,,4.0,0.08,,1.0,0.28,,2.0,0.18,,8.0,-0.2,,1.0,-1.7,,1.0,0.3,,3.0,5.37,,2.0,0.56,,5.0,0.52,,,,,,,,,,,,,,,,,,,,,,,,,,,,,,,,,,,,,,,,,,,,,,,,,,,,,,,,,,,,,,,,,,,,,,,,,,,,,,,,,,,,,,,,,,,,,,,,,,,,,,,,,,,,,,,,,,,,,,,,,,,,,,,,,,,,,,,,,,,,,,,,,,,,,,,0.89,10.0,-0.25,0.88,8.0,-0.08,0.89,10.0,-10.09,0.87,1.0,28.64,0.87,3.0,18.55,0.87,1.0,3.37,0.89,10.0,-4.1,0.87,6.0,-0.73,0.65,5.0,0.37,0.88,10.0,-20.36,0.86,7.0,3.86,0.79,1.0,-11.22,0.89,4.0,0.08,0.87,1.0,0.28,0.89,2.0,0.18,0.81,8.0,-0.2,0.86,1.0,-1.7,0.87,1.0,0.3,0.84,3.0,5.37,0.91,2.0,0.56,0.91,4.0,0.52,,,,,,,,,,,,,,,,,,,,,,,,,,,,,,,,,,,,,,,,,,,,,,,,,,,,,,,,,,,,,,,,,,,,,,,,,,,,,,,,,,,,,,,,,,,,,,,,,,,,,,,,,,,,,,,,,,,,,,,,,,,,,,,,,,,,,,,,,,,,,,,,,,,,,,,,,,,,,,,,,,,,,,,,,,,,,,,,,,,,,,,,,,,,,,,,,,,,,,,,,,,,,,,,,,,,,,,,,,,,,,,,,,,,,,,,,,,,,,,,,,,,,,,,,,,,,,,,,,,,,,,,,,,,,,,,,,,,,,,,,,,,,,,,,,,,,,,,,,,,,,,,,,,,,ORFF AJ,FELIUS AJ,175.0,63.0,6anos,62.0,27210FM,PIRATINI FM - NELORE,277601AJ,230.0,82.0,SEMI-EXTENSIVO
08978,PITBULL  DO GOLIAS,PITBULL DO GOLIAS,Nelore PO,FSAT4695,16/03/2020,24.8,,13.7,34.0,3.24,5.0,5.19,51.0,,,,Nelore do Golias,Flavio Páscoa Telles de Menezes,TIJOLO DO GOLIAS x CARUA,TIJOLO DO GOLIAS,FINA DAMA DO GOLIAS,po; carcaca-5-estrelas; novilhas; semiextensivo,https://loja.crvbrasil.com.br/semen/touros-de-corte-zebu/nelore/pitbull-fiv-do-golias-nelore,,,,,,,,,,,,,,,,,,,,,,,,,,,,,,,,,,,,,,,,,,,,,,,,,,,,,,,,,,,,,,,,20.0,77.26,43.0,34.0,0.64,6.0,35.0,3.32,11.0,23.0,0.0,69.0,23.0,69.5,0.1,23.0,-0.115,14.0,23.0,-0.62,47.0,35.0,0.35,0.1,23.0,4.8,50.0,40.0,9.45,50.0,74.0,9.1,55.0,25.0,0.55,35.0,24.0,75.39,25.0,20.0,23.0,0.17,84.0,23.0,0.16,93.0,0.0,0.0,23.0,4.1,50.0,25.0,-1.13,2.0,,,,,,,,,,,,,,,,,,,,,,,,,,,,,,,,,,,,,,,,,,,,,,,,,,,,,,,,,,,,,,,,,,,,,,,,,,,,,,,,,,,,,,,,,,,,,,,,,,,,,,,,,,,,,,,,,,,,,,,,,,,,,,,,,,,,,,,,,,,,,,,,,,,,,,,,,,,,,,,,12.0,2.04,15.0,,0.01,53.0,10.0,3.27,18.0,11.0,0.34,68.0,7.0,55.42,31.0,8.0,1.45,4.0,17.0,-0.62,74.0,7.0,-3.47,30.0,,16.0,2.12,1.0,10.0,-2.0,93.0,15.0,0.65,70.0,20.0,-0.61,90.0,14.0,-0.44,4.0,17.0,0.03,73.0,12.0,-1.59,96.0,,-1.98,91.0,,-3.69,93.0,,,,,,,,,,,,,,,,,,,,,,,,,,,,,,,,,,,,,,,,,,,,,,,,,,,,,,,,,,,,,,,,,,,,,,,,,,,,,,,,,,,,,,,,,,,,,,,,,,,,,,,,,,,,,,,,,,,,,,,,,,,,,,,,,,,,,,,,,,,,,,,,,,,,,,,,,,,,,,,,,,,,,,,,,,,,,,,,,,24.0,1.0,1.78,30.0,1.0,2.43,15.0,10.0,-1.73,17.0,2.0,-13.87,25.0,1.0,3.36,15.0,2.0,2.24,27.0,8.0,-1.75,26.0,7.0,0.27,15.0,8.0,-0.23,17.0,9.0,-1.62,28.0,1.0,-0.57,6.0,2.0,37.85,28.0,9.0,-3.97,15.0,2.0,2.76,11.0,4.0,39.93,,,,,,,,,,,,,,,,,,,,,,,,,,,,,,,,,,,CARUA,FAULAD DA SC,,,-,,FSAT 1544,PITBULL DO GOLIAS - NELORE,FSAT 1554,,,SEMI-EXTENSIVO
09072,PRIME RIB,PRIME RIB,Nelore CEIP,032020RIB,13/07/2020,18.7,,,,,,,,644.0,40.0,150.0,Agropecuária Ribeirópolis,Agropecuária Ribeirópolis,ABRAÃO PTZ x SUDÃO MN,ABRAÃO PTZ,224117RIB,ceip; maternal; semiextensivo,https://loja.crvbrasil.com.br/semen/touros-de-corte-zebu/nelore/prime-rib-nelore,,,,,,,,,,,,,,,,,,,,,,,,,,,,,,,,,,,,,,,,,,,,,,,,,,,,,,,,,,,,,,,,,,,,,,,,,,,,,,,,,,,,,,,,,,,,,,,,,,,,,,,,,,,,,,,,,,,,,,,,,,,,,,,,,,,,,,,,,,,,,,,,,,,,,,,,,,,,,,,,,,,,,,,,,,,,,,,,,,,,,,,,,,,,,,,,,,,,,,,,,,,,,,,,,,,,,,0.97,8.0,-0.09,0.97,10.0,-0.2,0.97,6.0,-0.5,0.97,3.0,12.38,0.97,4.0,11.88,0.97,2.0,2.68,0.97,7.0,-0.67,0.97,4.0,2.01,0.65,1.0,6.44,0.96,9.0,-4.48,0.92,9.0,-2.84,0.69,7.0,2.86,0.97,9.0,-0.15,0.97,9.0,-0.16,0.97,6.0,-0.03,0.95,6.0,-0.01,0.92,8.0,0.42,0.97,8.0,-0.1,0.38,1.0,10.14,0.99,9.0,0.43,0.98,8.0,0.46,,,,,,,,,,,,,,,,,,,,,,,,,,,,,,,,,,,,,,,,,,,,,,,,,,,,,,,,,,,,,,,,,,,,,,,,,,,,,,,,,,,,,,,,,,,,,,,,,,,,,,,,,,,,,,,,,,,,,,,,,,,,,,,,,,,,,,,,,,,,,,,,,,,,,,,,,,,,,,,,,,,,,,,,,,,,,,,,,,,,,,,,,,,,,,,,,,,,,,,,,,,,,,,,,,,,,,,,,,,,,,,,,,,,,,,,,,,,,,,,,,,,,,,,,,,,,,,,,,,,,,,,,,,,,,,,,,,,,,,,,,,,,,,,,,,,,,,,,,,,,,,,,,,,,SUDÃO MN,PAINT NITRO,150.0,52.0,2anos,53.0,224117RIB,PRIME RIB - NELORE,-,200.0,79.0,SEMI-EXTENSIVO
08343,PRO LITRO BAL,PRO LITRO BAL,Nelore CEIP,680316BAL,31/10/2016,31.2,,,,,,,,967.0,46.0,156.0,Fazenda Balsamo,Mariana Arantes de Almeida,LITIO AJ x PAINT NITRO,LITIO AJ,450513BAL,ceip; ifert; maternal; peso; extensivo,https://loja.crvbrasil.com.br/semen/touros-de-corte-zebu/nelore/pro-litro-bal-nelore,0.98,4.0,0.06,0.97,2.0,0.14,0.98,2.0,6.47,0.97,1.0,30.97,0.97,1.0,37.44,0.97,1.0,3.71,0.98,2.0,2.61,0.97,1.0,6.31,0.81,9.0,-1.55,0.98,4.0,8.56,0.96,4.0,11.23,0.89,5.0,-0.31,0.98,3.0,0.12,0.97,3.0,0.13,0.98,2.0,0.14,0.96,5.0,0.08,0.97,6.0,0.11,0.97,2.0,0.23,0.97,2.0,10.48,0.99,4.0,0.52,0.99,4.0,0.53,,,,,,,,,,,,,,,,,,,,,,,,,,,,,,,,,,,,,,,,,,,,,,,,,,,,,,,,,,,,,,,,,,,,,,,,,,,,,,,,,,,,,,,,,,,,,,,,,,,,,,,,,,,,,,,,,,,,,,,,,,,,,,,,,,,,,,,,,,,,,,,,,,,,,,,0.98,4.0,0.06,0.97,2.0,0.14,0.98,2.0,6.47,0.97,1.0,30.97,0.97,1.0,37.44,0.97,1.0,3.71,0.98,2.0,2.61,0.97,1.0,6.31,0.7,4.0,1.94,0.96,4.0,8.7,0.95,4.0,11.44,0.89,5.0,-0.31,0.98,3.0,0.12,0.97,3.0,0.13,0.98,2.0,0.14,0.96,5.0,0.08,0.95,6.0,0.11,0.97,2.0,0.23,0.97,1.0,10.48,0.99,4.0,0.52,0.99,4.0,0.53,,,,,,,,,,,,,,,,,,,,,,,,,,,,,,,,,,,,,,,,,,,,,,,,,,,,,,,,,,,,,,,,,,,,,,,,,,,,,,,,,,,0.98,3.0,0.08,0.97,2.0,0.13,0.98,2.0,5.56,0.97,1.0,28.22,0.97,1.0,33.78,0.97,2.0,2.4,0.98,2.0,2.05,0.97,2.0,4.45,0.49,7.0,-0.65,0.98,2.0,9.11,0.97,2.0,8.13,0.87,4.0,-2.39,0.98,3.0,0.09,0.97,3.0,0.09,0.98,2.0,0.13,0.94,5.0,0.02,0.96,7.0,0.14,0.97,2.0,0.19,0.75,1.0,17.0,0.99,5.0,0.02,0.99,5.0,0.03,,,,,,,,,,,,,,,,,,,,,,,,,,,,,,,,,,,,,,,,,,,,,,,,,,,,,,,,,,,,,,,,,,,,,,,,,,,,,,,,,,,,,,,,,,,,,,,,,,,,,,,,,,,,,,,,,,,,,,,,,,,,,,,,,,,,,,,,,,,,,,,,,,,,,,,,,,,,,,,,,,,,PAINT NITRO,MACAMBIRA AJ,170.0,58.0,3anos9meses,60.0,450513BAL,PRO LITRO BAL - NELORE,698706AJ,230.0,82.0,EXTENSIVO
08701,PRO MESTRE BAL,PRO MESTRE BAL,Nelore CEIP,828217BAL,23/11/2017,24.8,,,,,,,,1058.0,43.0,158.0,Fazenda Balsamo,Heitor Maso - Fazenda Capuava,PRO PROFESSOR BAL x -,PRO PROFESSOR BAL,599215BAL,ceip; maternal; extensivo,https://loja.crvbrasil.com.br/semen/touros-de-corte-zebu/nelore/pro-mestre-bal-nelore,,4.0,0.05,,1.0,0.24,,6.0,-0.53,,2.0,23.48,,2.0,22.96,,2.0,2.88,,6.0,-0.34,,4.0,2.54,,1.0,2.57,0.97,8.0,-2.18,0.96,,4.85,,5.0,-0.09,,7.0,-0.05,,5.0,0.02,,7.0,-0.05,,1.0,1.45,,8.0,0.26,,4.0,0.09,,3.0,5.14,,7.0,0.49,,3.0,0.54,,,,,,,,,,,,,,,,,,,,,,,,,,,,,,,,,,,,,,,,,,,,,,,,,,,,,,,,,,,,,,,,,,,,,,,,,,,,,,,,,,,,,,,,,,,,,,,,,,,,,,,,,,,,,,,,,,,,,,,,,,,,,,,,,,,,,,,,,,,,,,,,,,,,,,,,,,,,,,,,,,,,,,,,,,,,,,,,,,,,,,,,,,,,,,,,,,,,,,,,,,,,,,,,,,,,,,,,,,,,,,,,,,,,,,,,,,,,,,,,,,,,,,,,,,,,,,,,,,,,,,,,,,,,,,,,,,,,,,,,,,,,,,,,,,,,,,,,0.97,4.0,0.06,0.96,1.0,0.24,0.97,5.0,0.08,0.96,2.0,20.07,0.96,2.0,20.14,0.96,3.0,1.77,0.97,6.0,-0.05,0.96,4.0,1.72,0.48,1.0,2.84,0.97,6.0,-0.21,0.96,2.0,7.84,0.91,4.0,-2.62,0.97,6.0,-0.03,0.96,5.0,0.04,0.97,6.0,-0.01,0.91,1.0,1.31,0.97,9.0,0.46,0.96,3.0,0.13,0.82,3.0,5.92,0.97,5.0,0.01,0.99,5.0,0.01,,,,,,,,,,,,,,,,,,,,,,,,,,,,,,,,,,,,,,,,,,,,,,,,,,,,,,,,,,,,,,,,,,,,,,,,,,,,,,,,,,,,,,,,,,,,,,,,,,,,,,,,,,,,,,,,,,,,,,,,,,,,,,,,,,,,,,,,,,,,,,,,,,,,,,,,,,,,,,,,,,,,-,CFM ORGULHO,175.0,64.0,4anos6meses,63.0,-,PRO MESTRE BAL - NELORE,302011BAL,218.0,75.0,EXTENSIVO
08980,QATAR DA DI GÊNIO,QATAR DA DI GÊNIO,Nelore PO,JCDG12029,23/08/2018,43.7,,,,19.53,1.0,22.01,8.0,1148.0,46.0,168.0,Nelore Di Gênio,Nelore Di Gênio,REM USP x DESPEJO DA AIMORE,REM USP,LIBERTA DA DI GÊNIO,po; ceip; ifert; pnat; maternal; peso; reprodutivo; semiextensivo,https://loja.crvbrasil.com.br/semen/touros-de-corte-zebu/nelore/qatar-da-di-genio-nelore,,1.0,0.65,,1.0,0.5,,1.0,18.9,,7.0,-6.59,,4.0,12.3,,6.0,-0.53,,1.0,8.49,,1.0,7.96,,1.0,2.25,0.98,1.0,21.8,0.96,,8.03,,7.0,1.3,,4.0,0.05,,6.0,-0.05,,8.0,-0.1,,4.0,0.17,,10.0,1.34,,9.0,-0.17,,1.0,21.38,,7.0,0.49,,7.0,0.48,,,,,,,,,,,,,,,,,,,,,,,,,,,,,,,,,,,,,,,,,,,,,,,,,,,,,,,,,,,,,,,,,,,,,,,,,,,,,,,,,,,,,,,,,,,,,,,,,,,,,,,,,,,,,,,,,,,,,,,,,,,,,,,,,,,,,,,,,,,,,,,,,,,,,,,,,,,,,,,,,,,,,,,,,,,,,,,,,,,,,,,,,,,,,,,,,,,,,,,,,,,,,,,,,,,,,,67.0,1.55,24.0,,0.03,80.0,62.0,5.04,4.0,66.0,6.63,5.0,25.0,73.61,4.0,57.0,-1.07,95.0,75.0,7.06,12.0,53.0,-5.38,19.0,,65.0,-0.32,66.0,63.0,1.74,21.0,75.0,16.2,0.5,77.0,1.55,4.0,74.0,0.58,89.0,75.0,23.25,2.0,62.0,-0.49,67.0,,6.32,3.0,,10.43,2.0,,,,,,,,,,,,,,,,,,,,,,,,,,,,,,,,,,,,,,,,,,,,,,,,,,,,,,,,,,,,,,,,,,,,,,,,,,,,,,,,,,,,,,,,,,,,,,,,,,,,,,,,,,,,,,,,,,,,,,,,,,,,,,,,,,,,,,,,,,,,,,,,,,,,,,,,,,,,,,,,,,,,,,,,,,,,,,,,,,68.0,10.0,-2.66,76.0,4.0,1.07,76.0,1.0,3.63,64.0,3.0,-11.3,69.0,7.0,-0.31,76.0,1.0,4.04,85.0,1.0,21.15,88.0,1.0,16.05,82.0,1.0,0.99,66.0,2.0,1.91,90.0,9.0,0.5,32.0,3.0,36.13,86.0,1.0,23.79,76.0,2.0,2.77,27.0,1.0,51.58,,,,,,,,,,,,,,,,,,,,,,,,,,,,,,,,,,,DESPEJO DA AIMORE,REM QUISCO,185.0,68.0,6anos2meses,71.0,JCDG 5603,QATAR DA DI GÊNIO - NELORE,REM 5531,240.0,82.0,SEMI-EXTENSIVO
08506,QLT ROI,QLT ROI,Nelore CEIP,S17554,09/12/2017,33.9,,,,,,,,982.0,41.0,156.0,Fazenda Bonanza,Ilézio Inácio Ferreira,RMBZ2017 x QLT JAGUAR,RMBZ2017,B14286,ceip; ifert; maternal; novilhas; peso; semiextensivo,https://loja.crvbrasil.com.br/semen/touros-de-corte-zebu/nelore/qlt-roi-nelore,,,,,,,,,,,,,,,,,,,,,,,,,,,,,,,,,,,,,,,,,,,,,,,,,,,,,,,,,,,,,,,,,,,,,,,,,,,,,,,,,,,,,,,,,,,,,,,,,,,,,,,,,,,,,,,,,,,,,,,,,,,,,,,,,,,,,,,,,,,,,,,,,,,,,,,,,,,,,,,,,,,,,,,,,,,,,,,,,,,,,,,,,,,,,,,,,,,,,,,,,,,,,,,,,,,,,,,,,,,,,,,,,,,,,,,,,,,,,,,,,,,,,,,,,,,,,,,,,,,,,,,,,,,,,,,,,,,,,,,,,,,,,,,,,,,,,,,,,,,,,,,,,,,,,,,,,,,,,,,,,,,,,,,,,,,,,,,,,,,,,,,,,,,,,,,,,,,,,,,,,,,,,,,,,,,,,,,,,,,,,,,,,,,,,,,,,,,,,,,,,,,,,,,,,,,,,,,,,,,,,,,,,,,,,,,,,,,,,,,,,,,,,,,,,,,,,,,,,,,,,,,,,,,,,,,,,,,,,,,,,,,,,,,,,,,,,,,,,,,,,,,,,,,,,,,,,,,,,,,,,,,,,,,,,,,,,,,,,,,,,,,,,,,,,,,,0.83,6.99,3.0,0.83,0.25,10.0,0.47,9.31,0.1,0.85,0.18,,0.84,0.76,15.0,,,,0.86,-0.42,15.0,,,,,7.17,15.0,,9.64,10.0,,,,QLT JAGUAR,-,171.0,63.0,4anos6meses,55.0,B14286,QLT ROI - NELORE,RMBZ2017,218.0,79.0,SEMI-EXTENSIVO
09753,QLT SAUDOSO DA MATA VERDE,QLT SAUDOSO,Nelore CEIP,180850,29/09/2018,25.9,,,,,,,,886.0,39.0,147.0,Fazenda Mata Verde,Nilson José Michels,QLT MONTANHA x QLT KING,QLT MONTANHA,160274,ceip; maternal; novilhas; peso; semiextensivo,https://loja.crvbrasil.com.br/semen/touros-de-corte-zebu/nelore/qlt-saudoso-nelore,,,,,,,,,,,,,,,,,,,,,,,,,,,,,,,,,,,,,,,,,,,,,,,,,,,,,,,,,,,,,,,,,,,,,,,,,,,,,,,,,,,,,,,,,,,,,,,,,,,,,,,,,,,,,,,,,,,,,,,,,,,,,,,,,,,,,,,,,,,,,,,,,,,,,,,,,,,,,,,,,,,,,,,,,,,,,,,,,,,,,,,,,,,,,,,,,,,,,,,,,,,,,,,,,,,,,,,,,,,,,,,,,,,,,,,,,,,,,,,,,,,,,,,,,,,,,,,,,,,,,,,,,,,,,,,,,,,,,,,,,,,,,,,,,,,,,,,,,,,,,,,,,,,,,,,,,,,,,,,,,,,,,,,,,,,,,,,,,,,,,,,,,,,,,,,,,,,,,,,,,,,,,,,,,,,,,,,,,,,,,,,,,,,,,,,,,,,,,,,,,,,,,,,,,,,,,,,,,,,,,,,,,,,,,,,,,,,,,,,,,,,,,,,,,,,,,,,,,,,,,,,,,,,,,,,,,,,,,,,,,,,,,,,,,,,,,,,,,,,,,,,,,,,,,,,,,,,,,,,,,,,,,,,,,,,,,,,,,,,,,,,,,,,,,,,,0.79,7.83,2.0,0.79,0.19,20.0,0.38,7.4,0.1,0.8,0.67,,0.79,0.65,15.0,,,,0.81,-1.54,0.1,,,,,8.5,10.0,,9.19,10.0,,,,QLT KING,CFM MINEIRO,172.0,59.0,5anos3meses,60.0,160274,QLT SAUDOSO - NELORE,B176,225.0,79.0,SEMI-EXTENSIVO
08849,QLT TOTEM,QLT TOTEM,Nelore CEIP,WZN190140,06/10/2019,28.3,,,,,,,,890.0,42.0,149.0,Weida Zancaner,Weida Zancaner,QLT QUINCAS x QLT NERO,QLT QUINCAS,WZN160059,ceip; maternal; novilhas; reprodutivo; semiextensivo,https://loja.crvbrasil.com.br/semen/touros-de-corte-zebu/nelore/qlt-totem-nelore,,,,,,,,,,,,,,,,,,,,,,,,,,,,,,,,,,,,,,,,,,,,,,,,,,,,,,,,,,,,,,,,,,,,,,,,,,,,,,,,,,,,,,,,,,,,,,,,,,,,,,,,,,,,,,,,,,,,,,,,,,,,,,,,,,,,,,,,,,,,,,,,,,,,,,,,,,,,,,,,,,,,,,,,,,,,,,,,,,,,,,,,,,,,,,,,,,,,,,,,,,,,,,,,,,,,,,,,,,,,,,,,,,,,,,,,,,,,,,,,,,,,,,,,,,,,,,,,,,,,,,,,,,,,,,,,,,,,,,,,,,,,,,,,,,,,,,,,,,,,,,,,,,,,,,,,,,,,,,,,,,,,,,,,,,,,,,,,,,,,,,,,,,,,,,,,,,,,,,,,,,,,,,,,,,,,,,,,,,,,,,,,,,,,,,,,,,,,,,,,,,,,,,,,,,,,,,,,,,,,,,,,,,,,,,,,,,,,,,,,,,,,,,,,,,,,,,,,,,,,,,,,,,,,,,,,,,,,,,,,,,,,,,,,,,,,,,,,,,,,,,,,,,,,,,,,,,,,,,,,,,,,,,,,,,,,,,,,,,,,,,,,,,,,,,,,0.77,1.73,40.0,0.77,0.37,2.0,0.33,2.96,9.0,0.78,-0.19,,0.76,1.52,2.0,0.42,-1.89,0.1,0.8,-0.41,15.0,,,,,1.54,,,10.36,8.0,,,,QLT NERO,QLT JAGUAR,161.0,57.0,2anose8meses,56.0,-,QLT TOTEM - NELORE,-,217.0,78.0,SEMI-EXTENSIVO
10941,QLT TROPEIRO DA TOPGEN,QLT TROPEIRO,Nelore CEIP,AL785,03/10/2019,32.4,,,,,,,,1015.0,43.0,160.0,Agropecuária Topgen,Walter Alves Do Nascimento,QLT NERO x REM QUILANO,QLT NERO,D88,ceip; ifert; novilhas; peso; semiextensivo,https://loja.crvbrasil.com.br/semen/touros-de-corte-zebu/nelore/qlt-tropeiro-nelore,,,,,,,,,,,,,,,,,,,,,,,,,,,,,,,,,,,,,,,,,,,,,,,,,,,,,,,,,,,,,,,,,,,,,,,,,,,,,,,,,,,,,,,,,,,,,,,,,,,,,,,,,,,,,,,,,,,,,,,,,,,,,,,,,,,,,,,,,,,,,,,,,,,,,,,,,,,,,,,,,,,,,,,,,,,,,,,,,,,,,,,,,,,,,,,,,,,,,,,,,,,,,,,,,,,,,,,,,,,,,,,,,,,,,,,,,,,,,,,,,,,,,,,,,,,,,,,,,,,,,,,,,,,,,,,,,,,,,,,,,,,,,,,,,,,,,,,,,,,,,,,,,,,,,,,,,,,,,,,,,,,,,,,,,,,,,,,,,,,,,,,,,,,,,,,,,,,,,,,,,,,,,,,,,,,,,,,,,,,,,,,,,,,,,,,,,,,,,,,,,,,,,,,,,,,,,,,,,,,,,,,,,,,,,,,,,,,,,,,,,,,,,,,,,,,,,,,,,,,,,,,,,,,,,,,,,,,,,,,,,,,,,,,,,,,,,,,,,,,,,,,,,,,,,,,,,,,,,,,,,,,,,,,,,,,,,,,,,,,,,,,,,,,,,,,,0.61,7.1,3.0,0.58,0.41,1.0,0.26,-0.6,,0.59,6.7,4.0,0.63,1.23,4.0,0.31,-1.0,3.0,0.63,-1.0,1.0,0.42,20.85,1.0,,13.9,2.0,,16.1,1.0,0.43,20.56,1.0,REM QUILANO,CFM ORGULHO,177.0,62.0,5 anos e 1 mês,66.0,-,QLT TROPEIRO - NELORE,-,235.0,87.0,SEMI-EXTENSIVO
12296,QLT UBERABAO DA BARRA BONITA,QLT UBERABÃO,Nelore CEIP,173056,20/08/2020,32.4,,,,,,,,989.0,41.0,156.0,Agropecuária Barra Bonita,Sidney Gasques Bordone,REM DULLDOG x REM USP,REM DULLDOG,SB6096,ceip; ifert; maternal; novilhas; peso; reprodutivo; semiextensivo,https://loja.crvbrasil.com.br/semen/touros-de-corte-zebu/nelore/qlt-uberabao-nelore,,,,,,,,,,,,,,,,,,,,,,,,,,,,,,,,,,,,,,,,,,,,,,,,,,,,,,,,,,,,,,,,,,,,,,,,,,,,,,,,,,,,,,,,,,,,,,,,,,,,,,,,,,,,,,,,,,,,,,,,,,,,,,,,,,,,,,,,,,,,,,,,,,,,,,,,,,,,,,,,,,,,,,,,,,,,,,,,,,,,,,,,,,,,,,,,,,,,,,,,,,,,,,,,,,,,,,,,,,,,,,,,,,,,,,,,,,,,,,,,,,,,,,,,,,,,,,,,,,,,,,,,,,,,,,,,,,,,,,,,,,,,,,,,,,,,,,,,,,,,,,,,,,,,,,,,,,,,,,,,,,,,,,,,,,,,,,,,,,,,,,,,,,,,,,,,,,,,,,,,,,,,,,,,,,,,,,,,,,,,,,,,,,,,,,,,,,,,,,,,,,,,,,,,,,,,,,,,,,,,,,,,,,,,,,,,,,,,,,,,,,,,,,,,,,,,,,,,,,,,,,,,,,,,,,,,,,,,,,,,,,,,,,,,,,,,,,,,,,,,,,,,,,,,,,,,,,,,,,,,,,,,,,,,,,,,,,,,,,,,,,,,,,,,,,,,0.79,8.81,1.0,0.79,0.31,6.0,0.21,4.75,1.0,0.79,5.64,7.0,0.78,0.73,15.0,,,,0.8,-0.74,4.0,,,,,14.46,1.0,,13.76,2.0,,,,REM USP,REM ARMADOR,152.0,56.0,5 anos,55.0,SB6096,QLT UBERABÃO - NELORE,REMC 8332,236.0,81.0,SEMI-EXTENSIVO
09564,QLT VOLATIL DA CAPIVARA,QLT VOLATIL,Nelore CEIP,T80115,06/08/2021,31.2,,,,,,,,998.0,40.0,146.0,Fazenda Capivara,Daniel Artur Baumgartner e Outro,QLT NIOBIO x CFM ORGULHO,QLT NIOBIO,Q90109,ceip; novilhas; peso; semiextensivo,https://loja.crvbrasil.com.br/semen/touros-de-corte-zebu/nelore/qlt-volatil-nelore,,,,,,,,,,,,,,,,,,,,,,,,,,,,,,,,,,,,,,,,,,,,,,,,,,,,,,,,,,,,,,,,,,,,,,,,,,,,,,,,,,,,,,,,,,,,,,,,,,,,,,,,,,,,,,,,,,,,,,,,,,,,,,,,,,,,,,,,,,,,,,,,,,,,,,,,,,,,,,,,,,,,,,,,,,,,,,,,,,,,,,,,,,,,,,,,,,,,,,,,,,,,,,,,,,,,,,,,,,,,,,,,,,,,,,,,,,,,,,,,,,,,,,,,,,,,,,,,,,,,,,,,,,,,,,,,,,,,,,,,,,,,,,,,,,,,,,,,,,,,,,,,,,,,,,,,,,,,,,,,,,,,,,,,,,,,,,,,,,,,,,,,,,,,,,,,,,,,,,,,,,,,,,,,,,,,,,,,,,,,,,,,,,,,,,,,,,,,,,,,,,,,,,,,,,,,,,,,,,,,,,,,,,,,,,,,,,,,,,,,,,,,,,,,,,,,,,,,,,,,,,,,,,,,,,,,,,,,,,,,,,,,,,,,,,,,,,,,,,,,,,,,,,,,,,,,,,,,,,,,,,,,,,,,,,,,,,,,,,,,,,,,,,,,,,,,0.74,4.13,15.0,0.73,0.46,0.5,0.26,-6.35,,0.75,8.17,2.0,0.73,1.56,2.0,,,,0.77,-0.52,10.0,,,,,12.3,3.0,,16.53,0.5,,,,CFM ORGULHO,CFM OBSTINADO,180.0,55.0,4 anos e 2 meses,62.0,Q90109,QLT VOLATIL - NELORE,-,236.0,83.0,SEMI-EXTENSIVO
08243,QUANTICO IZ,QUANTICO IZ,Nelore PO,IZSNA4252,02/09/2016,25.9,,11.47,42.0,9.69,3.0,14.28,22.0,,,,Instituto de Zootecnia de Sertãozinho,Instituto de Zootecnia de Sertãozinho,LOSANGO DO IZ x ERROSO DO IZ,LOSANGO DO IZ,JAGUAREMA DO IZ,po; carcaca-3-estrelas; maternal; novilhas; semiintensivo,https://loja.crvbrasil.com.br/semen/touros-de-corte-zebu/nelore/quantico-nelore,,,,,,,,,,,,,,,,,,,,,,,,,,,,,,,,,,,,,,,,,,,,,,,,,,,,,,,,,,,,,,,,86.0,66.82,78.0,46.0,-0.12,87.0,51.0,1.35,32.0,41.0,-0.06,29.0,74.0,62.49,1.0,31.0,-0.066,21.0,47.0,-0.22,90.0,40.0,-0.06,82.0,51.0,3.15,60.0,58.0,5.36,70.0,60.0,10.86,44.0,52.0,0.83,25.0,83.0,72.67,31.0,46.0,56.0,2.37,23.0,63.0,3.01,35.0,1.0,1.0,36.0,5.24,34.0,57.0,-0.95,3.0,,,,,,,,,,,,,,,,,,,,,,,,,,,,,,,,,,,,,,,,,,,,,,,,,,,,,,,,,,,,,,,,,,,,,,,,,,,,,,,,,,,,,,,,,,,,,,,,,,,,,,,,,,,,,,,,,,,,,,,,,,,,,,,,,,,,,,,,,,,,,,,,,,,,,,,,,,,,,,,,53.0,1.85,18.0,,0.05,94.0,46.0,1.44,47.0,54.0,3.25,31.0,22.0,49.52,47.0,37.0,1.03,11.0,58.0,5.25,23.0,30.0,3.41,79.0,,52.0,0.93,14.0,39.0,1.5,26.0,52.0,4.02,41.0,76.0,0.6,34.0,52.0,-0.78,0.5,58.0,9.27,30.0,52.0,1.21,7.0,,2.32,34.0,,4.21,29.0,56.0,2.94,26.0,42.0,0.04,42.0,26.0,-0.05,26.0,39.0,0.0,40.0,16.0,4.29,15.0,38.0,6.2,41.0,44.0,30.3,20.0,47.0,1.3,4.0,55.0,0.14,20.0,44.0,3.49,18.0,,,,,,,,,,,,,,,,,,,,,,,,,,,,,,,,,,,,,,,,,,,,,,,,,,,,,,,,,,,,,,,,,,,,,,,,,,,,,,,,,,,,,,,,,,,,,,,,,,,,,,,,,,,,,,,,,,,,,,,,,,,,,,,,,,,,,,,,,,,,,,,,,,,,42.0,4.0,0.55,52.0,3.0,1.52,34.0,2.0,1.66,36.0,7.0,1.22,39.0,1.0,1.63,34.0,4.0,1.33,53.0,2.0,9.46,55.0,3.0,4.59,53.0,5.0,0.17,41.0,2.0,2.05,59.0,1.0,-0.9,20.0,2.0,38.4,55.0,2.0,12.89,34.0,3.0,2.31,19.0,3.0,42.63,,,,,,,,,,,,,,,,,,,,,,,,,,,,,,,,,,,ERROSO DO IZ,FEDERATIVO DO IZ,,,-,,IZSNA2556,QUÂNTICO IZ - NELORE,IZSNA2864,,,SEMI-INTENSIVO
08646,QUARAÍ FM,QUARAÍ FM,Nelore CEIP,97418FM,13/12/2018,18.7,,,,,,,,,,,Agropecuária Maragogipe,Agropecuária Maragogipe,URUGUAI FM x PARDO FM,URUGUAI FM,87314FM,ceip; maternal; novilhas; semiextensivo,https://loja.crvbrasil.com.br/semen/touros-de-corte-zebu/nelore/quarai-fm-nelore,,5.0,0.03,,7.0,-0.04,,4.0,1.81,,3.0,18.5,,3.0,20.31,,2.0,2.59,,4.0,0.65,,3.0,3.24,,1.0,2.28,0.97,6.0,1.98,0.95,,4.8,,6.0,0.42,,4.0,0.04,,4.0,0.08,,5.0,0.01,,1.0,0.77,,1.0,-1.17,,5.0,0.03,,2.0,9.55,,1.0,0.62,,2.0,0.58,,,,,,,,,,,,,,,,,,,,,,,,,,,,,,,,,,,,,,,,,,,,,,,,,,,,,,,,,,,,,,,,,,,,,,,,,,,,,,,,,,,,,,,,,,,,,,,,,,,,,,,,,,,,,,,,,,,,,,,,,,,,,,,,,,,,,,,,,,,,,,,,,,,,,,,0.97,5.0,0.03,0.96,7.0,-0.04,0.97,4.0,1.81,0.96,2.0,18.5,0.96,3.0,20.31,0.96,2.0,2.59,0.97,4.0,0.65,0.96,3.0,3.24,0.66,3.0,3.21,0.97,7.0,1.98,0.95,7.0,5.11,0.89,6.0,0.42,0.97,4.0,0.04,0.96,4.0,0.08,0.97,5.0,0.01,0.95,1.0,0.77,0.95,1.0,-1.17,0.96,5.0,0.03,0.97,2.0,9.55,0.98,1.0,0.62,0.98,2.0,0.58,,,,,,,,,,,,,,,,,,,,,,,,,,,,,,,,,,,,,,,,,,,,,,,,,,,,,,,,,,,,,,,,,,,,,,,,,,,,,,,,,,,,,,,,,,,,,,,,,,,,,,,,,,,,,,,,,,,,,,,,,,,,,,,,,,,,,,,,,,,,,,,,,,,,,,,,,,,,,,,,,,,,,,,,,,,,,,,,,,,,,,,,,,,,,,,,,,,,,,,,,,,,,,,,,,,,,,,,,,,,,,,,,,,,,,,,,,,,,,,,,,,,,,,,,,,,,,,,,,,,,,,,,,,,,,,,,,,,,,,,,,,,,,,,,,,,,,,,,,,,,,,,,,,,,PARDO FM,CFM ORGULHO,,,-,,-,QUARAI FM - NELORE,-,,,SEMI-EXTENSIVO
10910,1350 FIV DO MORRO,QUERUBIM DO MORRO,Nelore PO,GFC1350,08/09/2022,31.2,,32.98,2.0,29.77,1.0,35.35,0.5,,,,Juliano Oliveira Sales,Juliano Oliveira Sales,REM GALO  x REM UPONIC,REM GALO,18 LAJA,po; carcaca-5-estrelas; car; maternal; novilhas; peso; reprodutivo; semiintensivo,https://loja.crvbrasil.com.br/semen/touros-de-corte-zebu/nelore/1350-fiv-do-morro-nelore,,,,,,,,,,,,,,,,,,,,,,,,,,,,,,,,,,,,,,,,,,,,,,,,,,,,,,,,,,,,,,,,50.0,89.47,3.0,60.0,1.5,0.1,60.0,5.53,2.0,38.0,0.01,71.0,39.0,55.85,4.0,52.0,-0.47,2.0,38.0,-1.28,2.0,58.0,0.19,2.0,60.0,14.82,8.0,62.0,30.68,4.0,64.0,32.45,3.0,62.0,2.03,3.0,42.0,94.45,3.0,42.0,46.0,4.04,7.0,45.0,5.66,8.0,4.0,1.0,45.0,14.07,0.5,59.0,-0.48,13.0,,,,,,,,,,,,,,,,,,,,,,,,,,,,,,,,,,,,,,,,,,,,,,,,,,,,,,,,,,,,,,,,,,,,,,,,,,,,,,,,,,,,,,,,,,,,,,,,,,,,,,,,,,,,,,,,,,,,,,,,,,,,,,,,,,,,,,,,,,,,,,,,,,,,,,,,,,,,,,,,59.0,3.7,2.0,,0.07,99.0,50.0,4.4,7.0,59.0,7.36,3.0,22.0,84.45,1.0,47.0,3.43,0.1,61.0,6.01,18.0,39.0,-2.77,35.0,,57.0,3.23,0.1,47.0,2.21,14.0,55.0,9.37,8.0,66.0,1.39,7.0,53.0,-0.09,22.0,61.0,15.38,10.0,58.0,2.54,0.5,,4.56,10.0,,7.78,8.0,,,,,,,,,,,,,,,,,,,,,,,,,,,,,,,,,,,,,,,,,,,,,,,,,,,,,,,,,,,,,,,,,,,,,,,,,,,,,,,,,,,,,,,,,,,,,,,,,,,,,,,,,,,,,,,,,,,,,,,,,,,,,,,,,,,,,,,,,,,,,,,,,,,,,,,,,,,,,,,,,,,,,,,,,,,,,,,,,,52.0,1.0,7.44,60.0,1.0,4.89,47.0,1.0,2.16,46.0,2.0,-13.07,52.0,1.0,3.71,47.0,1.0,4.5,61.0,1.0,16.3,61.0,1.0,9.22,58.0,1.0,0.95,52.0,1.0,2.9,61.0,4.0,-0.02,35.0,1.0,49.62,62.0,1.0,20.75,47.0,1.0,4.78,18.0,1.0,69.31,,,,,,,,,,,,,,,,,,,,,,,,,,,,,,,,,,,REM UPONIC,REM ESPIÃO007,,,-,,LAJI18,QUERUBIM DO MORRO - NELORE,REMA1576,,,SEMI-INTENSIVO
09064,QUEST KA,QUEST KA,Nelore PO,KPAM38,21/07/2020,36.5,,22.85,13.0,22.39,1.0,24.95,5.0,718.0,44.0,152.0,Katayama Pecuária,"Katayama Pecuária, Frederico Arantes, Bruno Andrade, Matheus L.V. da Silva, Diego Cima",KOCHI KA x REM USP,KOCHI KA,1068 KA,po; ifert; carcaca-5-estrelas; rp-ancp; novilhas; peso; reprodutivo; semiextensivo,https://loja.crvbrasil.com.br/semen/touros-de-corte-zebu/nelore/quest-ka-nelore,,,,,,,,,,,,,,,,,,,,,,,,,,,,,,,,,,,,,,,,,,,,,,,,,,,,,,,,,,,,,,,,71.0,79.23,34.0,66.0,0.08,38.0,66.0,3.62,9.0,33.0,-0.08,16.0,67.0,40.45,88.0,48.0,-0.009,35.0,41.0,-1.09,7.0,53.0,0.13,5.0,79.0,14.05,10.0,84.0,24.23,11.0,77.0,23.84,12.0,71.0,1.75,5.0,67.0,79.64,17.0,45.0,45.0,2.13,28.0,44.0,3.4,28.0,230.0,8.0,49.0,9.38,9.0,83.0,0.98,81.0,,,,,,,,,,,,,,,,,,,,,,,,,,,,,,,,,,,,,,,,,,,,,,,,,,,,,,,,,,,,,,,,,,,,,,,,,,,,,,,,,,,,,,,,,,,,,,,,,,,,,,,,,,,,,,,,,,,,,,,,,,,,,,,,,,,,,,,,,,,,,,,,,,,,,,,,,,,,,,,,65.0,3.81,2.0,,0.05,93.0,60.0,3.72,13.0,64.0,5.92,8.0,24.0,74.81,3.0,58.0,1.0,12.0,70.0,3.02,41.0,52.0,-12.63,2.0,,61.0,2.61,0.1,56.0,0.32,52.0,68.0,5.84,26.0,72.0,1.48,5.0,67.0,-0.93,0.1,70.0,8.86,32.0,58.0,1.16,8.0,,1.27,50.0,,3.25,38.0,,,,,,,,,,,,,,,,,,,,,,,,,,,,,,,,,,,,,,,,,,,,,,,,,,,,,,,,,,,,,,,,,,,,,,,,,,,,,,,,,,,,,,,,,,,,,,,,,,,,,,,,,,,,,,,,,,,,,,,,,,,,,,,,,,,,,,,,,,,,,,,,,,,,,,,,,,,,,,,,,,,,,,,,,,,,,,,,,,69.0,1.0,1.75,76.0,1.0,2.62,53.0,1.0,2.81,43.0,1.0,-22.51,50.0,1.0,3.19,53.0,1.0,3.28,81.0,1.0,12.36,82.0,3.0,4.71,78.0,1.0,1.25,52.0,5.0,0.31,82.0,1.0,-1.18,31.0,2.0,38.68,82.0,1.0,14.67,53.0,1.0,4.19,23.0,1.0,67.38,,,,,,,,,,,,,,,,,,,,,,,,,,,,,,,,,,,REM USP,BACKUP,160.0,56.0,2anos7meses,55.0,KAPO1068,QUEST KA - NELORE,KAPO330,202.0,80.0,SEMI-EXTENSIVO
08652,QUICKMAN COL,QUICKMAN COL,Nelore PO,COL24926,23/11/2016,55.0,,27.96,6.0,22.58,1.0,22.62,7.0,1007.0,38.0,165.0,Colonial Agropecuária,Colonial Agropecuária e Oton Nascimento,REM ARMADOR x REM USP,REM ARMADOR,ORLA COL,po; ifert; carcaca-4-estrelas; maternal; novilhas; peso; reprodutivo; semiintensivo,https://loja.crvbrasil.com.br/semen/touros-de-corte-zebu/nelore/quickman-fiv-col-nelore,,,,,,,,,,,,,,,,,,,,,,,,,,,,,,,,,,,,,,,,,,,,,,,,,,,,,,,,,,,,,,,,77.0,93.52,0.5,88.0,0.14,27.0,89.0,3.75,8.0,47.0,-0.14,2.0,68.0,45.65,60.0,81.0,-0.11,15.0,67.0,-1.25,3.0,72.0,-0.07,87.0,88.0,12.78,13.0,94.0,19.96,18.0,93.0,22.52,15.0,87.0,1.49,9.0,71.0,97.97,2.0,68.0,68.0,3.65,9.0,68.0,4.71,14.0,792.0,43.0,35.0,12.44,2.0,91.0,0.53,57.0,,,,,,,,,,,,,,,,,,,,,,,,,,,,,,,,,,,,,,,,,,,,,,,,,,,,,,,,,,,,,,,,,,,,,,,,,,,,,,,,,,,,,,,,,,,,,,,,,,,,,,,,,,,,,,,,,,,,,,,,,,,,,,,,,,,,,,,,,,,,,,,,,,,,,,,,,,,,,,,,79.0,2.27,11.0,,0.03,76.0,68.0,6.91,0.5,76.0,5.1,13.0,27.0,75.6,3.0,66.0,0.31,40.0,80.0,3.72,35.0,42.0,-2.77,35.0,,72.0,-0.61,78.0,62.0,1.06,35.0,79.0,7.85,14.0,84.0,1.76,2.0,77.0,0.08,39.0,80.0,11.57,21.0,76.0,1.57,3.0,,3.37,20.0,,5.89,17.0,,,,,,,,,,,,,,,,,,,,,,,,,,,,,,,,,,,,,,,,,,,,,,,,,,,,,,,,,,,,,,,,,,,,,,,,,,,,,,,,,,,,,,,,,,,,,,,,,,,,,,,,,,,,,,,,,,,,,,,,,,,,,,,,,,,,,,,,,,,,,,,,,,,,,,,,,,,,,,,,,,,,,,,,,,,,,,,,,,84.0,2.0,1.36,88.0,1.0,2.7,77.0,4.0,0.95,72.0,1.0,-26.32,68.0,10.0,-1.39,77.0,1.0,3.75,89.0,1.0,12.4,90.0,2.0,6.74,86.0,1.0,1.45,77.0,2.0,2.07,90.0,4.0,0.04,56.0,1.0,60.05,89.0,1.0,14.41,77.0,2.0,2.75,33.0,1.0,61.9,,,,,,,,,,,,,,,,,,,,,,,,,,,,,,,,,,,REM USP,REM TORIXOREU,177.0,64.0,3anos8meses,64.0,COL23626,QUICKMAN COL -  NELORE,REMC5326,233.0,82.0,SEMI-INTENSIVO
08477,RAGHAN DO IZ,RAGHAN DO IZ,Nelore PO,IZSNA4778,20/10/2017,33.9,,18.25,22.0,15.5,1.0,16.9,16.0,786.0,40.0,161.0,Instituto de Zootecnia de Sertãozinho,Instituto de Zootecnia de Sertãozinho,OCLUSO DO IZ x URGENTO DO IZ,OCLUSO DO IZ,DIANA,po; carcaca-3-estrelas; peso; semiextensivo,https://loja.crvbrasil.com.br/semen/touros-de-corte-zebu/nelore/raghan-do-iz-nelore,,,,,,,,,,,,,,,,,,,,,,,,,,,,,,,,,,,,,,,,,,,,,,,,,,,,,,,,,,,,,,,,8.0,82.82,18.0,8.0,0.22,20.0,11.0,1.81,26.0,15.0,-0.062,28.0,28.0,46.43,53.0,5.0,-0.007,36.0,8.0,-0.75,32.0,15.0,-0.03,65.0,44.0,9.5,24.0,64.0,19.45,19.0,20.0,27.23,8.0,37.0,1.23,14.0,9.0,73.95,28.0,5.0,5.0,0.38,79.0,6.0,0.22,92.0,49.0,4.0,9.0,9.12,10.0,41.0,0.92,78.0,,,,,,,,,,,,,,,,,,,,,,,,,,,,,,,,,,,,,,,,,,,,,,,,,,,,,,,,,,,,,,,,,,,,,,,,,,,,,,,,,,,,,,,,,,,,,,,,,,,,,,,,,,,,,,,,,,,,,,,,,,,,,,,,,,,,,,,,,,,,,,,,,,,,,,,,,,,,,,,,76.0,1.35,28.0,,0.1,99.0,75.0,2.85,23.0,76.0,5.2,13.0,26.0,65.81,11.0,74.0,0.9,14.0,77.0,6.9,13.0,74.0,-4.0,27.0,,75.0,-0.04,54.0,75.0,-1.05,81.0,77.0,9.27,9.0,78.0,1.35,7.0,76.0,0.23,56.0,77.0,16.18,9.0,54.0,-1.82,98.0,,1.39,48.0,,2.14,49.0,61.0,4.4,6.0,47.0,2.78,2.0,30.0,0.13,99.0,44.0,0.13,13.0,13.0,5.05,9.0,43.0,13.2,5.0,50.0,44.88,1.0,51.0,1.6,2.0,60.0,3.32,86.0,50.0,6.18,0.0,,,,,,,,,,,,,,,,,,,,,,,,,,,,,,,,,,,,,,,,,,,,,,,,,,,,,,,,,,,,,,,,,,,,,,,,,,,,,,,,,,,,,,,,,,,,,,,,,,,,,,,,,,,,,,,,,,,,,,,,,,,,,,,,,,,,,,,,,,,,,,,,,,,,47.0,3.0,1.07,60.0,2.0,1.99,55.0,1.0,4.37,42.0,6.0,-2.45,37.0,5.0,0.18,55.0,1.0,3.76,69.0,1.0,11.96,74.0,2.0,5.72,62.0,1.0,0.94,48.0,4.0,1.18,74.0,5.0,0.09,18.0,1.0,50.84,73.0,1.0,15.77,55.0,1.0,3.96,17.0,1.0,53.02,,,,,,,,,,,,,,,,,,,,,,,,,,,,,,,,,,,URGENTO DO IZ,LANGHTI DO IZ,161.0,54.0,2anos4meses,57.0,IZSNA819,RAGHAN DO IZ - NELORE,IZSNA3713,218.0,79.0,SEMI-EXTENSIVO
08456,RAGHU COL,RAGHU COL,Nelore PO,COL25662,04/12/2017,45.4,,18.73,21.0,10.04,3.0,11.6,29.0,1095.0,46.0,154.0,Colonial Agropecuária,Colonial Agropecuária,OBJETIVO COL x DIRIGÍVEL COL,OBJETIVO COL,LIMEIRA COL,po; ifert; carcaca-3-estrelas; car; maternal; novilhas; extensivo,https://loja.crvbrasil.com.br/semen/touros-de-corte-zebu/nelore/raghu-col-nelore,,,,,,,,,,,,,,,,,,,,,,,,,,,,,,,,,,,,,,,,,,,,,,,,,,,,,,,,,,,,,,,,86.0,79.21,34.0,70.0,0.75,4.0,72.0,1.69,27.0,47.0,-0.054,33.0,78.0,67.51,0.1,46.0,-0.62,0.5,41.0,-0.71,37.0,54.0,0.08,14.0,74.0,6.12,39.0,82.0,10.08,47.0,83.0,15.0,31.0,79.0,1.0,20.0,82.0,85.76,8.0,46.0,46.0,3.01,15.0,44.0,4.22,18.0,160.0,15.0,58.0,7.37,19.0,84.0,-1.18,2.0,,,,,,,,,,,,,,,,,,,,,,,,,,,,,,,,,,,,,,,,,,,,,,,,,,,,,,,,,,,,,,,,,,,,,,,,,,,,,,,,,,,,,,,,,,,,,,,,,,,,,,,,,,,,,,,,,,,,,,,,,,,,,,,,,,,,,,,,,,,,,,,,,,,,,,,,,,,,,,,,74.0,-1.23,89.0,,-0.05,3.0,70.0,0.47,65.0,72.0,0.54,65.0,26.0,64.23,14.0,69.0,1.29,6.0,76.0,-2.66,87.0,67.0,1.87,70.0,,72.0,-0.95,89.0,69.0,1.99,17.0,75.0,-2.86,90.0,78.0,1.2,11.0,74.0,-0.74,0.5,76.0,-5.52,91.0,59.0,2.81,0.1,,0.6,61.0,,0.85,62.0,,,,,,,,,,,,,,,,,,,,,,,,,,,,,,,,,,,,,,,,,,,,,,,,,,,,,,,,,,,,,,,,,,,,,,,,,,,,,,,,,,,,,,,,,,,,,,,,,,,,,,,,,,,,,,,,,,,,,,,,,,,,,,,,,,,,,,,,,,,,,,,,,,,,,,,,,,,,,,,,,,,,,,,,,,,,,,,,,,62.0,1.0,2.21,72.0,8.0,-0.8,69.0,6.0,0.32,58.0,3.0,-10.4,57.0,10.0,-1.46,69.0,4.0,1.53,79.0,8.0,-2.06,83.0,9.0,-2.82,69.0,1.0,1.0,59.0,1.0,4.15,83.0,1.0,-0.78,29.0,1.0,45.54,81.0,8.0,-2.81,69.0,3.0,2.35,23.0,1.0,51.77,,,,,,,,,,,,,,,,,,,,,,,,,,,,,,,,,,,DIRIGÍVEL COL,CAMPEÃO DA MN,164.0,63.0,4anos5meses,64.0,COL20695,RAGHU COL - NELORE,COL23455,244.0,85.0,EXTENSIVO
07802,RAI DA MN,RAÍ DA MN,Nelore PO,LBMND8484,13/08/2013,45.4,,20.09,18.0,16.18,1.0,25.87,4.0,1149.0,42.0,159.0,Fazenda Mundo Novo,Eduardo Penteado Cardoso e Outro,HUNO DA MN x JAMANTA DA MN,HUNO DA MN,D3524 DA MN,po; ifert; carcaca-5-estrelas; car; maternal; novilhas; semiextensivo,https://loja.crvbrasil.com.br/semen/touros-de-corte-zebu/nelore/rai-da-mn-nelore,,,,,,,,,,,,,,,,,,,,,,,,,,,,,,,,,,,,,,,,,,,,,,,,,,,,,,,,,,,,,,,,87.0,86.92,7.0,85.0,0.25,18.0,86.0,1.58,29.0,40.0,-0.13,3.0,79.0,68.51,0.1,67.0,-0.19,9.0,70.0,-0.65,43.0,80.0,0.13,5.0,89.0,4.34,52.0,93.0,9.38,50.0,94.0,11.56,42.0,88.0,0.06,73.0,85.0,85.25,9.0,73.0,73.0,6.2,1.0,72.0,7.51,2.0,773.0,61.0,51.0,8.52,13.0,93.0,-1.63,0.1,,,,,,,,,,,,,,,,,,,,,,,,,,,,,,,,,,,,,,,,,,,,,,,,,,,,,,,,,,,,,,,,,,,,,,,,,,,,,,,,,,,,,,,,,,,,,,,,,,,,,,,,,,,,,,,,,,,,,,,,,,,,,,,,,,,,,,,,,,,,,,,,,,,,,,,,,,,,,,,,84.0,2.01,15.0,,-0.03,8.0,80.0,3.7,13.0,84.0,5.73,9.0,73.0,67.97,9.0,78.0,1.89,1.0,86.0,5.91,19.0,74.0,-7.4,10.0,,84.0,1.29,7.0,79.0,5.03,0.5,84.0,0.41,71.0,87.0,0.13,59.0,84.0,-0.99,0.1,86.0,6.32,44.0,81.0,3.04,0.1,,4.46,10.0,,7.05,10.0,,,,,,,,,,,,,,,,,,,,,,,,,,,,,,,,,,,,,,,,,,,,,,,,,,,,,,,,,,,,,,,,,,,,,,,,,,,,,,,,,,,,,,,,,,,,,,,,,,,,,,,,,,,,,,,,,,,,,,,,,,,,,,,,,,,,,,,,,,,,,,,,,,,,,,,,,,,,,,,,,,,,,,,,,,,,,,,,,,85.0,1.0,2.66,89.0,1.0,2.27,88.0,6.0,0.16,85.0,2.0,-13.03,84.0,1.0,1.71,88.0,2.0,2.69,93.0,4.0,5.05,94.0,7.0,0.17,89.0,5.0,0.15,87.0,1.0,5.81,94.0,1.0,-1.04,61.0,1.0,40.61,94.0,3.0,8.77,88.0,2.0,3.18,72.0,1.0,53.98,,,,,,,,,,,,,,,,,,,,,,,,,,,,,,,,,,,JAMANTA DA MN,B9707 DA MN,188.0,63.0,5anos1meses,63.0,LBMN3524,RAÍ DA MN - NELORE,LBMND1484,256.0,85.0,SEMI-EXTENSIVO
09189,4436  DA TERRA BRAVA,RANCHERO TERRA BRAVA,Nelore PO,EPCF4436,06/09/2020,31.2,,28.26,6.0,25.19,1.0,27.99,3.0,932.0,45.0,142.0,Nelore Terra Brava,Eduardo P. Campos e Leonardo D. B. Piauilino,1400 TERRA BRAVA x REM ARMADOR,1400 TERRA BRAVA,2883 DA TERRA BRAVA,po; carcaca-5-estrelas; car; peso; reprodutivo; semiextensivo,https://loja.crvbrasil.com.br/semen/touros-de-corte-zebu/nelore/rancheiro-terra-brava-nelore,,,,,,,,,,,,,,,,,,,,,,,,,,,,,,,,,,,,,,,,,,,,,,,,,,,,,,,,,,,,,,,,73.0,88.76,4.0,67.0,0.8,4.0,68.0,3.49,10.0,33.0,-0.15,2.0,67.0,41.07,86.0,59.0,-0.436,2.0,40.0,-0.97,13.0,65.0,0.16,3.0,66.0,18.9,3.0,74.0,24.58,11.0,71.0,26.61,9.0,64.0,1.11,17.0,68.0,92.14,4.0,45.0,45.0,2.04,30.0,45.0,3.17,32.0,59.0,6.0,43.0,9.62,8.0,72.0,1.02,82.0,,,,,,,,,,,,,,,,,,,,,,,,,,,,,,,,,,,,,,,,,,,,,,,,,,,,,,,,,,,,,,,,,,,,,,,,,,,,,,,,,,,,,,,,,,,,,,,,,,,,,,,,,,,,,,,,,,,,,,,,,,,,,,,,,,,,,,,,,,,,,,,,,,,,,,,,,,,,,,,,68.0,2.26,11.0,,0.05,92.0,59.0,4.88,5.0,66.0,6.85,5.0,26.0,77.72,2.0,58.0,2.86,0.1,69.0,4.02,32.0,49.0,-3.88,28.0,,66.0,1.78,2.0,54.0,1.61,24.0,66.0,10.13,6.0,74.0,1.5,5.0,66.0,0.72,95.0,69.0,14.16,13.0,61.0,1.82,2.0,,5.74,4.0,,7.17,10.0,,,,,,,,,,,,,,,,,,,,,,,,,,,,,,,,,,,,,,,,,,,,,,,,,,,,,,,,,,,,,,,,,,,,,,,,,,,,,,,,,,,,,,,,,,,,,,,,,,,,,,,,,,,,,,,,,,,,,,,,,,,,,,,,,,,,,,,,,,,,,,,,,,,,,,,,,,,,,,,,,,,,,,,,,,,,,,,,,,58.0,1.0,5.22,68.0,1.0,2.88,56.0,3.0,1.06,45.0,1.0,-29.84,60.0,1.0,2.43,56.0,1.0,3.73,71.0,1.0,13.67,76.0,1.0,10.23,65.0,2.0,0.6,52.0,4.0,1.09,75.0,10.0,0.76,30.0,2.0,39.62,73.0,1.0,15.98,56.0,1.0,4.1,21.0,1.0,63.68,,,,,,,,,,,,,,,,,,,,,,,,,,,,,,,,,,,REM ARMADOR,CAMPEÃO DA MN,169.0,62.0,2anos6meses,60.0,EPCF 2883,RANCHERO TERRA BRAVA - NELORE,EPCF 1400,225.0,76.0,SEMI-EXTENSIVO
09877,KPAO1180 KA,RAZUK KA,Nelore PO,KPAO1180,18/09/2021,31.2,,30.59,4.0,26.28,1.0,24.82,5.0,780.0,37.0,162.0,Katayama Pecuária,Katayama Pecuária,ORION KA x REM ARMADOR,ORION KA,1001 KA,po; carcaca-5-estrelas; car; maternal; peso; reprodutivo; semiintensivo,https://loja.crvbrasil.com.br/semen/touros-de-corte-zebu/nelore/razuk-ka-ne,,,,,,,,,,,,,,,,,,,,,,,,,,,,,,,,,,,,,,,,,,,,,,,,,,,,,,,,,,,,,,,,74.0,79.79,31.0,59.0,0.5,9.0,61.0,6.03,1.0,58.0,-0.09,13.0,64.0,39.67,95.0,40.0,0.533,100.0,37.0,-0.73,35.0,46.0,0.31,0.1,68.0,18.93,3.0,67.0,31.27,4.0,67.0,31.68,4.0,61.0,1.2,15.0,67.0,86.57,8.0,43.0,43.0,3.81,8.0,42.0,4.43,16.0,177.0,5.0,44.0,11.62,3.0,71.0,1.79,98.0,,,,,,,,,,,,,,,,,,,,,,,,,,,,,,,,,,,,,,,,,,,,,,,,,,,,,,,,,,,,,,,,,,,,,,,,,,,,,,,,,,,,,,,,,,,,,,,,,,,,,,,,,,,,,,,,,,,,,,,,,,,,,,,,,,,,,,,,,,,,,,,,,,,,,,,,,,,,,,,,73.0,5.5,0.1,,0.01,52.0,71.0,7.47,0.5,73.0,8.8,1.0,23.0,67.38,9.0,46.0,1.06,10.0,74.0,6.14,17.0,69.0,4.41,84.0,,72.0,3.72,0.1,70.0,0.87,39.0,74.0,18.15,0.1,75.0,0.71,28.0,74.0,1.13,99.0,74.0,24.29,1.0,56.0,0.03,43.0,,6.44,2.0,,10.37,2.0,,,,,,,,,,,,,,,,,,,,,,,,,,,,,,,,,,,,,,,,,,,,,,,,,,,,,,,,,,,,,,,,,,,,,,,,,,,,,,,,,,,,,,,,,,,,,,,,,,,,,,,,,,,,,,,,,,,,,,,,,,,,,,,,,,,,,,,,,,,,,,,,,,,,,,,,,,,,,,,,,,,,,,,,,,,,,,,,,,57.0,1.0,2.33,67.0,1.0,6.3,42.0,1.0,2.2,42.0,1.0,-16.54,48.0,1.0,3.64,42.0,2.0,2.55,71.0,1.0,20.99,76.0,1.0,17.07,66.0,4.0,0.28,50.0,2.0,1.8,80.0,10.0,0.9,25.0,1.0,41.45,71.0,1.0,23.74,42.0,3.0,1.8,17.0,1.0,58.01,,,,,,,,,,,,,,,,,,,,,,,,,,,,,,,,,,,REM ARMADOR,LAREDO KA,163.0,57.0,2anos6meses,62.0,KAPO 1001,RAZUK KA - NE,KAPO 2331,214.0,76.0,SEMI-INTENSIVO
08254,REM FOX,REM FOX,Nelore PO,REMA1117,09/10/2016,18.7,,26.86,7.0,16.46,1.0,21.79,8.0,,,,Genética Aditiva Agropecuária,Genética Aditiva Agropecuária,REM CABALLERO x REM VOKOLO,REM CABALLERO,REM CACARE,po; carcaca-4-estrelas; maternal; peso; reprodutivo; semiintensivo,https://loja.crvbrasil.com.br/semen/touros-de-corte-zebu/nelore/rem-fox-nelore,,,,,,,,,,,,,,,,,,,,,,,,,,,,,,,,,,,,,,,,,,,,,,,,,,,,,,,,,,,,,,,,40.0,72.43,63.0,65.0,0.35,14.0,66.0,4.39,5.0,41.0,0.055,98.0,65.0,42.84,79.0,49.0,0.277,98.0,40.0,-0.85,23.0,62.0,0.15,4.0,66.0,15.62,7.0,69.0,25.09,10.0,69.0,33.32,3.0,66.0,1.25,14.0,33.0,90.27,5.0,33.0,46.0,2.56,20.0,45.0,3.49,27.0,24.0,4.0,49.0,10.72,5.0,69.0,1.01,82.0,,,,,,,,,,,,,,,,,,,,,,,,,,,,,,,,,,,,,,,,,,,,,,,,,,,,,,,,,,,,,,,,,,,,,,,,,,,,,,,,,,,,,,,,,,,,,,,,,,,,,,,,,,,,,,,,,,,,,,,,,,,,,,,,,,,,,,,,,,,,,,,,,,,,,,,,,,,,,,,,65.0,3.21,3.0,,0.17,99.0,60.0,3.81,12.0,64.0,7.1,4.0,25.0,59.5,22.0,58.0,-0.09,61.0,67.0,9.28,5.0,54.0,-12.46,2.0,,63.0,1.68,3.0,59.0,2.41,12.0,64.0,12.97,2.0,71.0,1.12,13.0,62.0,0.74,96.0,67.0,22.24,2.0,56.0,0.39,28.0,,5.72,4.0,,10.04,3.0,,,,,,,,,,,,,,,,,,,,,,,,,,,,,,,,,,,,,,,,,,,,,,,,,,,,,,,,,,,,,,,,,,,,,,,,,,,,,,,,,,,,,,,,,,,,,,,,,,,,,,,,,,,,,,,,,,,,,,,,,,,,,,,,,,,,,,,,,,,,,,,,,,,,,,,,,,,,,,,,,,,,,,,,,,,,,,,,,,57.0,3.0,0.98,66.0,1.0,3.49,45.0,1.0,2.44,45.0,1.0,-18.33,56.0,1.0,1.58,45.0,4.0,1.22,66.0,1.0,17.91,68.0,1.0,11.77,60.0,2.0,0.6,54.0,1.0,3.19,68.0,10.0,1.0,29.0,6.0,30.31,68.0,1.0,23.81,45.0,3.0,1.73,29.0,5.0,36.56,,,,,,,,,,,,,,,,,,,,,,,,,,,,,,,,,,,REM VOKOLO,REM UELICO,,,-,,REMC7659,REM FOX - NELORE,REM8747,,,SEMI-INTENSIVO
08253,REM FUZIL,REM FUZIL,Nelore PO,REMA798,11/08/2016,18.7,,16.32,27.0,9.51,3.0,12.47,27.0,,,,Genética Aditiva Agropecuária,Genética Aditiva Agropecuária,REM CABALLERO x REM SAGRES,REM CABALLERO,REM BICA,po; carcaca-4-estrelas; peso; semiextensivo,https://loja.crvbrasil.com.br/semen/touros-de-corte-zebu/nelore/rem-fuzil-nelore,,,,,,,,,,,,,,,,,,,,,,,,,,,,,,,,,,,,,,,,,,,,,,,,,,,,,,,,,,,,,,,,85.0,77.48,42.0,74.0,0.3,16.0,74.0,2.45,19.0,51.0,0.04,92.0,80.0,46.32,54.0,60.0,-0.066,21.0,47.0,-0.79,29.0,70.0,0.12,7.0,76.0,10.35,21.0,78.0,23.23,13.0,81.0,26.41,9.0,76.0,1.62,7.0,81.0,75.64,24.0,52.0,52.0,-2.54,100.0,51.0,-3.31,100.0,55.0,6.0,31.0,5.3,34.0,80.0,0.61,62.0,,,,,,,,,,,,,,,,,,,,,,,,,,,,,,,,,,,,,,,,,,,,,,,,,,,,,,,,,,,,,,,,,,,,,,,,,,,,,,,,,,,,,,,,,,,,,,,,,,,,,,,,,,,,,,,,,,,,,,,,,,,,,,,,,,,,,,,,,,,,,,,,,,,,,,,,,,,,,,,,75.0,1.75,20.0,,0.05,92.0,69.0,3.82,12.0,74.0,7.23,4.0,30.0,50.21,46.0,68.0,0.33,38.0,75.0,8.33,7.0,63.0,1.8,69.0,,74.0,0.81,18.0,68.0,-2.53,96.0,72.0,9.21,9.0,78.0,1.83,2.0,72.0,-0.04,26.0,75.0,17.54,6.0,68.0,-1.4,93.0,,-0.05,70.0,,0.27,68.0,,,,,,,,,,,,,,,,,,,,,,,,,,,,,,,,,,,,,,,,,,,,,,,,,,,,,,,,,,,,,,,,,,,,,,,,,,,,,,,,,,,,,,,,,,,,,,,,,,,,,,,,,,,,,,,,,,,,,,,,,,,,,,,,,,,,,,,,,,,,,,,,,,,,,,,,,,,,,,,,,,,,,,,,,,,,,,,,,,67.0,2.0,1.37,75.0,2.0,1.83,52.0,4.0,0.76,49.0,4.0,-7.51,67.0,4.0,0.45,52.0,1.0,3.27,73.0,1.0,13.59,75.0,1.0,8.87,69.0,1.0,1.68,62.0,9.0,-1.59,73.0,6.0,0.13,33.0,3.0,36.85,76.0,1.0,20.93,52.0,2.0,2.9,38.0,7.0,31.24,,,,,,,,,,,,,,,,,,,,,,,,,,,,,,,,,,,REM SAGRES,REM UELICO,,,-,,REM8073,REM FUZIL - NELORE,REM8747,,,SEMI-EXTENSIVO
08526,REM GERENTE GENETICA ADITIVA,REM GERENTE,Nelore PO,REMA1577,24/08/2017,33.9,,29.51,4.0,21.06,1.0,29.06,2.0,1195.0,44.0,161.0,Genética Aditiva Agropecuária,"Carlos A. Resene, Gilberto Honório e CRV",REM DITADO x REM ARMADOR,REM DITADO,REM ENDUIA,po; ifert; carcaca-5-estrelas; peso; semiextensivo,https://loja.crvbrasil.com.br/semen/touros-de-corte-zebu/nelore/rem-gerente-nelore,,,,,,,,,,,,,,,,,,,,,,,,,,,,,,,,,,,,,,,,,,,,,,,,,,,,,,,,,,,,,,,,51.0,87.17,6.0,58.0,0.31,15.0,60.0,7.65,0.1,41.0,0.044,94.0,40.0,53.22,9.0,46.0,0.125,82.0,37.0,-1.03,10.0,52.0,0.13,5.0,60.0,16.25,6.0,63.0,29.43,5.0,64.0,29.25,6.0,62.0,0.69,29.0,47.0,84.6,10.0,43.0,43.0,2.51,21.0,43.0,3.65,25.0,0.0,0.0,50.0,9.02,10.0,62.0,0.72,68.0,,,,,,,,,,,,,,,,,,,,,,,,,,,,,,,,,,,,,,,,,,,,,,,,,,,,,,,,,,,,,,,,,,,,,,,,,,,,,,,,,,,,,,,,,,,,,,,,,,,,,,,,,,,,,,,,,,,,,,,,,,,,,,,,,,,,,,,,,,,,,,,,,,,,,,,,,,,,,,,,71.0,6.54,0.1,,0.11,99.0,69.0,5.75,2.0,71.0,7.36,3.0,24.0,70.91,6.0,68.0,1.3,5.0,72.0,10.04,3.0,35.0,-7.85,9.0,,70.0,2.25,0.5,46.0,1.81,20.0,71.0,13.21,2.0,75.0,0.09,62.0,70.0,0.43,78.0,72.0,23.24,2.0,59.0,-0.11,50.0,,5.53,5.0,,9.03,4.0,,,,,,,,,,,,,,,,,,,,,,,,,,,,,,,,,,,,,,,,,,,,,,,,,,,,,,,,,,,,,,,,,,,,,,,,,,,,,,,,,,,,,,,,,,,,,,,,,,,,,,,,,,,,,,,,,,,,,,,,,,,,,,,,,,,,,,,,,,,,,,,,,,,,,,,,,,,,,,,,,,,,,,,,,,,,,,,,,,49.0,1.0,1.77,59.0,1.0,6.29,42.0,1.0,2.88,42.0,5.0,-3.78,47.0,1.0,1.92,42.0,1.0,3.19,61.0,1.0,19.68,64.0,1.0,12.46,55.0,4.0,0.31,50.0,4.0,0.95,65.0,8.0,0.37,27.0,2.0,37.97,65.0,1.0,22.86,42.0,3.0,2.19,21.0,1.0,53.31,,,,,,,,,,,,,,,,,,,,,,,,,,,,,,,,,,,REM ARMADOR,REM VOLDAS,177.0,60.0,4anos8meses,63.0,REMCA100,REM GERENTE - NELORE,REM9852,239.0,76.0,SEMI-EXTENSIVO
08899,REM HADOQUE GENETICA ADITIVA,REM HADOQUE,Nelore PO,REMCA2215,01/10/2018,33.9,,24.01,11.0,19.09,1.0,22.35,7.0,1091.0,48.0,155.0,Genética Aditiva Agropecuária,Igor Nogueira Marques,REM EXTREMADO x PROVADOR DO IZ,REM EXTREMADO,REM UARAR,po; ifert; carcaca-3-estrelas; peso; reprodutivo; semiintensivo,https://loja.crvbrasil.com.br/semen/touros-de-corte-zebu/nelore/rem-hadoque-nelore,,,,,,,,,,,,,,,,,,,,,,,,,,,,,,,,,,,,,,,,,,,,,,,,,,,,,,,,,,,,,,,,55.0,81.28,24.0,59.0,0.69,5.0,62.0,1.15,36.0,38.0,0.039,91.0,41.0,39.56,95.0,49.0,-0.436,2.0,39.0,-1.16,5.0,54.0,-0.12,99.0,62.0,17.99,3.0,63.0,28.16,7.0,67.0,26.96,8.0,63.0,1.89,4.0,49.0,80.34,16.0,45.0,45.0,2.08,29.0,45.0,3.3,30.0,14.0,1.0,46.0,10.63,5.0,63.0,1.93,99.0,,,,,,,,,,,,,,,,,,,,,,,,,,,,,,,,,,,,,,,,,,,,,,,,,,,,,,,,,,,,,,,,,,,,,,,,,,,,,,,,,,,,,,,,,,,,,,,,,,,,,,,,,,,,,,,,,,,,,,,,,,,,,,,,,,,,,,,,,,,,,,,,,,,,,,,,,,,,,,,,58.0,-0.32,72.0,,0.22,99.0,52.0,5.53,3.0,59.0,7.36,3.0,25.0,71.1,6.0,49.0,0.69,22.0,62.0,9.49,4.0,34.0,-8.78,7.0,,56.0,-0.32,67.0,49.0,1.25,31.0,60.0,11.7,3.0,65.0,1.78,2.0,58.0,0.95,99.0,62.0,21.18,3.0,56.0,0.0,45.0,,5.13,6.0,,7.4,9.0,,,,,,,,,,,,,,,,,,,,,,,,,,,,,,,,,,,,,,,,,,,,,,,,,,,,,,,,,,,,,,,,,,,,,,,,,,,,,,,,,,,,,,,,,,,,,,,,,,,,,,,,,,,,,,,,,,,,,,,,,,,,,,,,,,,,,,,,,,,,,,,,,,,,,,,,,,,,,,,,,,,,,,,,,,,,,,,,,,50.0,1.0,2.55,60.0,7.0,-0.08,44.0,1.0,2.38,43.0,1.0,-19.73,50.0,7.0,-0.38,44.0,3.0,2.0,65.0,1.0,18.1,69.0,1.0,10.89,60.0,1.0,1.34,51.0,4.0,1.21,68.0,10.0,0.82,28.0,1.0,41.76,67.0,1.0,21.05,44.0,4.0,1.45,23.0,1.0,49.2,,,,,,,,,,,,,,,,,,,,,,,,,,,,,,,,,,,PROVADOR DO IZ,REM ATOLO,167.0,58.0,3anos8meses,64.0,REMC4197,REM HADOQUE - NELORE,REMA563,228.0,74.0,SEMI-INTENSIVO
08700,REM HAVARD GENETICA ADITIVA,REM HAVARD,Nelore PO,REM10436,21/11/2018,33.9,,27.33,7.0,22.37,1.0,33.18,1.0,1070.0,43.0,160.0,Genética Aditiva Agropecuária,Cleber Tairone Bitencourt da Silva,REM VOKOLO x REM ARMADOR,REM VOKOLO,REM EPPA,po; carcaca-5-estrelas; maternal; peso; reprodutivo; semiextensivo,https://loja.crvbrasil.com.br/semen/touros-de-corte-zebu/nelore/rem-havard-nelore,,,,,,,,,,,,,,,,,,,,,,,,,,,,,,,,,,,,,,,,,,,,,,,,,,,,,,,,,,,,,,,,83.0,84.04,14.0,70.0,0.57,7.0,72.0,4.88,3.0,48.0,-0.053,34.0,79.0,41.27,85.0,58.0,0.029,50.0,49.0,-1.1,7.0,66.0,0.15,4.0,71.0,12.23,15.0,75.0,26.78,8.0,76.0,25.26,10.0,71.0,1.5,9.0,83.0,84.57,10.0,51.0,51.0,4.71,4.0,52.0,6.68,4.0,24.0,2.0,32.0,9.9,7.0,77.0,0.91,78.0,,,,,,,,,,,,,,,,,,,,,,,,,,,,,,,,,,,,,,,,,,,,,,,,,,,,,,,,,,,,,,,,,,,,,,,,,,,,,,,,,,,,,,,,,,,,,,,,,,,,,,,,,,,,,,,,,,,,,,,,,,,,,,,,,,,,,,,,,,,,,,,,,,,,,,,,,,,,,,,,53.0,5.21,0.1,,0.03,72.0,24.0,2.84,23.0,52.0,5.11,13.0,26.0,74.8,4.0,14.0,1.51,3.0,57.0,11.62,2.0,41.0,-6.51,14.0,,47.0,1.45,5.0,17.0,2.94,7.0,47.0,8.49,11.0,66.0,1.84,2.0,30.0,0.27,61.0,57.0,20.11,3.0,64.0,2.37,0.5,,5.24,6.0,,8.58,5.0,,,,,,,,,,,,,,,,,,,,,,,,,,,,,,,,,,,,,,,,,,,,,,,,,,,,,,,,,,,,,,,,,,,,,,,,,,,,,,,,,,,,,,,,,,,,,,,,,,,,,,,,,,,,,,,,,,,,,,,,,,,,,,,,,,,,,,,,,,,,,,,,,,,,,,,,,,,,,,,,,,,,,,,,,,,,,,,,,,59.0,1.0,3.16,68.0,1.0,5.57,56.0,1.0,2.08,50.0,1.0,-26.58,60.0,1.0,2.23,56.0,1.0,4.42,67.0,1.0,16.68,70.0,1.0,7.79,64.0,1.0,1.1,57.0,1.0,3.99,70.0,5.0,0.09,38.0,1.0,64.44,70.0,1.0,22.9,56.0,2.0,2.88,29.0,2.0,46.78,,,,,,,,,,,,,,,,,,,,,,,,,,,,,,,,,,,REM ARMADOR,REM RICKET,178.0,67.0,4anos4meses,65.0,REMA151,REM HAVARD - NELORE,REM6447,233.0,86.0,SEMI-EXTENSIVO
10897,REM2101M FIV GENETICA ADITIVA,REM MARVEL,Nelore PO,REMP2101,26/11/2022,31.2,,39.9,0.1,33.37,1.0,44.1,0.1,710.0,40.0,152.0,Genética Aditiva Agropecuária,Genética Aditiva Agropecuária,ARMEIRO DA IPB x REM GALO,ARMEIRO DA IPB,REM JAQUE,po; carcaca-5-estrelas; car; maternal; peso; reprodutivo; semiextensivo,https://loja.crvbrasil.com.br/semen/touros-de-corte-zebu/nelore/rem-marvel-nelore,,,,,,,,,,,,,,,,,,,,,,,,,,,,,,,,,,,,,,,,,,,,,,,,,,,,,,,,,,,,,,,,54.0,90.22,2.0,63.0,0.75,4.0,63.0,7.76,0.1,43.0,-0.104,6.0,41.0,38.72,97.0,53.0,0.064,63.0,41.0,-1.21,3.0,60.0,0.16,3.0,62.0,23.21,0.5,66.0,35.12,2.0,67.0,37.61,1.0,62.0,1.89,4.0,48.0,99.15,0.1,45.0,45.0,5.28,2.0,46.0,8.17,2.0,40.0,2.0,54.0,12.3,2.0,63.0,1.8,99.0,,,,,,,,,,,,,,,,,,,,,,,,,,,,,,,,,,,,,,,,,,,,,,,,,,,,,,,,,,,,,,,,,,,,,,,,,,,,,,,,,,,,,,,,,,,,,,,,,,,,,,,,,,,,,,,,,,,,,,,,,,,,,,,,,,,,,,,,,,,,,,,,,,,,,,,,,,,,,,,,59.0,5.44,0.1,,0.01,52.0,51.0,6.25,1.0,57.0,7.69,3.0,24.0,91.82,0.1,47.0,2.44,0.1,59.0,12.14,1.0,36.0,-4.62,23.0,,58.0,1.07,11.0,39.0,4.67,1.0,57.0,15.47,0.5,69.0,1.95,1.0,55.0,1.12,99.0,59.0,27.61,0.5,58.0,3.51,0.1,,9.58,0.1,,14.52,0.1,,,,,,,,,,,,,,,,,,,,,,,,,,,,,,,,,,,,,,,,,,,,,,,,,,,,,,,,,,,,,,,,,,,,,,,,,,,,,,,,,,,,,,,,,,,,,,,,,,,,,,,,,,,,,,,,,,,,,,,,,,,,,,,,,,,,,,,,,,,,,,,,,,,,,,,,,,,,,,,,,,,,,,,,,,,,,,,,,,51.0,1.0,5.49,60.0,1.0,6.39,49.0,1.0,4.38,44.0,3.0,-11.13,53.0,1.0,2.45,49.0,1.0,4.31,63.0,1.0,27.5,67.0,1.0,16.42,60.0,1.0,1.83,52.0,1.0,4.75,69.0,10.0,1.17,30.0,1.0,46.18,64.0,1.0,31.66,49.0,1.0,5.64,19.0,1.0,59.96,,,,,,,,,,,,,,,,,,,,,,,,,,,,,,,,,,,REM GALO,REM ARMADOR,150.0,53.0,2 anos e 1 mês,56.0,REMCA3723,REM MARVEL - NELORE,IPB6732,224.0,77.0,SEMI-EXTENSIVO
08905,RENOMADO  COL,RENOMADO COL,Nelore PO,COL25846,11/01/2018,31.2,,25.24,9.0,16.91,1.0,20.77,9.0,1058.0,43.0,156.0,Colonial Agropecuária,Agropecuária e Mineração Lagoa Alta,REM ARMADOR x HERCULES COL,REM ARMADOR,LADIZ COL,po; ifert; carcaca-3-estrelas; car; maternal; reprodutivo; semiintensivo,https://loja.crvbrasil.com.br/semen/touros-de-corte-zebu/nelore/renomado-fiv-col-nelore,,,,,,,,,,,,,,,,,,,,,,,,,,,,,,,,,,,,,,,,,,,,,,,,,,,,,,,,,,,,,,,,61.0,83.77,15.0,64.0,0.06,44.0,65.0,4.55,4.0,40.0,-0.072,22.0,48.0,47.02,48.0,53.0,0.283,98.0,46.0,-0.98,13.0,58.0,0.06,20.0,66.0,12.4,14.0,67.0,18.4,21.0,71.0,20.72,18.0,67.0,1.33,12.0,55.0,84.17,10.0,50.0,50.0,4.1,6.0,51.0,5.21,10.0,0.0,0.0,32.0,8.14,15.0,65.0,0.91,78.0,,,,,,,,,,,,,,,,,,,,,,,,,,,,,,,,,,,,,,,,,,,,,,,,,,,,,,,,,,,,,,,,,,,,,,,,,,,,,,,,,,,,,,,,,,,,,,,,,,,,,,,,,,,,,,,,,,,,,,,,,,,,,,,,,,,,,,,,,,,,,,,,,,,,,,,,,,,,,,,,61.0,2.39,10.0,,-0.03,12.0,54.0,2.79,24.0,32.0,3.76,25.0,26.0,73.71,4.0,51.0,-0.57,83.0,42.0,6.42,16.0,40.0,-13.8,1.0,,59.0,-0.41,71.0,50.0,2.44,11.0,29.0,3.29,47.0,56.0,1.27,9.0,26.0,0.74,96.0,42.0,9.71,28.0,62.0,2.41,0.5,,3.79,16.0,,5.47,19.0,,,,,,,,,,,,,,,,,,,,,,,,,,,,,,,,,,,,,,,,,,,,,,,,,,,,,,,,,,,,,,,,,,,,,,,,,,,,,,,,,,,,,,,,,,,,,,,,,,,,,,,,,,,,,,,,,,,,,,,,,,,,,,,,,,,,,,,,,,,,,,,,,,,,,,,,,,,,,,,,,,,,,,,,,,,,,,,,,,54.0,9.0,-1.22,61.0,1.0,2.5,53.0,8.0,-0.47,49.0,1.0,-21.86,55.0,8.0,-0.66,53.0,2.0,2.52,65.0,4.0,4.84,66.0,4.0,3.34,62.0,1.0,0.81,54.0,2.0,2.46,67.0,10.0,0.81,36.0,1.0,42.32,65.0,4.0,7.2,53.0,1.0,4.16,28.0,1.0,60.49,,,,,,,,,,,,,,,,,,,,,,,,,,,,,,,,,,,HERCULES COL,REM TORIXOREU,175.0,62.0,4anos4meses,63.0,COL20663,RENOMADO COL - NELORE,REMC5326,245.0,87.0,SEMI-INTENSIVO
08900,RIFLE DA DI GÊNIO,RIFLE DA DI GÊNIO,Nelore PO,JCDG13999,20/08/2019,31.2,,,,16.14,1.0,21.1,9.0,,,,Nelore Di Gênio,Nelore Di Gênio e João A. Gonçalves Tomé,LANDAU DI GÊNIO x BACKUP,LANDAU DI GÊNIO,OJUI DA DI GÊNIO,po; ifert; carcaca-4-estrelas; pnat; maternal; peso; semiintensivo,https://loja.crvbrasil.com.br/semen/touros-de-corte-zebu/nelore/rifle-da-di-genio-nelore,,,,,,,,,,,,,,,,,,,,,,,,,,,,,,,,,,,,,,,,,,,,,,,,,,,,,,,,,,,,,,,,,,,,,,,,,,,,,,,,,,,,,,,,,,,,,,,,,,,,,,,,,,,,,,,,,,,,,,,,,,,,,,,,,,,,,,,,,,,,,,,,,,,,,,,,,,,,,,,,,,,,,,,,,,,,,,,,,,,,,,,,,,,,,,,,,,,,,,,,,,,,,,,,,,,,,,,,,,,,,,,,,,,,,,,,,,,,,,,,,,,,,,,,,,,,,,,,,,,,,,,,,,,,,,,,,,,,,70.0,2.98,5.0,,0.0,35.0,66.0,3.15,19.0,69.0,3.48,28.0,27.0,63.64,14.0,65.0,-0.1,62.0,72.0,6.93,13.0,63.0,-7.71,9.0,,69.0,0.84,17.0,65.0,3.47,4.0,71.0,8.24,13.0,73.0,1.37,7.0,70.0,0.58,89.0,72.0,15.17,11.0,59.0,1.92,1.0,,6.51,2.0,,8.51,5.0,,,,,,,,,,,,,,,,,,,,,,,,,,,,,,,,,,,,,,,,,,,,,,,,,,,,,,,,,,,,,,,,,,,,,,,,,,,,,,,,,,,,,,,,,,,,,,,,,,,,,,,,,,,,,,,,,,,,,,,,,,,,,,,,,,,,,,,,,,,,,,,,,,,,,,,,,,,,,,,,,,,,,,,,,,,,,,,,,,51.0,8.0,-0.62,62.0,1.0,3.06,60.0,1.0,2.97,47.0,1.0,-21.43,53.0,1.0,1.57,60.0,2.0,2.88,71.0,1.0,12.1,74.0,1.0,8.02,62.0,1.0,0.83,54.0,1.0,4.16,75.0,8.0,0.38,31.0,6.0,30.68,70.0,1.0,14.32,60.0,4.0,1.2,28.0,2.0,44.22,,,,,,,,,,,,,,,,,,,,,,,,,,,,,,,,,,,BACKUP,BRADO S.M.,,,-,,JCDG9121,RIFLE DA DI GENIO - NELORE,JCDG4599,,,SEMI-INTENSIVO
09443,2163 FIV PHOC,RIFLE PHOC,Nelore PO,PHOC2163,21/09/2021,33.9,,30.84,3.0,19.09,1.0,21.09,9.0,777.0,40.0,150.0,Agropecuária Cutolo,Caetano Rodolpho Cutolo,CALIBRE CAMPARINO x REM ARMADOR,CALIBRE CAMPARINO,OVYDA STM,po; ifert; carcaca-5-estrelas; car; maternal; peso; semiextensivo,https://loja.crvbrasil.com.br/semen/touros-de-corte-zebu/nelore/rifle-phoc-ne,,,,,,,,,,,,,,,,,,,,,,,,,,,,,,,,,,,,,,,,,,,,,,,,,,,,,,,,,,,,,,,,37.0,85.15,11.0,65.0,0.81,3.0,65.0,4.44,5.0,41.0,-0.06,29.0,66.0,39.24,96.0,53.0,0.09,71.0,46.0,-0.9,19.0,61.0,0.17,3.0,65.0,16.01,6.0,67.0,24.88,11.0,71.0,29.95,5.0,65.0,1.76,5.0,31.0,98.04,2.0,31.0,50.0,3.59,10.0,50.0,5.63,8.0,9.0,3.0,30.0,8.63,12.0,67.0,1.55,96.0,,,,,,,,,,,,,,,,,,,,,,,,,,,,,,,,,,,,,,,,,,,,,,,,,,,,,,,,,,,,,,,,,,,,,,,,,,,,,,,,,,,,,,,,,,,,,,,,,,,,,,,,,,,,,,,,,,,,,,,,,,,,,,,,,,,,,,,,,,,,,,,,,,,,,,,,,,,,,,,,56.0,3.51,2.0,,0.01,50.0,25.0,5.58,3.0,56.0,6.39,6.0,26.0,67.63,9.0,14.0,1.77,2.0,61.0,1.52,55.0,9.0,9.86,98.0,,53.0,1.61,3.0,11.0,2.19,15.0,51.0,11.71,3.0,66.0,1.05,15.0,48.0,1.26,99.0,61.0,13.23,16.0,64.0,1.31,6.0,,6.52,2.0,,8.75,5.0,,,,,,,,,,,,,,,,,,,,,,,,,,,,,,,,,,,,,,,,,,,,,,,,,,,,,,,,,,,,,,,,,,,,,,,,,,,,,,,,,,,,,,,,,,,,,,,,,,,,,,,,,,,,,,,,,,,,,,,,,,,,,,,,,,,,,,,,,,,,,,,,,,,,,,,,,,,,,,,,,,,,,,,,,,,,,,,,,,64.0,1.0,3.49,72.0,1.0,3.45,58.0,8.0,-0.45,48.0,6.0,-0.99,65.0,1.0,1.98,58.0,1.0,3.64,70.0,1.0,13.05,73.0,1.0,10.53,66.0,2.0,0.69,55.0,1.0,3.16,75.0,10.0,1.06,34.0,5.0,31.3,72.0,1.0,16.47,58.0,2.0,2.78,26.0,1.0,51.24,,,,,,,,,,,,,,,,,,,,,,,,,,,,,,,,,,,REM ARMADOR,CAMPEÃO MN,157.0,57.0,2anose4meses,60.0,PHOC1337,RIFLE PHOC - NE,JHVM13823,217.0,73.0,SEMI-EXTENSIVO
10992,C2837 DA S. NICE,ROBUSTO SANTA NICE,Nelore PO,GRIC2837,07/10/2021,31.2,,29.6,4.0,24.42,1.0,32.23,1.0,873.0,36.0,155.0,Fazenda Santa Nice,Marcelo Procópio Grisi e Outros,JATA MAGNUM x B5012 DA S. NICE,JATA MAGNUM,B7371 DA S. NICE,po; carcaca-5-estrelas; maternal; peso; reprodutivo; semiintensivo,https://loja.crvbrasil.com.br/semen/touros-de-corte-zebu/nelore/robusto-santa-nice-nelore,,,,,,,,,,,,,,,,,,,,,,,,,,,,,,,,,,,,,,,,,,,,,,,,,,,,,,,,,,,,,,,,52.0,79.19,34.0,60.0,1.21,1.0,60.0,4.54,4.0,30.0,-0.09,12.0,39.0,38.75,97.0,43.0,-0.064,21.0,40.0,-0.81,27.0,58.0,0.15,4.0,62.0,13.02,12.0,66.0,31.79,3.0,66.0,28.3,7.0,61.0,1.14,16.0,46.0,80.81,15.0,43.0,43.0,7.12,0.1,44.0,10.24,0.1,5.0,2.0,54.0,12.46,2.0,62.0,1.05,83.0,,,,,,,,,,,,,,,,,,,,,,,,,,,,,,,,,,,,,,,,,,,,,,,,,,,,,,,,,,,,,,,,,,,,,,,,,,,,,,,,,,,,,,,,,,,,,,,,,,,,,,,,,,,,,,,,,,,,,,,,,,,,,,,,,,,,,,,,,,,,,,,,,,,,,,,,,,,,,,,,59.0,3.0,5.0,,0.03,74.0,48.0,6.55,1.0,58.0,9.33,1.0,24.0,78.85,2.0,45.0,2.86,0.1,60.0,7.99,9.0,35.0,-4.36,25.0,,58.0,1.11,10.0,44.0,3.1,6.0,53.0,7.35,17.0,65.0,0.76,26.0,56.0,0.64,92.0,60.0,15.34,10.0,58.0,2.65,0.1,,4.97,7.0,,9.1,4.0,,,,,,,,,,,,,,,,,,,,,,,,,,,,,,,,,,,,,,,,,,,,,,,,,,,,,,,,,,,,,,,,,,,,,,,,,,,,,,,,,,,,,,,,,,,,,,,,,,,,,,,,,,,,,,,,,,,,,,,,,,,,,,,,,,,,,,,,,,,,,,,,,,,,,,,,,,,,,,,,,,,,,,,,,,,,,,,,,,51.0,1.0,5.48,59.0,1.0,3.58,46.0,1.0,2.02,43.0,1.0,-18.28,52.0,1.0,1.49,46.0,1.0,4.6,59.0,1.0,15.01,59.0,2.0,6.43,58.0,2.0,0.59,50.0,1.0,4.32,60.0,9.0,0.52,29.0,1.0,55.14,60.0,1.0,17.43,46.0,1.0,5.29,23.0,1.0,59.64,,,,,,,,,,,,,,,,,,,,,,,,,,,,,,,,,,,B5012 DA S. NICE,GANGES COL,166.0,56.0,3 anos e 1 mês,56.0,GRIB7371,ROBUSTO SANTA NICE - NELORE,JATA1037,235.0,85.0,SEMI-INTENSIVO
08868,ROCHEDO DA ELGE,ROCHEDO DA ELGE,Nelore PO,ELGE5508,15/10/2018,33.9,,16.72,26.0,14.87,1.0,23.42,6.0,988.0,47.0,155.0,Nelore Elge,Yuri Amaral Cruz,ATOL DA ELGE x BATUTA DA MN,ATOL DA ELGE,4185 DA ELGE,po; ifert; carcaca-4-estrelas; car; atj-plus; maternal; novilhas; peso; semiextensivo,https://loja.crvbrasil.com.br/semen/touros-de-corte-zebu/nelore/rochedo-da-elge-nelore,,,,,,,,,,,,,,,,,,,,,,,,,,,,,,,,,,,,,,,,,,,,,,,,,,,,,,,,,,,,,,,,15.0,72.07,64.0,43.0,0.77,4.0,45.0,0.84,47.0,10.0,-0.06,29.0,15.0,49.63,27.0,14.0,-0.534,1.0,14.0,-0.56,55.0,46.0,0.15,4.0,21.0,10.21,21.0,22.0,16.51,25.0,20.0,15.74,29.0,48.0,0.49,37.0,16.0,76.74,22.0,14.0,14.0,2.38,23.0,15.0,3.63,25.0,0.0,0.0,6.0,6.35,26.0,23.0,0.09,37.0,,,,,,,,,,,,,,,,,,,,,,,,,,,,,,,,,,,,,,,,,,,,,,,,,,,,,,,,,,,,,,,,,,,,,,,,,,,,,,,,,,,,,,,,,,,,,,,,,,,,,,,,,,,,,,,,,,,,,,,,,,,,,,,,,,,,,,,,,,,,,,,,,,,,,,,,,,,,,,,,74.0,0.89,40.0,,0.03,77.0,71.0,6.33,1.0,73.0,6.88,5.0,26.0,63.39,15.0,71.0,2.12,0.5,74.0,6.32,16.0,69.0,0.65,61.0,,73.0,0.41,33.0,70.0,3.69,3.0,74.0,7.49,16.0,75.0,0.77,25.0,73.0,-0.38,5.0,74.0,13.81,14.0,55.0,0.9,13.0,,5.4,5.0,,8.37,6.0,,,,,,,,,,,,,,,,,,,,,,,,,,,,,,,,,,,,,,,,,,,,,,,,,,,,,,,,,,,,,,,,,,,,,,,,,,,,,,,,,,,,,,,,,,,,,,,,,,,,,,,,,,,,,,,,,,,,,,,,,,,,,,,,,,,,,,,,,,,,,,,,,,,,,,,,,,,,,,,,,,,,,,,,,,,,,,,,,,58.0,1.0,4.2,67.0,4.0,0.81,48.0,7.0,0.13,43.0,4.0,-7.47,59.0,2.0,0.88,48.0,1.0,4.34,70.0,2.0,10.61,75.0,2.0,6.89,57.0,3.0,0.45,48.0,2.0,2.04,73.0,1.0,-0.43,23.0,2.0,37.02,73.0,2.0,13.48,48.0,1.0,5.79,21.0,2.0,47.78,,,,,,,,,,,,,,,,,,,,,,,,,,,,,,,,,,,BATUTA DA MN,HUNO DA MN,162.0,64.0,3anos8meses,62.0,ELGE4185,ROCHEDO DA ELGE - NELORE,ELGE3910,249.0,87.0,SEMI-EXTENSIVO
09880,KPAM1484 KA,ROCHEDO KA,Nelore PO,KPAM1484,06/08/2021,33.9,,24.25,11.0,24.63,1.0,31.18,2.0,780.0,42.0,161.0,Katayama Pecuária,Katayama Pecuária,OLIMPHO KA x HORISTA KA,OLIMPHO KA,KAPM7995 KA,po; ifert; carcaca-5-estrelas; car; maternal; novilhas; peso; reprodutivo; semiintensivo,https://loja.crvbrasil.com.br/semen/touros-de-corte-zebu/nelore/rochedo-ka-ne,,,,,,,,,,,,,,,,,,,,,,,,,,,,,,,,,,,,,,,,,,,,,,,,,,,,,,,,,,,,,,,,73.0,79.72,31.0,56.0,0.2,21.0,57.0,3.09,13.0,48.0,-0.13,2.0,65.0,51.92,13.0,38.0,0.205,94.0,35.0,-1.35,1.0,48.0,0.09,11.0,69.0,15.13,8.0,69.0,32.07,3.0,66.0,21.42,16.0,58.0,1.31,12.0,68.0,79.66,17.0,38.0,38.0,4.28,5.0,37.0,5.93,7.0,136.0,4.0,41.0,10.99,4.0,75.0,0.75,70.0,,,,,,,,,,,,,,,,,,,,,,,,,,,,,,,,,,,,,,,,,,,,,,,,,,,,,,,,,,,,,,,,,,,,,,,,,,,,,,,,,,,,,,,,,,,,,,,,,,,,,,,,,,,,,,,,,,,,,,,,,,,,,,,,,,,,,,,,,,,,,,,,,,,,,,,,,,,,,,,,63.0,3.18,4.0,,-0.05,3.0,59.0,5.01,4.0,63.0,7.32,4.0,20.0,79.72,2.0,57.0,1.05,10.0,66.0,8.3,8.0,52.0,-11.43,2.0,,61.0,1.4,5.0,56.0,1.79,20.0,65.0,12.88,2.0,67.0,1.63,3.0,64.0,-0.18,15.0,66.0,21.18,3.0,56.0,0.75,16.0,,5.12,6.0,,8.78,5.0,,,,,,,,,,,,,,,,,,,,,,,,,,,,,,,,,,,,,,,,,,,,,,,,,,,,,,,,,,,,,,,,,,,,,,,,,,,,,,,,,,,,,,,,,,,,,,,,,,,,,,,,,,,,,,,,,,,,,,,,,,,,,,,,,,,,,,,,,,,,,,,,,,,,,,,,,,,,,,,,,,,,,,,,,,,,,,,,,,60.0,1.0,1.78,69.0,1.0,3.66,50.0,2.0,1.61,41.0,1.0,-30.08,48.0,1.0,1.5,50.0,1.0,4.02,74.0,1.0,20.04,76.0,1.0,12.46,68.0,1.0,1.0,49.0,2.0,2.18,78.0,2.0,-0.3,26.0,1.0,48.9,75.0,1.0,24.28,50.0,1.0,4.51,19.0,1.0,54.51,,,,,,,,,,,,,,,,,,,,,,,,,,,,,,,,,,,HORISTA KA,LEGADO KA,171.0,62.0,2anose6meses,61.0,KAPM 7995,ROCHEDO KA - NE,KAPO 2715,214.0,74.0,SEMI-INTENSIVO
09878,KPAM1356 KA,ROTOR KA,Nelore PO,KPAM1356,02/08/2021,24.8,,29.21,5.0,21.14,1.0,26.6,4.0,715.0,37.0,166.0,Katayama Pecuária,Katayama Pecuária,NEOGEN KA x GANGES COL,NEOGEN KA,KAPM7299 KA,po; carcaca-3-estrelas; car; maternal; peso; reprodutivo; semiintensivo,https://loja.crvbrasil.com.br/semen/touros-de-corte-zebu/nelore/rotor-ka-ne,,,,,,,,,,,,,,,,,,,,,,,,,,,,,,,,,,,,,,,,,,,,,,,,,,,,,,,,,,,,,,,,72.0,82.94,17.0,55.0,0.25,18.0,56.0,4.21,6.0,56.0,-0.12,4.0,64.0,37.58,98.0,38.0,0.169,90.0,35.0,-1.04,9.0,42.0,-0.08,92.0,61.0,20.12,2.0,62.0,34.85,2.0,65.0,31.26,4.0,54.0,1.41,10.0,68.0,85.92,8.0,39.0,39.0,3.13,13.0,39.0,3.97,21.0,84.0,4.0,53.0,9.54,8.0,64.0,2.05,100.0,,,,,,,,,,,,,,,,,,,,,,,,,,,,,,,,,,,,,,,,,,,,,,,,,,,,,,,,,,,,,,,,,,,,,,,,,,,,,,,,,,,,,,,,,,,,,,,,,,,,,,,,,,,,,,,,,,,,,,,,,,,,,,,,,,,,,,,,,,,,,,,,,,,,,,,,,,,,,,,,54.0,2.82,6.0,,0.06,97.0,58.0,6.13,2.0,62.0,6.24,7.0,20.0,75.82,3.0,42.0,0.3,40.0,64.0,13.96,0.5,31.0,1.8,69.0,,51.0,0.45,31.0,55.0,1.71,22.0,64.0,12.99,2.0,67.0,1.63,3.0,62.0,1.35,99.0,64.0,26.95,0.5,54.0,-0.4,63.0,,5.53,5.0,,7.98,7.0,,,,,,,,,,,,,,,,,,,,,,,,,,,,,,,,,,,,,,,,,,,,,,,,,,,,,,,,,,,,,,,,,,,,,,,,,,,,,,,,,,,,,,,,,,,,,,,,,,,,,,,,,,,,,,,,,,,,,,,,,,,,,,,,,,,,,,,,,,,,,,,,,,,,,,,,,,,,,,,,,,,,,,,,,,,,,,,,,,52.0,3.0,0.92,61.0,1.0,4.2,44.0,1.0,4.23,39.0,4.0,-7.52,44.0,7.0,-0.27,44.0,1.0,4.49,65.0,1.0,22.76,70.0,1.0,13.36,59.0,1.0,1.28,47.0,1.0,2.67,72.0,10.0,1.39,26.0,1.0,41.33,66.0,1.0,27.48,44.0,1.0,5.81,19.0,2.0,46.2,,,,,,,,,,,,,,,,,,,,,,,,,,,,,,,,,,,GANGES COL,GAETAN KA,164.0,59.0,2anos4meses,62.0,KAPM 7299,ROTOR KA - NE,KAPO 1721,217.0,76.0,SEMI-INTENSIVO
08651,SCOTT COL,SCOTT COL,Nelore PO,COL26329,04/12/2018,18.7,,20.73,17.0,20.02,1.0,20.95,9.0,,,,Colonial Agropecuária,Colonial Agropecuária,OGUM COL x REM USP,OGUM COL,ORLA COL,po; carcaca-3-estrelas; car; maternal; peso; reprodutivo; semiintensivo,https://loja.crvbrasil.com.br/semen/touros-de-corte-zebu/nelore/scott-fiv-col-nelore,,,,,,,,,,,,,,,,,,,,,,,,,,,,,,,,,,,,,,,,,,,,,,,,,,,,,,,,,,,,,,,,52.0,89.62,3.0,60.0,0.24,19.0,61.0,1.8,26.0,53.0,-0.164,1.0,41.0,43.56,75.0,45.0,-0.2,8.0,37.0,-1.15,5.0,48.0,-0.01,54.0,57.0,7.74,32.0,60.0,12.41,36.0,63.0,13.87,34.0,59.0,1.29,13.0,49.0,90.9,4.0,44.0,44.0,3.03,14.0,44.0,4.35,17.0,0.0,0.0,45.0,8.79,11.0,60.0,1.01,82.0,,,,,,,,,,,,,,,,,,,,,,,,,,,,,,,,,,,,,,,,,,,,,,,,,,,,,,,,,,,,,,,,,,,,,,,,,,,,,,,,,,,,,,,,,,,,,,,,,,,,,,,,,,,,,,,,,,,,,,,,,,,,,,,,,,,,,,,,,,,,,,,,,,,,,,,,,,,,,,,,59.0,1.48,25.0,,-0.01,29.0,50.0,4.71,6.0,57.0,5.29,12.0,26.0,74.0,4.0,48.0,-0.01,57.0,60.0,2.17,49.0,39.0,-13.06,1.0,,56.0,-1.14,92.0,46.0,2.26,14.0,55.0,5.43,29.0,64.0,1.74,3.0,54.0,0.15,47.0,60.0,7.61,38.0,58.0,2.14,0.5,,4.11,13.0,,5.56,19.0,,,,,,,,,,,,,,,,,,,,,,,,,,,,,,,,,,,,,,,,,,,,,,,,,,,,,,,,,,,,,,,,,,,,,,,,,,,,,,,,,,,,,,,,,,,,,,,,,,,,,,,,,,,,,,,,,,,,,,,,,,,,,,,,,,,,,,,,,,,,,,,,,,,,,,,,,,,,,,,,,,,,,,,,,,,,,,,,,,50.0,8.0,-0.77,59.0,2.0,1.99,45.0,5.0,0.57,46.0,1.0,-36.34,50.0,10.0,-1.5,45.0,1.0,3.76,60.0,3.0,7.78,60.0,2.0,7.31,57.0,1.0,1.18,52.0,2.0,2.16,61.0,6.0,0.13,33.0,1.0,53.06,61.0,2.0,12.91,45.0,1.0,3.58,25.0,1.0,58.01,,,,,,,,,,,,,,,,,,,,,,,,,,,,,,,,,,,REM USP,INFLUXO COL,,,-,,COL 23626,SCOTT COL - NELORE,COL 23453,,,SEMI-INTENSIVO
10935,KPAO1792 KA,SERGIPE KA,Nelore PO,KPAO1792,30/07/2022,31.2,,29.57,4.0,32.23,1.0,47.54,0.1,700.0,42.0,148.0,Katayama Pecuária,Katayama Pecuária,REM HERMOSO  x GANGLIO KA,REM HERMOSO,KAPO2245 KA,po; carcaca-4-estrelas; maternal; peso; reprodutivo; semiextensivo,https://loja.crvbrasil.com.br/semen/touros-de-corte-zebu/nelore/sergipe-ka-nelore,,,,,,,,,,,,,,,,,,,,,,,,,,,,,,,,,,,,,,,,,,,,,,,,,,,,,,,,,,,,,,,,50.0,83.12,17.0,58.0,1.21,1.0,57.0,3.3,11.0,37.0,0.04,92.0,39.0,46.42,53.0,46.0,-0.557,1.0,41.0,-1.02,10.0,52.0,0.05,24.0,61.0,19.99,2.0,63.0,39.72,0.5,66.0,38.94,0.5,58.0,2.39,1.0,42.0,75.33,25.0,42.0,44.0,2.68,19.0,43.0,4.04,20.0,33.0,3.0,45.0,9.52,8.0,61.0,1.15,87.0,,,,,,,,,,,,,,,,,,,,,,,,,,,,,,,,,,,,,,,,,,,,,,,,,,,,,,,,,,,,,,,,,,,,,,,,,,,,,,,,,,,,,,,,,,,,,,,,,,,,,,,,,,,,,,,,,,,,,,,,,,,,,,,,,,,,,,,,,,,,,,,,,,,,,,,,,,,,,,,,55.0,3.19,4.0,,0.1,99.0,47.0,7.74,0.5,55.0,11.31,0.1,24.0,88.15,0.5,43.0,3.08,0.1,57.0,20.04,0.1,35.0,-11.0,3.0,,53.0,-0.11,57.0,43.0,3.28,5.0,37.0,17.57,0.1,52.0,2.68,0.1,36.0,0.65,92.0,57.0,37.61,0.1,54.0,1.39,5.0,,7.57,1.0,,13.71,0.5,,,,,,,,,,,,,,,,,,,,,,,,,,,,,,,,,,,,,,,,,,,,,,,,,,,,,,,,,,,,,,,,,,,,,,,,,,,,,,,,,,,,,,,,,,,,,,,,,,,,,,,,,,,,,,,,,,,,,,,,,,,,,,,,,,,,,,,,,,,,,,,,,,,,,,,,,,,,,,,,,,,,,,,,,,,,,,,,,,51.0,1.0,6.12,59.0,1.0,3.05,47.0,1.0,2.94,43.0,1.0,-28.1,50.0,4.0,0.41,47.0,1.0,7.01,60.0,1.0,27.2,63.0,1.0,14.85,57.0,1.0,1.75,50.0,1.0,4.19,68.0,9.0,0.56,31.0,1.0,59.32,61.0,1.0,34.24,47.0,1.0,7.06,21.0,1.0,57.08,,,,,,,,,,,,,,,,,,,,,,,,,,,,,,,,,,,GANGLIO KA,REM ESPIÃO007,156.0,54.0,2 anos e 3 meses,51.0,KAPO2245,SERGIPE KA - NELORE,REMP 816,214.0,83.0,SEMI-EXTENSIVO
08721,SERTÃO DO IZ,SERTÃO DO IZ,Nelore PO,IZSNA4977,26/09/2018,31.2,,12.41,38.0,9.8,3.0,9.4,36.0,958.0,40.0,161.0,Instituto de Zootecnia de Sertãozinho,Instituto de Zootecnia de Sertãozinho,OREON DO IZ x FERTIL DO IZ,OREON DO IZ,JARABOA DO IZ,po; ifert; peso; reprodutivo; semiextensivo,https://loja.crvbrasil.com.br/semen/touros-de-corte-zebu/nelore/sertao-do-iz-nelore,,,,,,,,,,,,,,,,,,,,,,,,,,,,,,,,,,,,,,,,,,,,,,,,,,,,,,,,,,,,,,,,84.0,83.96,14.0,56.0,0.44,11.0,61.0,0.15,77.0,31.0,-0.023,53.0,78.0,62.94,0.5,46.0,-0.314,4.0,33.0,-1.04,9.0,48.0,-0.03,65.0,62.0,7.87,31.0,67.0,13.51,32.0,67.0,15.4,30.0,55.0,0.56,34.0,83.0,63.35,56.0,50.0,57.0,0.02,87.0,53.0,0.02,94.0,95.0,5.0,31.0,6.96,22.0,71.0,-1.7,0.1,,,,,,,,,,,,,,,,,,,,,,,,,,,,,,,,,,,,,,,,,,,,,,,,,,,,,,,,,,,,,,,,,,,,,,,,,,,,,,,,,,,,,,,,,,,,,,,,,,,,,,,,,,,,,,,,,,,,,,,,,,,,,,,,,,,,,,,,,,,,,,,,,,,,,,,,,,,,,,,,77.0,-0.29,71.0,,0.01,50.0,76.0,1.62,44.0,77.0,2.57,39.0,23.0,56.96,28.0,76.0,0.04,54.0,79.0,4.44,29.0,75.0,-0.91,49.0,,76.0,0.52,28.0,76.0,0.34,52.0,79.0,4.0,41.0,80.0,0.64,32.0,77.0,0.29,63.0,79.0,8.43,34.0,58.0,0.49,25.0,,1.34,49.0,,2.46,46.0,59.0,3.69,14.0,43.0,2.25,5.0,24.0,0.04,84.0,38.0,0.32,3.0,11.0,3.22,27.0,39.0,11.93,8.0,47.0,45.39,1.0,46.0,1.44,3.0,56.0,3.76,91.0,47.0,6.8,0.0,,,,,,,,,,,,,,,,,,,,,,,,,,,,,,,,,,,,,,,,,,,,,,,,,,,,,,,,,,,,,,,,,,,,,,,,,,,,,,,,,,,,,,,,,,,,,,,,,,,,,,,,,,,,,,,,,,,,,,,,,,,,,,,,,,,,,,,,,,,,,,,,,,,,46.0,9.0,-1.47,61.0,7.0,-0.03,43.0,4.0,0.83,46.0,1.0,-26.05,39.0,4.0,0.41,43.0,3.0,2.02,77.0,3.0,7.0,81.0,4.0,3.33,65.0,7.0,-0.01,42.0,3.0,1.29,72.0,8.0,0.37,20.0,3.0,36.33,78.0,2.0,11.29,43.0,1.0,4.95,15.0,2.0,44.77,,,,,,,,,,,,,,,,,,,,,,,,,,,,,,,,,,,FERTIL DO IZ,LANCADOR DO IZ,178.0,66.0,4anos5meses,63.0,IZSNA2543,SERTÃO DO IZ - NELORE,IZSNA3745,230.0,86.0,SEMI-EXTENSIVO
10937,KPAM3028 KA,SONETO KA,Nelore PO,KPAM3028,28/07/2022,31.2,,29.73,4.0,30.01,1.0,35.68,0.5,724.0,38.0,157.0,Katayama Pecuária,"Katayama Pecuária, Rosana Helena, Jamil Buchalla e Rodrigo Castro",QUICKMAN COL x BACKUP,QUICKMAN COL,MAUSI KA,po; carcaca-5-estrelas; maternal; peso; reprodutivo; semiintensivo,https://loja.crvbrasil.com.br/semen/touros-de-corte-zebu/nelore/soneto-ka-nelore,,,,,,,,,,,,,,,,,,,,,,,,,,,,,,,,,,,,,,,,,,,,,,,,,,,,,,,,,,,,,,,,51.0,90.17,2.0,60.0,0.81,3.0,60.0,2.79,16.0,34.0,-0.05,39.0,38.0,42.27,82.0,48.0,-0.317,4.0,40.0,-1.5,0.5,43.0,0.01,44.0,61.0,16.33,5.0,62.0,27.43,7.0,66.0,23.55,13.0,59.0,1.7,6.0,43.0,91.93,4.0,43.0,45.0,5.25,2.0,43.0,7.58,2.0,61.0,3.0,52.0,14.53,0.1,63.0,1.52,96.0,,,,,,,,,,,,,,,,,,,,,,,,,,,,,,,,,,,,,,,,,,,,,,,,,,,,,,,,,,,,,,,,,,,,,,,,,,,,,,,,,,,,,,,,,,,,,,,,,,,,,,,,,,,,,,,,,,,,,,,,,,,,,,,,,,,,,,,,,,,,,,,,,,,,,,,,,,,,,,,,57.0,2.9,5.0,,0.11,99.0,48.0,6.17,2.0,50.0,6.08,8.0,23.0,83.71,1.0,46.0,1.6,2.0,54.0,9.93,4.0,35.0,-15.45,0.5,,54.0,1.44,5.0,32.0,3.97,2.0,52.0,12.42,2.0,59.0,1.92,2.0,52.0,0.63,91.0,54.0,22.35,2.0,56.0,2.12,0.5,,7.92,0.5,,12.44,0.5,,,,,,,,,,,,,,,,,,,,,,,,,,,,,,,,,,,,,,,,,,,,,,,,,,,,,,,,,,,,,,,,,,,,,,,,,,,,,,,,,,,,,,,,,,,,,,,,,,,,,,,,,,,,,,,,,,,,,,,,,,,,,,,,,,,,,,,,,,,,,,,,,,,,,,,,,,,,,,,,,,,,,,,,,,,,,,,,,,53.0,1.0,3.17,61.0,1.0,2.6,49.0,1.0,3.43,43.0,1.0,-30.11,51.0,2.0,0.88,49.0,1.0,4.53,64.0,1.0,18.07,69.0,1.0,11.0,59.0,1.0,1.52,52.0,1.0,3.77,72.0,10.0,0.89,31.0,1.0,51.36,65.0,1.0,20.14,49.0,1.0,4.3,22.0,1.0,68.68,,,,,,,,,,,,,,,,,,,,,,,,,,,,,,,,,,,BACKUP,REM ARMADOR,158.0,53.0,2 anos e 3 meses,55.0,KAPM6009,SONETO KA - NELORE,COL24926,218.0,80.0,SEMI-INTENSIVO
09176,SONITO G.SALES,SONITO G. SALES,Nelore PO,MFBN7479,11/10/2020,21.9,,21.71,15.0,10.05,3.0,10.3,33.0,767.0,35.0,147.0,Agropecuária G Sales,"Arnon V. David, Guilherme F. Padilha, Vanessa da S. Diomasio e Luiz Felipe P. Garcez",QUEIXO DO IZ x PROVADOR DO IZ,QUEIXO DO IZ,LALIKA G.SALES,po; carcaca-4-estrelas; car; maternal; peso; semiextensivo,https://loja.crvbrasil.com.br/semen/touros-de-corte-zebu/nelore/sonito-g-sales-nelore,,,,,,,,,,,,,,,,,,,,,,,,,,,,,,,,,,,,,,,,,,,,,,,,,,,,,,,,,,,,,,,,46.0,85.44,10.0,54.0,0.23,19.0,59.0,1.83,26.0,61.0,-0.053,34.0,31.0,44.1,72.0,45.0,-0.004,37.0,32.0,-1.14,5.0,46.0,0.13,5.0,56.0,15.44,7.0,61.0,22.57,14.0,64.0,21.28,17.0,60.0,0.13,66.0,36.0,79.98,16.0,35.0,35.0,2.53,21.0,35.0,4.24,18.0,0.0,0.0,39.0,11.57,3.0,60.0,1.45,94.0,,,,,,,,,,,,,,,,,,,,,,,,,,,,,,,,,,,,,,,,,,,,,,,,,,,,,,,,,,,,,,,,,,,,,,,,,,,,,,,,,,,,,,,,,,,,,,,,,,,,,,,,,,,,,,,,,,,,,,,,,,,,,,,,,,,,,,,,,,,,,,,,,,,,,,,,,,,,,,,,59.0,0.33,55.0,,0.0,42.0,49.0,4.95,5.0,56.0,4.73,16.0,25.0,49.57,47.0,47.0,1.06,10.0,60.0,3.58,36.0,37.0,5.18,88.0,,56.0,2.66,0.1,47.0,2.1,16.0,54.0,8.35,12.0,65.0,-0.51,88.0,53.0,0.95,99.0,60.0,11.93,20.0,55.0,2.0,1.0,,5.18,6.0,,6.96,11.0,,,,,,,,,,,,,,,,,,,,,,,,,,,,,,,,,,,,,,,,,,,,,,,,,,,,,,,,,,,,,,,,,,,,,,,,,,,,,,,,,,,,,,,,,,,,,,,,,,,,,,,,,,,,,,,,,,,,,,,,,,,,,,,,,,,,,,,,,,,,,,,,,,,,,,,,,,,,,,,,,,,,,,,,,,,,,,,,,,45.0,1.0,2.32,55.0,4.0,0.76,38.0,2.0,1.58,38.0,3.0,-10.48,44.0,1.0,2.6,38.0,4.0,1.45,55.0,1.0,11.55,55.0,1.0,8.1,55.0,9.0,-0.35,45.0,1.0,3.68,56.0,10.0,0.74,25.0,7.0,27.84,56.0,2.0,13.27,38.0,1.0,4.22,19.0,6.0,34.12,,,,,,,,,,,,,,,,,,,,,,,,,,,,,,,,,,,PROVADOR DO IZ,MALHAL DO IZ,160.0,59.0,2anos5meses,58.0,MFBN 2276,SONITO G.SALES - NELORE,IZSN A4481,210.0,80.0,SEMI-EXTENSIVO
11340,SORRENTO RF,SORRENTO RF,Nelore CEIP,946522RF,18/08/2022,32.4,,,,,,,,545.0,39.0,151.0,Fazenda Rancho Fundo,Maria Helena Zaccarelli Pimentel,CAXAMBU FM x BEDUINO FST,CAXAMBU FM,835219RF,ceip; ifert; maternal; novilhas; semiextensivo,https://loja.crvbrasil.com.br/semen/touros-de-corte-zebu/nelore/sorrento-rf-nelore,,3.0,0.08,,,,,4.0,1.53,,,,,,,,,,,4.0,1.07,,,,,6.0,-0.21,0.9,5.0,5.34,,,,,,,,2.0,0.14,,,,,4.0,0.08,,,,,4.0,-0.14,,,,,,,,0.0,0.37,,,,,,,,,,,,,,,,,,,,,,,,,,,,,,,,,,,,,,,,,,,,,,,,,,,,,,,,,,,,,,,,,,,,,,,,,,,,,,,,,,,,,,,,,,,,,,,,,,,,,,,,,,,,,,,,,,,,,,,,,,,,,,,,,,,,,,,,,,,,,,,,,,,,,,,,,,0.91,3.0,0.08,,,,0.91,4.0,1.53,,,,,,,,,,0.91,4.0,1.07,,,,0.6,1.0,12.47,0.9,6.0,5.21,,,,,,,0.91,2.0,0.14,,,,0.91,4.0,0.08,,,,,4.0,-0.14,,,,0.37,1.0,18.94,0.94,10.0,0.37,,,,,,,,,,,,,,,,,,,,,,,,,,,,,,,,,,,,,,,,,,,,,,,,,,,,,,,,,,,,,,,,,,,,,,,,,,,,,,,,,,,,,,,,,,,,,,,,,,,,,,,,,,,,,,,,,,,,,,,,,,,,,,,,,,,,,,,,,,,,,,,,,,,,,,,,,,,,,,,,,,,,,,,,,,,,,,,,,,,,,,,,,,,,,,,,,,,,,,,,,,,,,,,,,,,,,,,,,,,,,,,,,,,,,,,,,,,,,,,,,,,,,,,,,,,,,,,,,,,,,,,,,,,,,,,,,,,,,,,,,,,,,,,,,,,,,,,,,,,,,,,,,,,,,,,,BEDUINO FST,ASSIS AJ,156.0,52.0,2 anos e 2 meses,54.0,835219RF,SORRENTO RF - NELORE,183216FM,211.0,79.0,SEMI-EXTENSIVO
08638,STAFF DA BELA,STAFF DA BELA,Nelore PO,AZAP2625,20/09/2018,28.3,,21.32,16.0,20.87,1.0,23.04,6.0,953.0,43.0,159.0,Fazenda Bela Alvorda,Fazenda Bela Alvorada,LEGAL DA BELA x DOLMAN DO IZ,LEGAL DA BELA,MACIA DA BELA,po; carcaca-3-estrelas; maternal; peso; semiextensivo,https://loja.crvbrasil.com.br/semen/touros-de-corte-zebu/nelore/staff-da-bela-nelore,,,,,,,,,,,,,,,,,,,,,,,,,,,,,,,,,,,,,,,,,,,,,,,,,,,,,,,,,,,,,,,,85.0,71.0,68.0,74.0,0.46,10.0,76.0,3.21,12.0,54.0,0.026,83.0,78.0,38.98,96.0,38.0,-0.065,21.0,41.0,-0.71,37.0,65.0,-0.08,92.0,76.0,13.01,12.0,79.0,27.68,7.0,82.0,27.92,7.0,80.0,0.61,32.0,82.0,74.57,27.0,44.0,44.0,2.67,19.0,44.0,3.4,28.0,142.0,7.0,49.0,9.39,9.0,82.0,0.95,79.0,,,,,,,,,,,,,,,,,,,,,,,,,,,,,,,,,,,,,,,,,,,,,,,,,,,,,,,,,,,,,,,,,,,,,,,,,,,,,,,,,,,,,,,,,,,,,,,,,,,,,,,,,,,,,,,,,,,,,,,,,,,,,,,,,,,,,,,,,,,,,,,,,,,,,,,,,,,,,,,,73.0,1.1,34.0,,0.06,95.0,69.0,5.65,2.0,71.0,9.02,1.0,25.0,65.82,11.0,69.0,1.7,2.0,74.0,10.81,2.0,66.0,-0.01,56.0,,71.0,-1.01,90.0,69.0,1.91,19.0,72.0,8.81,10.0,77.0,0.34,48.0,71.0,0.46,80.0,74.0,19.63,4.0,57.0,-0.1,49.0,,4.17,12.0,,7.26,10.0,,,,,,,,,,,,,,,,,,,,,,,,,,,,,,,,,,,,,,,,,,,,,,,,,,,,,,,,,,,,,,,,,,,,,,,,,,,,,,,,,,,,,,,,,,,,,,,,,,,,,,,,,,,,,,,,,,,,,,,,,,,,,,,,,,,,,,,,,,,,,,,,,,,,,,,,,,,,,,,,,,,,,,,,,,,,,,,,,,61.0,1.0,2.91,71.0,2.0,1.68,53.0,5.0,0.59,43.0,2.0,-13.34,53.0,9.0,-1.16,53.0,1.0,7.4,75.0,1.0,15.52,76.0,1.0,8.55,68.0,8.0,-0.17,53.0,2.0,2.13,76.0,9.0,0.43,26.0,3.0,36.64,76.0,1.0,20.49,53.0,1.0,7.44,21.0,1.0,59.82,,,,,,,,,,,,,,,,,,,,,,,,,,,,,,,,,,,DOLMAN DO IZ,NADA DA BONS.,170.0,58.0,3anos7meses,64.0,AZAN1842,STAFF DA BELA - NELORE,AZAP927,235.0,82.0,SEMI-EXTENSIVO
08779,STAR  DO MURA,STAR DO MURA,Nelore PO,MURA12542,18/08/2017,45.4,,,,4.35,5.0,10.35,33.0,1250.0,43.0,159.0,Jatobá Pecuária,Agropecuária Xuab,LANDAU DI GÊNIO x BASCO DA SM,LANDAU DI GÊNIO,JOLIE DO MURA,po; semiintensivo,https://loja.crvbrasil.com.br/semen/touros-de-corte-zebu/nelore/star-fiv-do-mura-nelore,,,,,,,,,,,,,,,,,,,,,,,,,,,,,,,,,,,,,,,,,,,,,,,,,,,,,,,,,,,,,,,,,,,,,,,,,,,,,,,,,,,,,,,,,,,,,,,,,,,,,,,,,,,,,,,,,,,,,,,,,,,,,,,,,,,,,,,,,,,,,,,,,,,,,,,,,,,,,,,,,,,,,,,,,,,,,,,,,,,,,,,,,,,,,,,,,,,,,,,,,,,,,,,,,,,,,,,,,,,,,,,,,,,,,,,,,,,,,,,,,,,,,,,,,,,,,,,,,,,,,,,,,,,,,,,,,,,,,69.0,-0.03,65.0,,0.06,94.0,65.0,2.82,24.0,70.0,3.74,25.0,27.0,58.2,25.0,63.0,-0.81,90.0,73.0,3.33,38.0,59.0,-4.14,26.0,,68.0,0.4,33.0,63.0,2.2,14.0,72.0,6.57,22.0,75.0,0.46,41.0,71.0,0.74,96.0,73.0,9.9,27.0,63.0,1.12,8.0,,4.54,10.0,,6.51,13.0,,,,,,,,,,,,,,,,,,,,,,,,,,,,,,,,,,,,,,,,,,,,,,,,,,,,,,,,,,,,,,,,,,,,,,,,,,,,,,,,,,,,,,,,,,,,,,,,,,,,,,,,,,,,,,,,,,,,,,,,,,,,,,,,,,,,,,,,,,,,,,,,,,,,,,,,,,,,,,,,,,,,,,,,,,,,,,,,,,50.0,9.0,-1.1,62.0,4.0,0.81,62.0,1.0,2.0,47.0,1.0,-22.27,50.0,4.0,0.28,62.0,1.0,3.03,72.0,2.0,8.99,76.0,2.0,5.52,65.0,3.0,0.39,52.0,3.0,1.51,76.0,10.0,0.79,28.0,6.0,29.52,73.0,3.0,8.58,62.0,1.0,3.79,28.0,9.0,25.49,,,,,,,,,,,,,,,,,,,,,,,,,,,,,,,,,,,BASCO DA SM,BRADO S.M.,185.0,60.0,4anos8meses,70.0,MURA4165,STAR DO MURA - NELORE,JCDG4599,240.0,79.0,SEMI-INTENSIVO
10931,KPAM3325 KA,SULTÃO KA,Nelore PO,KPAM3325,06/09/2022,31.2,,30.06,4.0,24.74,1.0,38.98,0.5,700.0,40.0,150.0,Katayama Pecuária,Katayama Pecuária,REM GARANTIDO x GANGLIO KA,REM GARANTIDO,8375 KA,po; carcaca-4-estrelas; maternal; peso; reprodutivo; semiextensivo,https://loja.crvbrasil.com.br/semen/touros-de-corte-zebu/nelore/sultao-ka-nelore,,,,,,,,,,,,,,,,,,,,,,,,,,,,,,,,,,,,,,,,,,,,,,,,,,,,,,,,,,,,,,,,49.0,85.17,10.0,58.0,0.54,8.0,59.0,3.22,12.0,39.0,0.02,82.0,39.0,47.39,45.0,47.0,-0.109,15.0,40.0,-1.0,11.0,51.0,-0.04,71.0,61.0,17.64,4.0,64.0,31.37,4.0,64.0,28.14,7.0,61.0,2.9,0.1,41.0,78.01,20.0,41.0,44.0,6.61,0.5,45.0,9.22,0.5,147.0,3.0,47.0,10.45,5.0,62.0,0.15,39.0,,,,,,,,,,,,,,,,,,,,,,,,,,,,,,,,,,,,,,,,,,,,,,,,,,,,,,,,,,,,,,,,,,,,,,,,,,,,,,,,,,,,,,,,,,,,,,,,,,,,,,,,,,,,,,,,,,,,,,,,,,,,,,,,,,,,,,,,,,,,,,,,,,,,,,,,,,,,,,,,54.0,3.55,2.0,,0.11,99.0,34.0,4.79,5.0,46.0,6.93,5.0,24.0,76.67,3.0,43.0,1.74,2.0,49.0,14.48,0.5,33.0,-12.46,2.0,,51.0,-0.11,57.0,21.0,5.38,0.5,51.0,8.33,12.0,55.0,2.79,0.1,51.0,0.1,41.0,49.0,22.8,2.0,53.0,3.12,0.1,,7.1,1.0,,11.63,1.0,,,,,,,,,,,,,,,,,,,,,,,,,,,,,,,,,,,,,,,,,,,,,,,,,,,,,,,,,,,,,,,,,,,,,,,,,,,,,,,,,,,,,,,,,,,,,,,,,,,,,,,,,,,,,,,,,,,,,,,,,,,,,,,,,,,,,,,,,,,,,,,,,,,,,,,,,,,,,,,,,,,,,,,,,,,,,,,,,,51.0,1.0,3.72,59.0,1.0,4.07,47.0,1.0,3.9,42.0,1.0,-28.57,49.0,4.0,0.38,47.0,1.0,4.78,64.0,1.0,18.37,73.0,2.0,6.79,57.0,1.0,1.96,50.0,1.0,5.25,78.0,2.0,-0.29,31.0,1.0,54.5,66.0,1.0,24.28,47.0,1.0,5.86,20.0,1.0,48.75,,,,,,,,,,,,,,,,,,,,,,,,,,,,,,,,,,,GANGLIO KA,REM ESPIÃO007,150.0,52.0,2 anos e 2 meses,49.0,KAPL8375,SULTÃO KA - NELORE,REMA1936,207.0,75.0,SEMI-EXTENSIVO
10934,KPAM3634 KA,SUPREMO KA,Nelore PO,KPAM3634,06/10/2022,31.2,,27.95,6.0,30.87,1.0,31.27,2.0,650.0,35.0,158.0,Katayama Pecuária,Katayama Pecuária,POTENTE  KA x GAETAN KA,POTENTE  KA,2468 KA,po; carcaca-5-estrelas; maternal; peso; reprodutivo; semiintensivo,https://loja.crvbrasil.com.br/semen/touros-de-corte-zebu/nelore/supremo-ka-nelore,,,,,,,,,,,,,,,,,,,,,,,,,,,,,,,,,,,,,,,,,,,,,,,,,,,,,,,,,,,,,,,,47.0,81.1,25.0,55.0,0.28,17.0,56.0,3.74,8.0,55.0,0.0,67.0,34.0,33.38,100.0,41.0,0.224,95.0,35.0,-0.88,20.0,47.0,0.13,5.0,58.0,20.87,1.0,60.0,33.25,3.0,61.0,27.03,8.0,58.0,1.76,5.0,39.0,89.02,6.0,39.0,39.0,2.36,24.0,38.0,3.38,29.0,23.0,3.0,49.0,11.92,2.0,60.0,1.7,98.0,,,,,,,,,,,,,,,,,,,,,,,,,,,,,,,,,,,,,,,,,,,,,,,,,,,,,,,,,,,,,,,,,,,,,,,,,,,,,,,,,,,,,,,,,,,,,,,,,,,,,,,,,,,,,,,,,,,,,,,,,,,,,,,,,,,,,,,,,,,,,,,,,,,,,,,,,,,,,,,,55.0,2.8,6.0,,0.11,99.0,46.0,9.64,0.1,53.0,9.91,0.5,19.0,87.27,0.5,43.0,1.38,4.0,56.0,4.99,25.0,32.0,-14.75,0.5,,52.0,1.24,8.0,41.0,0.84,40.0,53.0,17.32,0.1,61.0,1.52,5.0,56.0,1.11,99.0,56.0,22.31,2.0,53.0,0.62,20.0,,5.63,4.0,,10.33,2.0,,,,,,,,,,,,,,,,,,,,,,,,,,,,,,,,,,,,,,,,,,,,,,,,,,,,,,,,,,,,,,,,,,,,,,,,,,,,,,,,,,,,,,,,,,,,,,,,,,,,,,,,,,,,,,,,,,,,,,,,,,,,,,,,,,,,,,,,,,,,,,,,,,,,,,,,,,,,,,,,,,,,,,,,,,,,,,,,,,50.0,1.0,1.92,58.0,1.0,3.41,45.0,2.0,1.53,40.0,1.0,-33.53,47.0,1.0,1.52,45.0,2.0,2.53,59.0,1.0,18.9,62.0,1.0,14.79,57.0,1.0,1.31,48.0,3.0,1.63,66.0,10.0,1.01,26.0,1.0,48.19,60.0,1.0,19.06,45.0,1.0,4.61,19.0,1.0,72.42,,,,,,,,,,,,,,,,,,,,,,,,,,,,,,,,,,,GAETAN KA,REM DULLDOG,160.0,56.0,2 anos 2 meses,53.0,KAPC2468,SUPREMO KA - NELORE,KAPO3320,208.0,77.0,SEMI-INTENSIVO
08951,TAITI  COL,TAITI COL,Nelore PO,COL27123,10/12/2019,24.8,,21.91,15.0,18.03,1.0,22.06,8.0,,,,Colonial Agropecuária,Colonial Agropecuária,QUARRIE COL x JAGMOHAN COL,QUARRIE COL,ROALA COL,po; carcaca-4-estrelas; car; peso; reprodutivo; semiintensivo,https://loja.crvbrasil.com.br/semen/touros-de-corte-zebu/nelore/taiti-fiv-col-nelore,,,,,,,,,,,,,,,,,,,,,,,,,,,,,,,,,,,,,,,,,,,,,,,,,,,,,,,,,,,,,,,,38.0,82.65,19.0,60.0,-0.02,68.0,61.0,2.85,15.0,32.0,-0.089,12.0,32.0,42.09,82.0,44.0,0.079,67.0,38.0,-1.23,3.0,49.0,-0.06,82.0,60.0,17.06,4.0,64.0,27.15,8.0,65.0,23.73,13.0,60.0,0.86,24.0,32.0,74.75,26.0,32.0,41.0,1.5,42.0,42.0,3.9,22.0,2.0,2.0,55.0,7.61,18.0,63.0,1.39,93.0,,,,,,,,,,,,,,,,,,,,,,,,,,,,,,,,,,,,,,,,,,,,,,,,,,,,,,,,,,,,,,,,,,,,,,,,,,,,,,,,,,,,,,,,,,,,,,,,,,,,,,,,,,,,,,,,,,,,,,,,,,,,,,,,,,,,,,,,,,,,,,,,,,,,,,,,,,,,,,,,47.0,2.32,11.0,,0.01,44.0,26.0,4.45,7.0,40.0,5.74,9.0,22.0,74.38,4.0,22.0,1.31,5.0,51.0,6.95,13.0,32.0,-3.67,29.0,,33.0,-0.2,61.0,13.0,-0.67,74.0,44.0,10.94,4.0,56.0,0.67,30.0,41.0,0.76,96.0,51.0,17.89,6.0,53.0,0.23,35.0,,1.6,45.0,,5.3,21.0,,,,,,,,,,,,,,,,,,,,,,,,,,,,,,,,,,,,,,,,,,,,,,,,,,,,,,,,,,,,,,,,,,,,,,,,,,,,,,,,,,,,,,,,,,,,,,,,,,,,,,,,,,,,,,,,,,,,,,,,,,,,,,,,,,,,,,,,,,,,,,,,,,,,,,,,,,,,,,,,,,,,,,,,,,,,,,,,,,56.0,1.0,2.09,65.0,1.0,2.74,46.0,7.0,-0.1,45.0,1.0,-16.67,47.0,6.0,-0.17,46.0,3.0,1.86,67.0,1.0,17.97,67.0,1.0,10.67,61.0,2.0,0.53,50.0,7.0,-0.35,69.0,9.0,0.45,28.0,1.0,40.49,68.0,1.0,18.61,46.0,1.0,3.26,21.0,1.0,50.78,,,,,,,,,,,,,,,,,,,,,,,,,,,,,,,,,,,JAGMOHAN COL,REM ARMADOR,,,-,,COLM4994,TAITI COL - NELORE,COL24739,,,SEMI-INTENSIVO
08999,TAJASWI COL,TAJASWI COL,Nelore PO,COL27267,17/01/2020,33.9,,27.51,6.0,25.0,1.0,26.0,4.0,1008.0,41.0,168.0,Colonial Agropecuária,Colonial Agropecuária,QUICKMAN COL x HENRY COL,QUICKMAN COL,LAMPRITA COL,po; ifert; carcaca-3-estrelas; maternal; peso; reprodutivo; semiintensivo,https://loja.crvbrasil.com.br/semen/touros-de-corte-zebu/nelore/tajaswi-col-nelore,,,,,,,,,,,,,,,,,,,,,,,,,,,,,,,,,,,,,,,,,,,,,,,,,,,,,,,,,,,,,,,,71.0,81.16,25.0,74.0,0.23,19.0,76.0,5.56,2.0,51.0,-0.018,56.0,66.0,48.13,39.0,63.0,0.03,51.0,36.0,-1.23,3.0,56.0,-0.04,71.0,79.0,17.94,3.0,84.0,27.94,7.0,82.0,20.36,18.0,76.0,1.63,7.0,70.0,78.15,19.0,38.0,38.0,4.53,4.0,38.0,6.55,5.0,289.0,9.0,51.0,14.84,0.1,81.0,1.35,92.0,,,,,,,,,,,,,,,,,,,,,,,,,,,,,,,,,,,,,,,,,,,,,,,,,,,,,,,,,,,,,,,,,,,,,,,,,,,,,,,,,,,,,,,,,,,,,,,,,,,,,,,,,,,,,,,,,,,,,,,,,,,,,,,,,,,,,,,,,,,,,,,,,,,,,,,,,,,,,,,,69.0,5.62,0.1,,0.11,99.0,58.0,6.97,0.5,63.0,6.2,7.0,24.0,75.3,3.0,58.0,-0.53,82.0,69.0,1.8,53.0,50.0,-1.18,47.0,,60.0,-0.11,57.0,54.0,3.88,2.0,66.0,14.01,1.0,74.0,1.87,2.0,64.0,1.25,99.0,69.0,15.82,9.0,56.0,2.02,1.0,,8.91,0.5,,12.94,0.5,,,,,,,,,,,,,,,,,,,,,,,,,,,,,,,,,,,,,,,,,,,,,,,,,,,,,,,,,,,,,,,,,,,,,,,,,,,,,,,,,,,,,,,,,,,,,,,,,,,,,,,,,,,,,,,,,,,,,,,,,,,,,,,,,,,,,,,,,,,,,,,,,,,,,,,,,,,,,,,,,,,,,,,,,,,,,,,,,,72.0,9.0,-1.33,78.0,1.0,5.68,50.0,1.0,1.92,44.0,1.0,-17.42,52.0,8.0,-0.6,50.0,1.0,3.49,78.0,1.0,15.3,79.0,1.0,12.12,75.0,1.0,1.06,53.0,1.0,5.67,80.0,10.0,1.39,27.0,1.0,47.51,78.0,1.0,17.19,50.0,2.0,2.85,19.0,1.0,59.17,,,,,,,,,,,,,,,,,,,,,,,,,,,,,,,,,,,HENRY COL,REM ARMADOR,181.0,64.0,4anose2meses,63.0,COL 21232,TAJASWI COL - NELORE,COL 24926,237.0,93.0,SEMI-INTENSIVO
09002,TAKASHI COL,TAKASHI COL,Nelore PO,COLM6002,20/01/2020,36.5,,26.15,8.0,25.75,1.0,25.76,4.0,932.0,42.0,158.0,Colonial Agropecuária,Colonial Agropecuária e Oton Nascimento,QUICKMAN COL x MUKESH COL,QUICKMAN COL,PUNTHALI COL,po; ifert; maternal; novilhas; peso; reprodutivo; semiintensivo,https://loja.crvbrasil.com.br/semen/touros-de-corte-zebu/nelore/takashi-col-nelore,,,,,,,,,,,,,,,,,,,,,,,,,,,,,,,,,,,,,,,,,,,,,,,,,,,,,,,,,,,,,,,,86.0,92.13,1.0,77.0,0.2,21.0,78.0,2.89,15.0,35.0,-0.071,23.0,79.0,44.44,69.0,66.0,-0.409,2.0,40.0,-1.45,0.5,72.0,-0.16,100.0,81.0,14.35,9.0,82.0,18.78,20.0,82.0,18.84,22.0,79.0,1.9,4.0,81.0,85.85,8.0,42.0,42.0,4.29,5.0,41.0,6.42,5.0,345.0,39.0,48.0,13.52,0.5,85.0,0.48,54.0,,,,,,,,,,,,,,,,,,,,,,,,,,,,,,,,,,,,,,,,,,,,,,,,,,,,,,,,,,,,,,,,,,,,,,,,,,,,,,,,,,,,,,,,,,,,,,,,,,,,,,,,,,,,,,,,,,,,,,,,,,,,,,,,,,,,,,,,,,,,,,,,,,,,,,,,,,,,,,,,62.0,0.97,38.0,,0.0,40.0,34.0,8.73,0.1,49.0,6.1,8.0,28.0,83.79,1.0,34.0,-0.44,78.0,66.0,3.25,39.0,11.0,-1.71,43.0,,47.0,-1.91,99.0,19.0,2.77,8.0,64.0,8.8,10.0,72.0,2.14,0.5,59.0,0.04,34.0,66.0,12.05,19.0,57.0,2.25,0.5,,4.93,7.0,,9.48,3.0,,,,,,,,,,,,,,,,,,,,,,,,,,,,,,,,,,,,,,,,,,,,,,,,,,,,,,,,,,,,,,,,,,,,,,,,,,,,,,,,,,,,,,,,,,,,,,,,,,,,,,,,,,,,,,,,,,,,,,,,,,,,,,,,,,,,,,,,,,,,,,,,,,,,,,,,,,,,,,,,,,,,,,,,,,,,,,,,,,70.0,3.0,0.92,78.0,2.0,2.23,64.0,9.0,-0.66,45.0,1.0,-22.25,68.0,10.0,-2.44,64.0,1.0,5.11,82.0,1.0,15.18,85.0,1.0,8.15,77.0,1.0,1.93,52.0,1.0,2.8,85.0,3.0,-0.08,28.0,1.0,47.63,84.0,1.0,15.93,64.0,1.0,6.65,21.0,1.0,67.6,,,,,,,,,,,,,,,,,,,,,,,,,,,,,,,,,,,MUKESH COL,REM ARMADOR,172.0,60.0,4anose2meses,62.0,COLM 4407,TAKASHI COL - NELORE,COL 24926,234.0,80.0,SEMI-INTENSIVO
08149,TANNAT AJ,TANNAT AJ,Nelore CEIP,586214AJ,12/11/2014,49.9,,,,,,,,1090.0,39.0,161.0,Agropecuária Jacarezinho,"Agropec Jacarezinho , Tulipa Agropecuária, SF Agropecuária e MB Genetics Inc.",NAVAJO AJ x KULAL AJ,NAVAJO AJ,513705AJ,ceip; ifert; maternal; novilhas; peso; reprodutivo; semiextensivo,https://loja.crvbrasil.com.br/semen/touros-de-corte-zebu/nelore/tannat-aj-nelore,0.98,3.0,0.08,0.98,4.0,0.08,0.98,2.0,5.15,0.98,2.0,27.09,0.98,2.0,32.24,0.98,1.0,3.26,0.98,2.0,2.11,0.98,2.0,5.37,0.98,1.0,2.27,0.98,4.0,8.11,0.98,2.0,14.2,0.98,1.0,-10.55,0.98,2.0,0.15,0.98,1.0,0.25,0.98,4.0,0.07,0.98,3.0,0.32,0.98,2.0,-0.54,0.98,2.0,0.16,0.98,1.0,16.77,0.99,7.0,0.48,0.99,7.0,0.48,,,,,,,,,,,,,,,,,,,,,,,,,,,,,,,,,,,,,,,,,,,,,,,,,,,,,,,,,,,,,,,,,,,,,,,,,,,,,,,,,,,,,,,,,,,,,,,,,,,,,,,,,,,,,,,,,,,,,,,,,,,,,,,,,,,,,,,,,,,,,,,,,,,,,,,0.98,3.0,0.08,0.98,4.0,0.08,0.98,2.0,5.15,0.98,2.0,27.09,0.98,1.0,32.24,0.98,2.0,3.26,0.98,2.0,2.11,0.98,2.0,5.37,0.8,3.0,2.45,0.98,4.0,7.87,0.98,3.0,13.68,0.98,1.0,-10.55,0.98,2.0,0.15,0.98,1.0,0.25,0.98,4.0,0.07,0.98,2.0,0.32,0.98,2.0,-0.54,0.98,2.0,0.16,0.98,1.0,16.77,0.99,7.0,0.48,0.99,6.0,0.48,,,,,,,,,,,,,,,,,,,,,,,,,,,,,,,,,,,,,,,,,,,,,,,,,,,,,,,,,,,,,,,,,,,,,,,,,,,,,,,,,,,,,,,,,,,,,,,,,,,,,,,,,,,,,,,,,,,,,,,,,,,,,,,,,,,,,,,,,,,,,,,,,,,,,,,,,,,,,,,,,,,,,,,,,,,,,,,,,,,,,,,,,,,,,,,,,,,,,,,,,,,,,,,,,,,,,,,,,,,,,,,,,,,,,,,,,,,,,,,,,,,,,,,,,,,,,,,,,,,,,,,,,,,,,,,,,,,,,,,,,,,,,,,,,,,,,,,,,,,,,,,,,,,,,KULAL AJ,COBRE AJ,176.0,62.0,5anos4meses,64.0,513705AJ,TANNAT AJ - NELORE,899408AJN,233.0,83.0,SEMI-EXTENSIVO
09025,TATUI FM,TATUI FM,Nelore CEIP,54420FM,18/09/2020,18.7,,,,,,,,628.0,40.0,143.0,Agropecuária Maragogipe,Agropecuária Maragogipe,ITA FM x ASSIS AJ,ITA FM,2417FM,ceip; maternal; novilhas; peso; semiextensivo,https://loja.crvbrasil.com.br/semen/touros-de-corte-zebu/nelore/tatui-fm-nelore,,,,,,,,,,,,,,,,,,,,,,,,,,,,,,,,,,,,,,,,,,,,,,,,,,,,,,,,,,,,,,,,,,,,,,,,,,,,,,,,,,,,,,,,,,,,,,,,,,,,,,,,,,,,,,,,,,,,,,,,,,,,,,,,,,,,,,,,,,,,,,,,,,,,,,,,,,,,,,,,,,,,,,,,,,,,,,,,,,,,,,,,,,,,,,,,,,,,,,,,,,,,,,,,,,,,,,0.77,4.0,0.05,0.77,4.0,0.07,0.77,2.0,4.74,0.77,3.0,17.96,0.77,2.0,22.7,,,,0.77,2.0,2.38,0.77,2.0,4.74,0.53,3.0,2.27,0.77,1.0,15.63,0.74,1.0,14.55,0.57,3.0,-5.52,0.77,1.0,0.46,0.77,2.0,0.56,0.77,1.0,0.49,0.77,1.0,0.64,0.77,4.0,-0.21,0.76,1.0,0.59,0.39,1.0,14.21,0.77,2.0,0.16,0.76,1.0,0.21,,,,,,,,,,,,,,,,,,,,,,,,,,,,,,,,,,,,,,,,,,,,,,,,,,,,,,,,,,,,,,,,,,,,,,,,,,,,,,,,,,,,,,,,,,,,,,,,,,,,,,,,,,,,,,,,,,,,,,,,,,,,,,,,,,,,,,,,,,,,,,,,,,,,,,,,,,,,,,,,,,,,,,,,,,,,,,,,,,,,,,,,,,,,,,,,,,,,,,,,,,,,,,,,,,,,,,,,,,,,,,,,,,,,,,,,,,,,,,,,,,,,,,,,,,,,,,,,,,,,,,,,,,,,,,,,,,,,,,,,,,,,,,,,,,,,,,,,,,,,,,,,,,,,,ASSIS AJ,LITIO AJ,147.0,41.0,1anos9meses,51.0,2417FM,TATUI FM - NELORE,96315FM,196.0,69.0,SEMI-EXTENSIVO
09761,TEIXOR G.SALES,TEIXOR G SALES,Nelore PO,MFBN9170,11/11/2021,36.5,,23.76,12.0,16.01,1.0,25.67,4.0,659.0,38.0,148.0,G Sales Agropecuária,G Sales Agropecuária,QUEDHAR  G.SALES x QUEIXO DO IZ,QUEDHAR  G.SALES,REICXA G.SALES,po; ifert; carcaca-4-estrelas; car; atj-plus; maternal; novilhas; semiextensivo,https://loja.crvbrasil.com.br/semen/touros-de-corte-zebu/nelore/teixor-g-sales-nelore,,7.0,-0.04,,,,,3.0,4.2,,,,,,,,,,,3.0,1.44,,,,,5.0,0.15,0.82,5.0,6.75,,,,,,,,3.0,0.12,,,,,1.0,0.26,,,,,3.0,-0.34,,,,,,,,0.0,0.38,,,,35.0,78.21,39.0,51.0,0.76,4.0,52.0,2.86,15.0,49.0,-0.1,8.0,48.0,59.02,2.0,41.0,-0.484,1.0,32.0,-0.95,15.0,46.0,0.07,17.0,64.0,13.17,12.0,72.0,21.18,16.0,62.0,21.65,16.0,55.0,0.39,45.0,46.0,81.27,14.0,35.0,35.0,4.07,7.0,35.0,5.62,8.0,133.0,7.0,49.0,9.29,9.0,61.0,-0.94,4.0,,,,,,,,,,,,,,,,,,,,,,,,,,,,,,,,,,,,,,,,,,,,,,,,,,,,,,,,,,,,,,,,,,,,,,,,,,,,,,,,,,,,,,,,,,,,,,,,,,,,,,,,,,,,,,,,,,,,,,,,,,,,,,,,,,,,,,,,,,,,,,,,,,,,,,,,,,,,,,,,66.0,3.39,3.0,,-0.06,1.0,65.0,3.96,11.0,67.0,7.16,4.0,22.0,68.25,8.0,63.0,0.43,33.0,70.0,9.08,5.0,61.0,-5.89,16.0,,65.0,0.76,19.0,63.0,3.28,5.0,69.0,0.27,72.0,71.0,0.95,18.0,67.0,-0.79,0.5,70.0,9.35,30.0,52.0,2.66,0.1,,2.27,35.0,,5.14,22.0,,,,,,,,,,,,,,,,,,,,,,,,,,,,,,,,,,,,,,,,,,,,,,,,,,,,,,,,,,,,,,,,,,,,,,,,,,,,,,,,,,,,,,,,,,,,,,,,,,,,,,,,,,,,,,,,,,,,,,,,,,,,,,,,,,,,,,,,,,,,,,,,,,,,,,,,,,,,,,,,,,,,,,,,,,,,,,,,,,47.0,3.0,0.84,57.0,1.0,2.61,43.0,6.0,0.34,37.0,1.0,-28.83,46.0,2.0,0.99,43.0,1.0,6.51,70.0,3.0,7.85,74.0,6.0,0.98,56.0,2.0,0.57,45.0,1.0,3.17,70.0,1.0,-0.79,23.0,4.0,33.13,72.0,2.0,11.39,43.0,1.0,8.12,18.0,1.0,51.7,,,,,,,,,,,,,,,,,,,,,,,,,,,,,,,,,,,QUEIXO DO IZ,MACEGAL DO IZ,160.0,54.0,2anos5meses,53.0,MFBN 6929,TEIXOR G SALES - NELORE,MFBN 5123,212.0,82.0,SEMI-EXTENSIVO
08793,TEMPO COL,TEMPO COL,Nelore PO,COL26971,29/10/2019,36.5,,23.83,12.0,16.3,1.0,20.18,10.0,957.0,33.0,162.0,Colonial Agropecuária,Colonial Agropecuária e Carlos Alverne R.,QUICKMAN COL x SARAU MAT,QUICKMAN COL,POESIA COL,po; carcaca-3-estrelas; car; maternal; reprodutivo; semiextensivo,https://loja.crvbrasil.com.br/semen/touros-de-corte-zebu/nelore/tempo-col-nelore,,,,,,,,,,,,,,,,,,,,,,,,,,,,,,,,,,,,,,,,,,,,,,,,,,,,,,,,,,,,,,,,86.0,88.2,4.0,73.0,0.29,16.0,74.0,2.96,14.0,32.0,-0.125,4.0,79.0,47.47,44.0,68.0,-0.163,10.0,43.0,-1.41,1.0,64.0,-0.08,92.0,82.0,11.07,18.0,82.0,17.31,23.0,84.0,17.08,26.0,80.0,1.17,16.0,81.0,92.59,3.0,45.0,45.0,3.25,12.0,46.0,6.01,6.0,228.0,25.0,48.0,12.17,2.0,85.0,0.72,68.0,,,,,,,,,,,,,,,,,,,,,,,,,,,,,,,,,,,,,,,,,,,,,,,,,,,,,,,,,,,,,,,,,,,,,,,,,,,,,,,,,,,,,,,,,,,,,,,,,,,,,,,,,,,,,,,,,,,,,,,,,,,,,,,,,,,,,,,,,,,,,,,,,,,,,,,,,,,,,,,,52.0,2.89,5.0,,-0.03,12.0,32.0,3.67,13.0,34.0,3.5,28.0,25.0,67.35,9.0,28.0,0.09,51.0,61.0,4.67,27.0,16.0,-9.29,5.0,,37.0,-1.59,98.0,24.0,2.53,10.0,60.0,3.74,43.0,68.0,1.12,13.0,56.0,0.15,47.0,61.0,8.41,34.0,59.0,2.53,0.5,,4.13,13.0,,5.6,19.0,,,,,,,,,,,,,,,,,,,,,,,,,,,,,,,,,,,,,,,,,,,,,,,,,,,,,,,,,,,,,,,,,,,,,,,,,,,,,,,,,,,,,,,,,,,,,,,,,,,,,,,,,,,,,,,,,,,,,,,,,,,,,,,,,,,,,,,,,,,,,,,,,,,,,,,,,,,,,,,,,,,,,,,,,,,,,,,,,,65.0,3.0,1.1,73.0,1.0,3.03,62.0,9.0,-0.88,54.0,1.0,-20.52,60.0,10.0,-1.96,62.0,1.0,3.91,80.0,3.0,6.33,83.0,5.0,2.04,75.0,2.0,0.68,54.0,1.0,2.92,83.0,7.0,0.23,31.0,1.0,42.32,81.0,3.0,8.84,62.0,2.0,2.61,21.0,1.0,54.79,,,,,,,,,,,,,,,,,,,,,,,,,,,,,,,,,,,SARAU MAT,REM ARMADOR,171.0,61.0,3anos4meses,65.0,COL24257,TEMPO COL - NELORE,COL24926,221.0,84.0,SEMI-EXTENSIVO
11100,TEXAS NEG,TEXAS NEG,Nelore CEIP,91063920NEG,21/10/2020,28.3,,,,,,,,931.0,42.0,160.0,Fazenda Nova Estrela do Gauporé,Fazenda Nova Estrela do Gauporé,CIA CARIBU x COXIM FM,CIA CARIBU,500056415EGA,ceip; maternal; peso; semiextensivo,https://loja.crvbrasil.com.br/semen/touros-de-corte-zebu/nelore/texas-neg-nelore,0.94,1.0,0.25,0.81,1.0,0.26,0.94,1.0,9.29,0.81,2.0,22.44,0.81,2.0,31.73,0.81,2.0,2.92,0.94,1.0,5.47,0.81,1.0,8.38,0.5,10.0,-4.86,0.89,1.0,20.88,0.81,2.0,16.31,0.68,5.0,-0.81,0.94,1.0,0.34,0.81,3.0,0.13,0.94,1.0,0.28,0.8,6.0,-0.03,0.95,10.0,0.66,0.81,2.0,0.23,0.4,1.0,16.4,0.95,2.0,0.55,0.84,4.0,0.53,,,,,,,,,,,,,,,,,,,,,,,,,,,,,,,,,,,,,,,,,,,,,,,,,,,,,,,,,,,,,,,,,,,,,,,,,,,,,,,,,,,,,,,,,,,,,,,,,,,,,,,,,,,,,,,,,,,,,,,,,,,,,,,,,,,,,,,,,,,,,,,,,,,,,,,0.94,1.0,0.25,0.81,1.0,0.26,0.94,1.0,9.29,0.81,2.0,22.44,0.81,2.0,31.73,0.81,2.0,2.92,1.0,1.0,5.47,0.81,1.0,8.38,0.58,6.0,-0.76,0.89,1.0,20.92,0.81,2.0,15.76,0.68,5.0,-0.81,0.94,1.0,0.34,0.81,3.0,0.13,0.94,1.0,0.28,0.8,6.0,-0.03,0.81,10.0,0.66,0.81,2.0,0.23,1.0,0.0,16.4,0.95,2.0,0.55,0.84,4.0,0.53,,,,,,,,,,,,,,,,,,,,,,,,,,,,,,,,,,,,,,,,,,,,,,,,,,,,,,,,,,,,,,,,,,,,,,,,,,,,,,,,,,,,,,,,,,,,,,,,,,,,,,,,,,,,,,,,,,,,,,,,,,,,,,,,,,,,,,,,,,,,,,,,,,,,,,,,,,,,,,,,,,,,,,,,,,,,,,,,,,,,,,,,,,,,,,,,,,,,,,,,,,,,,,,,,,,,,,,,,,,,,,,,,,,,,,,,,,,,,,,,,,,,,,,,,,,,,,,,,,,,,,,,,,,,,,,,,,,,,,,,,,,,,,,,,,,,,,,,,,,,,,,,,,,,,COXIM FM,PAINT NITRO,170.0,61.0,4 anos e 1 mês,63.0,-,TEXAS NEG - NELORE,-,230.0,84.0,SEMI-EXTENSIVO
10142,C3747 DA S. NICE,THUNDER SANTA NICE,Nelore PO,GRIC3747,05/02/2022,33.9,,29.2,5.0,29.12,1.0,38.93,0.5,664.0,37.0,148.0,Fazenda Santa Nice,Marcelo Procópio Grisi e Outros,CAMPEÃO MN x REM ARMADOR,CAMPEÃO MN,B9841 DA S.NICE,po; ifert; carcaca-5-estrelas; car; maternal; novilhas; peso; reprodutivo; semiextensivo,https://loja.crvbrasil.com.br/semen/touros-de-corte-zebu/nelore/thunder-santa-nice,,,,,,,,,,,,,,,,,,,,,,,,,,,,,,,,,,,,,,,,,,,,,,,,,,,,,,,,,,,,,,,,64.0,89.18,3.0,68.0,0.72,5.0,69.0,3.21,12.0,42.0,-0.1,8.0,47.0,56.31,3.0,55.0,-0.429,2.0,48.0,-1.11,6.0,63.0,0.15,4.0,67.0,12.01,15.0,72.0,27.82,7.0,74.0,22.12,15.0,66.0,1.37,11.0,57.0,89.23,5.0,53.0,53.0,7.43,0.1,52.0,12.19,0.1,70.0,3.0,32.0,11.05,4.0,69.0,-0.48,13.0,,,,,,,,,,,,,,,,,,,,,,,,,,,,,,,,,,,,,,,,,,,,,,,,,,,,,,,,,,,,,,,,,,,,,,,,,,,,,,,,,,,,,,,,,,,,,,,,,,,,,,,,,,,,,,,,,,,,,,,,,,,,,,,,,,,,,,,,,,,,,,,,,,,,,,,,,,,,,,,,64.0,1.86,18.0,,-0.01,31.0,55.0,6.42,1.0,63.0,9.34,1.0,26.0,79.77,2.0,52.0,1.88,1.0,65.0,13.43,0.5,40.0,3.16,78.0,,63.0,1.43,5.0,40.0,7.97,0.1,57.0,7.53,16.0,71.0,1.34,7.0,57.0,-0.19,14.0,65.0,20.96,3.0,63.0,3.36,0.1,,9.65,0.1,,15.21,0.1,,,,,,,,,,,,,,,,,,,,,,,,,,,,,,,,,,,,,,,,,,,,,,,,,,,,,,,,,,,,,,,,,,,,,,,,,,,,,,,,,,,,,,,,,,,,,,,,,,,,,,,,,,,,,,,,,,,,,,,,,,,,,,,,,,,,,,,,,,,,,,,,,,,,,,,,,,,,,,,,,,,,,,,,,,,,,,,,,,57.0,1.0,5.06,65.0,2.0,2.22,54.0,3.0,1.25,50.0,1.0,-22.66,58.0,1.0,1.45,54.0,1.0,5.04,65.0,1.0,19.65,68.0,2.0,7.12,64.0,1.0,1.02,57.0,1.0,9.63,73.0,1.0,-0.48,35.0,1.0,49.19,66.0,1.0,24.39,54.0,1.0,6.99,28.0,1.0,58.09,,,,,,,,,,,,,,,,,,,,,,,,,,,,,,,,,,,REM ARMADOR,HUNO MN,156.0,56.0,1anoe10meses,55.0,GRIB9841,THUNDER SANTA NICE,LBMND4685,213.0,74.0,SEMI-EXTENSIVO
08640,TITÂNIO TUL,TITÂNIO TUL,Nelore CEIP,746315TUL,03/09/2015,18.7,,,,,,,,1133.0,44.0,158.0,Tulipa Agropecuária,Jaguari Comercial e Agrícola,PAINT INCAL x CFM LINIERS,PAINT INCAL,176509TUL,ceip; ifert; semiextensivo,https://loja.crvbrasil.com.br/semen/touros-de-corte-zebu/nelore/titanio-tul-nelore,,,,,,,,,,,,,,,,,,,,,,,,,,,,,,,,,,,,,,,,,,,,,,,,,,,,,,,,,,,,,,,,,,,,,,,,,,,,,,,,,,,,,,,,,,,,,,,,,,,,,,,,,,,,,,,,,,,,,,,,,,,,,,,,,,,,,,,,,,,,,,,,,,,,,,,,,,,,,,,,,,,,,,,,,,,,,,,,,,,,,,,,,,,,,,,,,,,,,,,,,,,,,,,,,,,,,,0.96,10.0,-0.34,0.93,10.0,-0.33,0.96,10.0,-9.36,0.93,9.0,-22.27,0.93,9.0,-31.63,0.93,9.0,-2.95,0.96,10.0,-4.78,0.93,10.0,-7.73,0.67,6.0,-0.41,0.95,10.0,-35.37,0.92,10.0,-17.05,0.87,4.0,-2.34,0.96,9.0,-0.19,0.93,8.0,-0.13,0.96,10.0,-0.2,0.9,1.0,0.47,0.92,10.0,0.81,0.93,9.0,-0.18,0.91,10.0,-20.35,0.97,1.0,0.59,0.94,1.0,0.63,,,,,,,,,,,,,,,,,,,,,,,,,,,,,,,,,,,,,,,,,,,,,,,,,,,,,,,,,,,,,,,,,,,,,,,,,,,,,,,,,,,,,,,,,,,,,,,,,,,,,,,,,,,,,,,,,,,,,,,,,,,,,,,,,,,,,,,,,,,,,,,,,,,,,,,,,,,,,,,,,,,,,,,,,,,,,,,,,,,,,,,,,,,,,,,,,,,,,,,,,,,,,,,,,,,,,,,,,,,,,,,,,,,,,,,,,,,,,,,,,,,,,,,,,,,,,,,,,,,,,,,,,,,,,,,,,,,,,,,,,,,,,,,,,,,,,,,,,,,,,,,,,,,,,CFM LINIERS,ORFF AJ,176.0,62.0,6anos1meses,62.0,176509TUL,TITÂNIO TUL - NELORE,I059,244.0,87.0,SEMI-EXTENSIVO
08664,TOSCANO 3BA,TOSCANO 3BA,Nelore CEIP,841918BA,07/09/2018,18.7,,,,,,,,,,,Agropecuária 3 Barras,José F. F. Micheloni e Carlos A. de Santi,TIRRENO 3BA x TORDEPO PA,TIRRENO 3BA,4171143BA,ceip; maternal; novilhas; reprodutivo; semiextensivo,https://loja.crvbrasil.com.br/semen/touros-de-corte-zebu/nelore/toscano-3ba-nelore,,,,,,,,,,,,,,,,,,,,,,,,,,,,,,,,,,,,,,,,,,,,,,,,,,,,,,,,,,,,,,,,,,,,,,,,,,,,,,,,,,,,,,,,,,,,,,,,,,,,,,,,,,,,,,,,,,,,,,,,,,,,,,,,,,,,,,,,,,,,,,,,,,,,,,,,,,,,,,,,,,,,,,,,,,,,,,,,,,,,,,,,,,,,,,,,,,,,,,,,,,,,,,,,,,,,,,0.81,7.0,-0.08,0.8,6.0,-0.03,0.81,6.0,-2.72,0.8,1.0,38.69,0.8,1.0,35.97,0.8,1.0,4.57,0.81,7.0,-1.38,0.8,2.0,3.2,0.58,2.0,2.5,0.79,8.0,-4.99,0.74,5.0,4.35,0.64,1.0,-6.65,0.81,7.0,-0.11,0.8,4.0,0.03,0.81,4.0,0.03,0.8,2.0,0.29,0.74,2.0,-0.41,0.8,2.0,0.12,0.54,1.0,7.18,0.8,5.0,0.5,0.78,3.0,0.52,,,,,,,,,,,,,,,,,,,,,,,,,,,,,,,,,,,,,,,,,,,,,,,,,,,,,,,,,,,,,,,,,,,,,,,,,,,,,,,,,,,,,,,,,,,,,,,,,,,,,,,,,,,,,,,,,,,,,,,,,,,,,,,,,,,,,,,,,,,,,,,,,,,,,,,,,,,,,,,,,,,,,,,,,,,,,,,,,,,,,,,,,,,,,,,,,,,,,,,,,,,,,,,,,,,,,,,,,,,,,,,,,,,,,,,,,,,,,,,,,,,,,,,,,,,,,,,,,,,,,,,,,,,,,,,,,,,,,,,,,,,,,,,,,,,,,,,,,,,,,,,,,,,,,TORDEPO PA,DVORAK AJ,,,-,,4171143BA,TOSCANO 3BA - NELORE,-,,,SEMI-EXTENSIVO
08885,TRAJANO DA MN,TRAJANO DA MN,Nelore PO,LBMNE3913,08/08/2019,24.8,,15.76,29.0,11.62,2.0,12.06,28.0,802.0,40.0,152.0,Fazenda Mundo Novo,Eduardo Penteado Cardoso e Outro,TAMBORIL DA MN x D630 DA MN,TAMBORIL DA MN,E1478 DA MN,po; carcaca-3-estrelas; novilhas; semiextensivo,https://loja.crvbrasil.com.br/semen/touros-de-corte-zebu/nelore/trajano-da-mn-nelore,,,,,,,,,,,,,,,,,,,,,,,,,,,,,,,,,,,,,,,,,,,,,,,,,,,,,,,,,,,,,,,,32.0,74.55,55.0,45.0,0.45,10.0,46.0,1.58,29.0,55.0,0.03,83.0,31.0,51.12,17.0,55.0,0.054,60.0,57.0,-0.49,64.0,35.0,0.02,38.0,47.0,6.06,40.0,51.0,14.71,29.0,51.0,14.04,34.0,43.0,0.64,31.0,63.0,89.9,5.0,32.0,62.0,0.38,79.0,59.0,1.56,71.0,0.0,0.0,48.0,6.34,26.0,53.0,-0.68,7.0,,,,,,,,,,,,,,,,,,,,,,,,,,,,,,,,,,,,,,,,,,,,,,,,,,,,,,,,,,,,,,,,,,,,,,,,,,,,,,,,,,,,,,,,,,,,,,,,,,,,,,,,,,,,,,,,,,,,,,,,,,,,,,,,,,,,,,,,,,,,,,,,,,,,,,,,,,,,,,,,71.0,1.59,23.0,,0.01,46.0,71.0,3.17,19.0,72.0,4.47,18.0,19.0,62.75,16.0,70.0,0.91,14.0,73.0,1.23,58.0,24.0,-1.15,47.0,,71.0,-0.76,83.0,70.0,-1.83,91.0,72.0,3.77,43.0,73.0,0.91,20.0,72.0,-0.41,5.0,73.0,5.0,50.0,44.0,-0.38,62.0,,-1.39,86.0,,-1.12,79.0,,,,,,,,,,,,,,,,,,,,,,,,,,,,,,,,,,,,,,,,,,,,,,,,,,,,,,,,,,,,,,,,,,,,,,,,,,,,,,,,,,,,,,,,,,,,,,,,,,,,,,,,,,,,,,,,,,,,,,,,,,,,,,,,,,,,,,,,,,,,,,,,,,,,,,,,,,,,,,,,,,,,,,,,,,,,,,,,,,33.0,1.0,1.77,43.0,3.0,1.39,51.0,6.0,0.15,29.0,2.0,-15.59,34.0,7.0,-0.49,51.0,1.0,3.17,61.0,5.0,3.21,64.0,4.0,3.17,53.0,2.0,0.53,37.0,9.0,-1.82,66.0,1.0,-0.68,17.0,3.0,36.8,57.0,4.0,6.49,51.0,1.0,4.97,16.0,1.0,54.06,,,,,,,,,,,,,,,,,,,,,,,,,,,,,,,,,,,D630 DA MN,JAMANTA DA MN,167.0,55.0,2anos8meses,59.0,LBMNE1478,TRAJANO DA MN - NELORE,LBMNE1477,210.0,72.0,SEMI-EXTENSIVO
08806,TRIBUTO  DA S.NICE,TRIBUTO SANTA NICE,Nelore PO,GRIC434,13/12/2019,31.2,,21.37,16.0,22.22,1.0,28.6,3.0,831.0,42.0,158.0,Fazenda Santa Nice,Marcelo Procópio Grisi e Outros,CAMPEÃO DA MN x REM DHEEF,CAMPEÃO DA MN,B7463 DA S.NICE,po; carcaca-4-estrelas; maternal; peso; reprodutivo; semiextensivo,https://loja.crvbrasil.com.br/semen/touros-de-corte-zebu/nelore/tributo-fiv-sn-nelore,,,,,,,,,,,,,,,,,,,,,,,,,,,,,,,,,,,,,,,,,,,,,,,,,,,,,,,,,,,,,,,,85.0,87.48,6.0,66.0,0.64,6.0,69.0,3.39,11.0,39.0,-0.12,4.0,78.0,47.88,41.0,53.0,-0.519,1.0,46.0,-1.31,2.0,63.0,0.08,14.0,70.0,10.27,21.0,72.0,17.63,23.0,72.0,21.23,17.0,66.0,1.81,5.0,82.0,80.41,15.0,48.0,48.0,1.1,58.0,48.0,1.18,78.0,21.0,2.0,31.0,6.69,23.0,74.0,0.68,66.0,,,,,,,,,,,,,,,,,,,,,,,,,,,,,,,,,,,,,,,,,,,,,,,,,,,,,,,,,,,,,,,,,,,,,,,,,,,,,,,,,,,,,,,,,,,,,,,,,,,,,,,,,,,,,,,,,,,,,,,,,,,,,,,,,,,,,,,,,,,,,,,,,,,,,,,,,,,,,,,,63.0,2.34,11.0,,0.08,99.0,53.0,4.58,6.0,62.0,7.8,3.0,26.0,77.2,3.0,50.0,1.93,1.0,66.0,6.75,14.0,36.0,-12.22,2.0,,60.0,-0.01,52.0,44.0,1.52,25.0,61.0,7.58,16.0,70.0,1.81,2.0,60.0,-0.05,26.0,66.0,14.33,13.0,63.0,0.66,19.0,,3.17,22.0,,5.69,18.0,,,,,,,,,,,,,,,,,,,,,,,,,,,,,,,,,,,,,,,,,,,,,,,,,,,,,,,,,,,,,,,,,,,,,,,,,,,,,,,,,,,,,,,,,,,,,,,,,,,,,,,,,,,,,,,,,,,,,,,,,,,,,,,,,,,,,,,,,,,,,,,,,,,,,,,,,,,,,,,,,,,,,,,,,,,,,,,,,,56.0,1.0,4.01,65.0,1.0,2.75,50.0,1.0,2.78,47.0,1.0,-22.09,55.0,5.0,0.06,50.0,1.0,4.8,67.0,1.0,13.5,69.0,2.0,6.93,61.0,1.0,1.6,54.0,2.0,2.25,70.0,5.0,0.09,34.0,1.0,48.08,69.0,1.0,17.38,50.0,1.0,6.72,28.0,1.0,55.75,,,,,,,,,,,,,,,,,,,,,,,,,,,,,,,,,,,REM DHEEF,HUNO DA MN,163.0,60.0,2anos5meses,60.0,GRIB7463,TRIBUTO SANTA NICE - NELORE,LBMND4685,225.0,82.0,SEMI-EXTENSIVO
10832,TROIS FIV G.SALES,TROIS G SALES,Nelore PO,MFBN9973,28/12/2021,31.2,,30.97,3.0,27.04,1.0,38.53,0.5,772.0,38.0,150.0,G Sales Agropecuária,G Sales Agropecuária,REM GALO x HUNO DA MN,REM GALO,PRIMASTELA G.SALES,po; carcaca-5-estrelas; car; maternal; novilhas; peso; reprodutivo; semiextensivo,https://loja.crvbrasil.com.br/semen/touros-de-corte-zebu/nelore/trois-g-sales-nelore,,,,,,,,,,,,,,,,,,,,,,,,,,,,,,,,,,,,,,,,,,,,,,,,,,,,,,,,,,,,,,,,56.0,79.26,33.0,60.0,0.66,5.0,61.0,3.12,13.0,36.0,-0.065,26.0,44.0,57.55,2.0,51.0,-0.375,3.0,39.0,-0.85,23.0,52.0,0.15,4.0,59.0,16.74,5.0,64.0,32.5,3.0,64.0,37.1,1.0,61.0,1.33,12.0,48.0,88.23,6.0,44.0,44.0,5.81,1.0,43.0,7.58,2.0,39.0,1.0,55.0,11.27,4.0,60.0,-0.9,4.0,,,,,,,,,,,,,,,,,,,,,,,,,,,,,,,,,,,,,,,,,,,,,,,,,,,,,,,,,,,,,,,,,,,,,,,,,,,,,,,,,,,,,,,,,,,,,,,,,,,,,,,,,,,,,,,,,,,,,,,,,,,,,,,,,,,,,,,,,,,,,,,,,,,,,,,,,,,,,,,,55.0,2.18,13.0,,0.04,84.0,46.0,5.31,3.0,43.0,8.7,1.0,22.0,76.46,3.0,44.0,3.28,0.1,46.0,11.9,2.0,32.0,-0.03,56.0,,53.0,2.35,0.5,41.0,5.36,0.5,42.0,8.04,13.0,56.0,1.15,12.0,41.0,-0.96,0.1,46.0,19.93,4.0,55.0,3.26,0.1,,6.48,2.0,,11.44,1.0,,,,,,,,,,,,,,,,,,,,,,,,,,,,,,,,,,,,,,,,,,,,,,,,,,,,,,,,,,,,,,,,,,,,,,,,,,,,,,,,,,,,,,,,,,,,,,,,,,,,,,,,,,,,,,,,,,,,,,,,,,,,,,,,,,,,,,,,,,,,,,,,,,,,,,,,,,,,,,,,,,,,,,,,,,,,,,,,,,50.0,1.0,5.88,59.0,1.0,3.39,47.0,5.0,0.64,42.0,2.0,-12.8,49.0,1.0,2.89,47.0,1.0,5.82,60.0,1.0,21.46,62.0,1.0,10.74,57.0,1.0,1.32,49.0,1.0,5.23,65.0,1.0,-1.01,29.0,2.0,39.44,60.0,1.0,27.43,47.0,1.0,8.89,19.0,1.0,54.12,,,,,,,,,,,,,,,,,,,,,,,,,,,,,,,,,,,HUNO DA MN,REM ESPIÃO007,156.0,42.0,2anose7meses,57.0,MFBN4422,TROIS G. SALES - NELORE,REMA1576,226.0,83.0,SEMI-EXTENSIVO
08997,TRONO COL,TRONO COL,Nelore PO,COL27137,11/12/2019,33.9,,27.29,7.0,23.96,1.0,29.17,2.0,920.0,40.0,162.0,Colonial Agropecuária,Colonial Agropecuária,OPERÁRIO COL x HERCULES COL,OPERÁRIO COL,MARIA COL,po; carcaca-3-estrelas; maternal; peso; semiintensivo,https://loja.crvbrasil.com.br/semen/touros-de-corte-zebu/nelore/trono-col-nelore,,,,,,,,,,,,,,,,,,,,,,,,,,,,,,,,,,,,,,,,,,,,,,,,,,,,,,,,,,,,,,,,73.0,78.37,38.0,63.0,0.06,44.0,64.0,3.92,7.0,34.0,-0.089,12.0,65.0,40.91,86.0,54.0,0.42,100.0,41.0,-0.82,26.0,54.0,0.13,5.0,68.0,13.33,12.0,69.0,24.24,11.0,71.0,26.39,9.0,64.0,0.93,22.0,68.0,93.38,3.0,43.0,43.0,5.08,3.0,43.0,6.64,4.0,117.0,7.0,52.0,11.83,3.0,72.0,1.44,94.0,,,,,,,,,,,,,,,,,,,,,,,,,,,,,,,,,,,,,,,,,,,,,,,,,,,,,,,,,,,,,,,,,,,,,,,,,,,,,,,,,,,,,,,,,,,,,,,,,,,,,,,,,,,,,,,,,,,,,,,,,,,,,,,,,,,,,,,,,,,,,,,,,,,,,,,,,,,,,,,,63.0,3.03,4.0,,0.06,97.0,53.0,3.96,11.0,61.0,6.59,6.0,24.0,70.91,6.0,51.0,0.0,56.0,65.0,12.68,1.0,37.0,-3.65,29.0,,59.0,0.06,49.0,46.0,6.03,0.1,63.0,9.75,7.0,69.0,0.43,43.0,61.0,0.35,69.0,65.0,22.43,2.0,58.0,2.11,1.0,,8.58,0.5,,12.93,0.5,,,,,,,,,,,,,,,,,,,,,,,,,,,,,,,,,,,,,,,,,,,,,,,,,,,,,,,,,,,,,,,,,,,,,,,,,,,,,,,,,,,,,,,,,,,,,,,,,,,,,,,,,,,,,,,,,,,,,,,,,,,,,,,,,,,,,,,,,,,,,,,,,,,,,,,,,,,,,,,,,,,,,,,,,,,,,,,,,,53.0,6.0,0.01,62.0,1.0,2.92,45.0,4.0,0.86,40.0,2.0,-15.84,50.0,7.0,-0.31,45.0,1.0,4.44,66.0,1.0,20.05,75.0,1.0,10.67,63.0,3.0,0.5,46.0,1.0,7.16,72.0,9.0,0.49,26.0,1.0,50.36,68.0,1.0,22.4,45.0,1.0,4.99,21.0,1.0,54.84,,,,,,,,,,,,,,,,,,,,,,,,,,,,,,,,,,,HERCULES COL,REM USP,164.0,66.0,2anose7meses,63.0,COL 21959,TRONO COL - NELORE,COL 23568,217.0,71.0,SEMI-INTENSIVO
09034,TRUMP DA ALVORADA,TRUMP DA ALVORADA,Nelore PO,TCL212,30/01/2020,43.7,,,,4.13,5.0,2.16,61.0,960.0,43.0,147.0,Anália Cunha Mello,"Enio R. Castelo Branco, Analia C. Mello e Diamantino Silva Filho",GANDHI  TERRAMATA x JABRIEL NAV.,GANDHI  TERRAMATA,FIORELLA DA ALVORADA,po; carcaca-3-estrelas; peso; semiintensivo,https://loja.crvbrasil.com.br/semen/touros-de-corte-zebu/nelore/trump-da-alvorada-nelore,,,,,,,,,,,,,,,,,,,,,,,,,,,,,,,,,,,,,,,,,,,,,,,,,,,,,,,,,,,,,,,,,,,,,,,,,,,,,,,,,,,,,,,,,,,,,,,,,,,,,,,,,,,,,,,,,,,,,,,,,,,,,,,,,,,,,,,,,,,,,,,,,,,,,,,,,,,,,,,,,,,,,,,,,,,,,,,,,,,,,,,,,,,,,,,,,,,,,,,,,,,,,,,,,,,,,,,,,,,,,,,,,,,,,,,,,,,,,,,,,,,,,,,,,,,,,,,,,,,,,,,,,,,,,,,,,,,,,54.0,1.58,23.0,,-0.01,23.0,45.0,4.33,8.0,53.0,2.48,40.0,25.0,36.55,81.0,42.0,0.47,32.0,55.0,2.0,51.0,32.0,1.69,68.0,,52.0,-1.33,95.0,42.0,0.74,42.0,50.0,7.51,16.0,60.0,-0.32,81.0,49.0,1.39,99.0,55.0,9.51,29.0,53.0,-0.45,65.0,,3.04,24.0,,5.74,18.0,,,,,,,,,,,,,,,,,,,,,,,,,,,,,,,,,,,,,,,,,,,,,,,,,,,,,,,,,,,,,,,,,,,,,,,,,,,,,,,,,,,,,,,,,,,,,,,,,,,,,,,,,,,,,,,,,,,,,,,,,,,,,,,,,,,,,,,,,,,,,,,,,,,,,,,,,,,,,,,,,,,,,,,,,,,,,,,,,,42.0,7.0,-0.33,52.0,2.0,1.63,43.0,3.0,1.29,38.0,4.0,-7.11,44.0,10.0,-1.23,43.0,1.0,3.43,54.0,2.0,8.86,55.0,1.0,8.09,52.0,6.0,0.03,46.0,4.0,0.82,54.0,10.0,1.42,26.0,9.0,22.52,55.0,3.0,10.3,43.0,1.0,3.99,22.0,9.0,26.51,,,,,,,,,,,,,,,,,,,,,,,,,,,,,,,,,,,JABRIEL NAV.,BASCO DA SM,169.0,61.0,2anos4meses,65.0,OLA3212,TRUMP DA ALVORADA - NELORE,TMA1369,225.0,78.0,SEMI-INTENSIVO
08952,TUCURUI  COL,TUCURUÍ COL,Nelore PO,COL26876,11/09/2019,24.8,,28.2,6.0,18.22,1.0,,,,,,Colonial Agropecuária,Colonial Agropecuária,QUARRIE COL x GANGES COL,QUARRIE COL,MAIA COL,po; carcaca-3-estrelas; maternal; peso; reprodutivo; semiextensivo,https://loja.crvbrasil.com.br/semen/touros-de-corte-zebu/nelore/tucurui-col-nelore,,,,,,,,,,,,,,,,,,,,,,,,,,,,,,,,,,,,,,,,,,,,,,,,,,,,,,,,,,,,,,,,86.0,96.29,0.1,75.0,0.26,18.0,75.0,2.94,14.0,36.0,0.014,76.0,79.0,43.44,76.0,70.0,0.021,47.0,46.0,-0.92,17.0,58.0,-0.19,100.0,73.0,15.27,7.0,79.0,28.1,7.0,79.0,26.31,9.0,74.0,1.53,8.0,83.0,95.08,2.0,46.0,46.0,3.01,15.0,47.0,4.81,13.0,50.0,5.0,57.0,7.85,16.0,80.0,1.0,81.0,,,,,,,,,,,,,,,,,,,,,,,,,,,,,,,,,,,,,,,,,,,,,,,,,,,,,,,,,,,,,,,,,,,,,,,,,,,,,,,,,,,,,,,,,,,,,,,,,,,,,,,,,,,,,,,,,,,,,,,,,,,,,,,,,,,,,,,,,,,,,,,,,,,,,,,,,,,,,,,,,,,,,,,,,,,,,,,,,,,,,,,,,,,,,,,,,,,,,,,,,,,,,,,,,,,,,,,,,,,,,,,,,,,,,,,,,,,,,,,,,,,,,,,,,,,,,,,,,,,,,,,,,,,,,,,,,,,,,,,,,,,,,,,,,,,,,,,,,,,,,,,,,,,,,,,,,,,,,,,,,,,,,,,,,,,,,,,,,,,,,,,,,,,,,,,,,,,,,,,,,,,,,,,,,,,,,,,,,,,,,,,,,,,,,61.0,2.0,1.69,69.0,2.0,2.09,49.0,1.0,1.87,45.0,1.0,-19.68,50.0,10.0,-2.03,49.0,1.0,3.59,68.0,1.0,16.56,69.0,1.0,11.55,64.0,2.0,0.67,53.0,2.0,2.09,70.0,9.0,0.55,32.0,1.0,45.93,69.0,1.0,18.42,49.0,1.0,3.98,23.0,2.0,46.84,,,,,,,,,,,,,,,,,,,,,,,,,,,,,,,,,,,GANGES COL,REM ARMADOR,,,-,,COL 21460,TUCURUI COL - NELORE,COL 24739,,,SEMI-EXTENSIVO
08883,UIRAPURU DA MN,UIRAPURU DA MN,Nelore PO,LBMNE3714,19/11/2018,33.9,,15.27,30.0,11.73,2.0,14.78,21.0,987.0,40.0,158.0,Fazenda Mundo Novo,Eduardo Penteado Cardoso e Outro,MUCURI DA MN x TRUQUE DA MN,MUCURI DA MN,D8957 DA MN,po; ifert; carcaca-4-estrelas; car; semiextensivo,https://loja.crvbrasil.com.br/semen/touros-de-corte-zebu/nelore/uirapuru-da-mn-nelore,,,,,,,,,,,,,,,,,,,,,,,,,,,,,,,,,,,,,,,,,,,,,,,,,,,,,,,,,,,,,,,,6.0,74.07,57.0,14.0,0.21,21.0,18.0,1.43,31.0,12.0,-0.07,22.0,30.0,51.8,14.0,10.0,-0.227,7.0,10.0,-0.78,30.0,5.0,-0.06,82.0,35.0,7.12,34.0,54.0,9.16,51.0,20.0,14.99,31.0,47.0,0.38,46.0,12.0,79.94,16.0,6.0,10.0,1.45,44.0,11.0,3.49,27.0,23.0,5.0,7.0,8.34,14.0,53.0,-0.19,24.0,,,,,,,,,,,,,,,,,,,,,,,,,,,,,,,,,,,,,,,,,,,,,,,,,,,,,,,,,,,,,,,,,,,,,,,,,,,,,,,,,,,,,,,,,,,,,,,,,,,,,,,,,,,,,,,,,,,,,,,,,,,,,,,,,,,,,,,,,,,,,,,,,,,,,,,,,,,,,,,,30.0,1.43,26.0,,0.05,93.0,27.0,5.55,3.0,27.0,5.38,11.0,5.0,60.35,20.0,15.0,0.65,23.0,47.0,6.9,13.0,6.0,1.27,65.0,,24.0,-0.27,64.0,10.0,0.39,50.0,49.0,2.16,57.0,41.0,0.28,51.0,46.0,-0.13,19.0,47.0,9.05,31.0,23.0,0.64,19.0,,0.91,56.0,,1.99,51.0,,,,,,,,,,,,,,,,,,,,,,,,,,,,,,,,,,,,,,,,,,,,,,,,,,,,,,,,,,,,,,,,,,,,,,,,,,,,,,,,,,,,,,,,,,,,,,,,,,,,,,,,,,,,,,,,,,,,,,,,,,,,,,,,,,,,,,,,,,,,,,,,,,,,,,,,,,,,,,,,,,,,,,,,,,,,,,,,,,35.0,2.0,1.61,48.0,1.0,2.59,52.0,1.0,1.96,13.0,1.0,-17.4,35.0,5.0,0.22,52.0,1.0,6.34,64.0,3.0,6.56,71.0,4.0,3.56,48.0,4.0,0.37,18.0,5.0,0.31,73.0,5.0,0.13,6.0,4.0,33.57,65.0,2.0,10.64,52.0,1.0,7.27,6.0,2.0,45.97,,,,,,,,,,,,,,,,,,,,,,,,,,,,,,,,,,,TRUQUE DA MN,MARLBORO DA MN,167.0,56.0,4anose7meses,70.0,LBMND8957,UIRAPURU DA MN - NELORE,LBMND9610,240.0,82.0,SEMI-EXTENSIVO
08317,UNANIME TUL,UNANIME TUL,Nelore CEIP,867716TUL,15/10/2016,249.0,,,,,,,,1156.0,42.0,168.0,Tulipa Agropecuária,"Tulipa Agropecuária, José P. Constatini, José J. C. dos Santos, Claudeci O. Lemes e CRV",FRED TUL x CFM ORGULHO,FRED TUL,470014TUL,ceip; ifert; maternal; peso; semiintensivo,https://loja.crvbrasil.com.br/semen/touros-de-corte-zebu/nelore/unanime-tul-nelore,0.98,2.0,0.16,0.98,1.0,0.26,0.98,2.0,5.79,0.98,1.0,49.51,0.98,1.0,55.31,0.98,1.0,6.27,0.98,2.0,2.44,0.98,1.0,8.71,0.97,4.0,0.84,0.98,3.0,9.85,0.98,2.0,13.94,0.98,5.0,-0.98,0.98,2.0,0.13,0.98,1.0,0.25,0.98,2.0,0.14,0.98,6.0,-0.05,0.98,7.0,0.22,0.98,1.0,0.3,0.98,1.0,15.82,0.99,10.0,0.37,0.99,10.0,0.34,,,,,,,,,,,,,,,,,,,,,,,,,,,,,,,,,,,,,,,,,,,,,,,,,,,,,,,,,,,,,,,,,,,,,,,,,,,,,,,,,,,,,,,,,,,,,,,,,,,,,,,,,,,,,,,,,,,,,,,,,,,,,,,,,,,,,,,,,,,,,,,,,,,,,,,0.98,2.0,0.16,0.98,1.0,0.26,0.98,2.0,5.79,0.98,1.0,49.51,0.98,1.0,55.31,0.98,1.0,6.27,0.98,2.0,2.44,0.98,1.0,8.71,0.69,1.0,12.76,0.98,3.0,9.56,0.98,2.0,13.98,0.98,5.0,-0.98,0.98,2.0,0.13,0.98,1.0,0.25,0.98,2.0,0.14,0.98,6.0,-0.05,0.98,7.0,0.22,0.98,1.0,0.3,0.98,1.0,15.82,0.99,10.0,0.37,0.99,10.0,0.34,,,,,,,,,,,,,,,,,,,,,,,,,,,,,,,,,,,,,,,,,,,,,,,,,,,,,,,,,,,,,,,,,,,,,,,,,,,,,,,,,,,,,,,,,,,,,,,,,,,,,,,,,,,,,,,,,,,,,,,,,,,,,,,,,,,,,,,,,,,,,,,,,,,,,,,,,,,,,,,,,,,,,,,,,,,,,,,,,,,,,,,,,,,,,,,,,,,,,,,,,,,,,,,,,,,,,,,,,,,,,,,,,,,,,,,,,,,,,,,,,,,,,,,,,,,,,,,,,,,,,,,,,,,,,,,,,,,,,,,,,,,,,,,,,,,,,,,,,,,,,,,,,,,,,CFM ORGULHO,ORFF AJ,170.0,66.0,5anos,68.0,470014TUL,UNÂNIME TUL - NELORE,TUL651312,245.0,92.0,SEMI-INTENSIVO
11284,20217 FIV DA DI GÊNIO,UNIP DA DI GÊNIO,Nelore PO,JCGD20217,28/08/2022,28.3,,,,19.5,1.0,,,671.0,40.0,156.0,Nelore Di Gênio,Nelore Di Gênio,QATAR DA DI GÊNIO x LANCHUDO DA DI GENIO,QATAR DA DI GÊNIO,PREMIADA DA DI GENIO,po; ceip; carcaca-3-estrelas; maternal; peso; reprodutivo; semiextensivo,https://loja.crvbrasil.com.br/semen/touros-de-corte-zebu/nelore/unip-da-di-genio-nelore,,,,,,,,,,,,,,,,,,,,,,,,,,,,,,,,,,,,,,,,,,,,,,,,,,,,,,,,,,,,,,,,,,,,,,,,,,,,,,,,,,,,,,,,,,,,,,,,,,,,,,,,,,,,,,,,,,,,,,,,,,,,,,,,,,,,,,,,,,,,,,,,,,,,,,,,,,,,,,,,,,,,,,,,,,,,,,,,,,,,,,,,,,,,,,,,,,,,,,,,,,,,,,,,,,,,,,,,,,,,,,,,,,,,,,,,,,,,,,,,,,,,,,,,,,,,,,,,,,,,,,,,,,,,,,,,,,,,,,,,,,,,,,,,,,,,,,,,,,,,,,,,,,,,,,,,,,,,,,,,,,,,,,,,,,,,,,,,,,,,,,,,,,,,,,,,,,,,,,,,,,,,,,,,,,,,,,,,,,,,,,,,,,,,,,,,,,,,,,,,,,,,,,,,,,,,,,,,,,,,,,0.46,1.0,3.47,4.0,,,,,0.53,1.0,213.1,3.89,,1.0,419.35,3.16,0.4,1.0,206.31,2.0,,,,,,1.0,21.27,1.31,,,,,0.4,2.0,911.51,0.58,0.47,1.0,3.32,2.25,,,,,0.46,2.0,3.15,1.05,,,,,,,,,0.47,2.0,292.96,0.99,,,0.0,,,,,,,,,,,,,,0.47,8.0,2.03,-0.23,,,,,48.0,10.0,-2.77,57.0,1.0,3.58,48.0,2.0,1.46,43.0,2.0,-12.99,50.0,9.0,-0.94,48.0,1.0,4.52,59.0,1.0,18.82,59.0,1.0,13.89,57.0,1.0,1.16,50.0,3.0,1.71,60.0,10.0,1.08,28.0,1.0,43.08,60.0,1.0,24.11,48.0,1.0,3.88,20.0,1.0,50.16,,,,,,,,,,,,,,,,,,,,,,,,,,,,,,,,,,,LANCHUDO DA DI GENIO,REM USP,158.0,50.0,2 anos e 3 meses,53.0,JCDG10873,UNIP DA DI GENIO - NELORE,JCDG 12029,205.0,72.0,SEMI-EXTENSIVO
10849,URIEL FIV DA DI GÊNIO,URIEL DA DI GÊNIO,Nelore PO,JCDG20459,24/09/2022,36.5,,,,15.61,1.0,20.59,9.0,831.0,41.0,157.0,Nelore Di Gênio,Nelore Di Gênio,QATAR DA DI GÊNIO x LANDAU DA DI GÊNIO,QATAR DA DI GÊNIO,QUILE DA DI GÊNIO,po; ifert; carcaca-3-estrelas; car; peso; reprodutivo; semiintensivo,https://loja.crvbrasil.com.br/semen/touros-de-corte-zebu/nelore/uriel-da-di-genio-nelore,,,,,,,,,,,,,,,,,,,,,,,,,,,,,,,,,,,,,,,,,,,,,,,,,,,,,,,,,,,,,,,,,,,,,,,,,,,,,,,,,,,,,,,,,,,,,,,,,,,,,,,,,,,,,,,,,,,,,,,,,,,,,,,,,,,,,,,,,,,,,,,,,,,,,,,,,,,,,,,,,,,,,,,,,,,,,,,,,,,,,,,,,,,,,,,,,,,,,,,,,,,,,,,,,,,,,,,,,,,,,,,,,,,,,,,,,,,,,,,,,,,,,,,,,,,,,,,,,,,,,,,,,,,,,,,,,,,,,58.0,3.81,2.0,,-0.06,1.0,49.0,4.97,5.0,57.0,6.69,5.0,22.0,80.38,2.0,46.0,-1.37,98.0,59.0,4.83,26.0,36.0,-1.85,42.0,,56.0,-0.92,88.0,44.0,0.76,42.0,57.0,13.41,2.0,64.0,0.56,36.0,57.0,0.96,99.0,59.0,18.24,5.0,57.0,-0.49,67.0,,4.79,8.0,,7.87,7.0,,,,,,,,,,,,,,,,,,,,,,,,,,,,,,,,,,,,,,,,,,,,,,,,,,,,,,,,,,,,,,,,,,,,,,,,,,,,,,,,,,,,,,,,,,,,,,,,,,,,,,,,,,,,,,,,,,,,,,,,,,,,,,,,,,,,,,,,,,,,,,,,,,,,,,,,,,,,,,,,,,,,,,,,,,,,,,,,,,48.0,10.0,-3.62,57.0,1.0,4.06,48.0,1.0,2.69,44.0,2.0,-14.2,50.0,10.0,-1.5,48.0,1.0,4.15,59.0,1.0,17.48,63.0,1.0,13.81,57.0,2.0,0.62,51.0,5.0,0.37,71.0,10.0,1.09,29.0,5.0,31.57,60.0,1.0,19.91,48.0,4.0,1.62,20.0,2.0,45.75,,,,,,,,,,,,,,,,,,,,,,,,,,,,,,,,,,,LANDAU DA DI GÊNIO,REM USP,171.0,68.0,2 anos e 1 mês,62.0,JCDG12664,URIEL DA DI GENIO - NELORE,JCDG12029,218.0,77.0,SEMI-INTENSIVO
08644,URUTAU FM,URUTAU FM,Nelore CEIP,70418FM,07/11/2018,18.7,,,,,,,,,37.0,149.0,Agropecuária Maragogipe,Agropecuária Maragogipe,ESPECIAL TUL x 782 00 PA,ESPECIAL TUL,180 06 PA,ceip; maternal; novilhas; semiextensivo,https://loja.crvbrasil.com.br/semen/touros-de-corte-zebu/nelore/urutau-fm-nelore,,,,,,,,,,,,,,,,,,,,,,,,,,,,,,,,,,,,,,,,,,,,,,,,,,,,,,,,,,,,,,,,,,,,,,,,,,,,,,,,,,,,,,,,,,,,,,,,,,,,,,,,,,,,,,,,,,,,,,,,,,,,,,,,,,,,,,,,,,,,,,,,,,,,,,,,,,,,,,,,,,,,,,,,,,,,,,,,,,,,,,,,,,,,,,,,,,,,,,,,,,,,,,,,,,,,,,0.8,1.0,0.16,,,,0.8,4.0,1.33,,,,,,,,,,0.8,4.0,0.56,,,,0.53,1.0,3.9,0.76,4.0,7.41,,,,,,,0.8,1.0,0.19,,,,0.8,1.0,0.33,,,,,1.0,-0.64,,0.0,,0.51,1.0,15.47,0.83,9.0,0.33,,,,,,,,,,,,,,,,,,,,,,,,,,,,,,,,,,,,,,,,,,,,,,,,,,,,,,,,,,,,,,,,,,,,,,,,,,,,,,,,,,,,,,,,,,,,,,,,,,,,,,,,,,,,,,,,,,,,,,,,,,,,,,,,,,,,,,,,,,,,,,,,,,,,,,,,,,,,,,,,,,,,,,,,,,,,,,,,,,,,,,,,,,,,,,,,,,,,,,,,,,,,,,,,,,,,,,,,,,,,,,,,,,,,,,,,,,,,,,,,,,,,,,,,,,,,,,,,,,,,,,,,,,,,,,,,,,,,,,,,,,,,,,,,,,,,,,,,,,,,,,,,,,,,,,,,782 00 PA,MAGNÍFICO CFM,153.0,51.0,1anos8meses,51.0,180 06 PA,URUTAU FM - NELORE,529310TUL,202.0,74.0,SEMI-EXTENSIVO
09000,UTIL  COL,UTIL COL,Nelore PO,COL27561,23/09/2020,18.7,,22.41,14.0,13.6,2.0,18.91,12.0,,,,Colonial Agropecuária,Colonial Agropecuária,CARANDAH MAT x CENTO CAL,CARANDAH MAT,HILEIA COL,po; carcaca-3-estrelas; peso; semiintensivo,https://loja.crvbrasil.com.br/semen/touros-de-corte-zebu/nelore/util-col-nelore,,,,,,,,,,,,,,,,,,,,,,,,,,,,,,,,,,,,,,,,,,,,,,,,,,,,,,,,,,,,,,,,54.0,73.05,61.0,60.0,-0.11,85.0,62.0,3.24,12.0,37.0,0.044,94.0,42.0,37.8,98.0,52.0,0.39,100.0,40.0,-0.79,29.0,53.0,-0.05,76.0,62.0,15.33,7.0,64.0,27.75,7.0,68.0,30.1,5.0,64.0,0.85,24.0,48.0,78.44,19.0,48.0,48.0,1.81,35.0,48.0,3.25,31.0,0.0,0.0,52.0,7.51,18.0,61.0,1.66,97.0,,,,,,,,,,,,,,,,,,,,,,,,,,,,,,,,,,,,,,,,,,,,,,,,,,,,,,,,,,,,,,,,,,,,,,,,,,,,,,,,,,,,,,,,,,,,,,,,,,,,,,,,,,,,,,,,,,,,,,,,,,,,,,,,,,,,,,,,,,,,,,,,,,,,,,,,,,,,,,,,57.0,1.98,16.0,,0.04,87.0,50.0,6.85,0.5,57.0,7.28,4.0,24.0,71.47,6.0,47.0,0.1,51.0,59.0,8.35,7.0,39.0,3.24,78.0,,56.0,-0.41,71.0,47.0,0.54,47.0,54.0,12.15,3.0,64.0,0.09,62.0,54.0,1.02,99.0,59.0,20.5,3.0,56.0,-1.05,86.0,,4.5,10.0,,7.12,10.0,,,,,,,,,,,,,,,,,,,,,,,,,,,,,,,,,,,,,,,,,,,,,,,,,,,,,,,,,,,,,,,,,,,,,,,,,,,,,,,,,,,,,,,,,,,,,,,,,,,,,,,,,,,,,,,,,,,,,,,,,,,,,,,,,,,,,,,,,,,,,,,,,,,,,,,,,,,,,,,,,,,,,,,,,,,,,,,,,,49.0,6.0,0.05,59.0,1.0,2.32,47.0,1.0,3.41,45.0,3.0,-10.75,50.0,5.0,0.23,47.0,1.0,4.06,58.0,1.0,14.93,58.0,1.0,9.78,57.0,1.0,0.85,51.0,7.0,-0.39,60.0,10.0,1.09,29.0,5.0,32.33,59.0,1.0,17.21,47.0,1.0,4.66,18.0,2.0,44.3,,,,,,,,,,,,,,,,,,,,,,,,,,,,,,,,,,,CENTO CAL,VERNON MAT,,,-,,COLA 3200,ÚTIL COL - NELORE,RDM A 83,,,SEMI-INTENSIVO
09765,VASUVED,VASUVED,Nelore PO,TABE0615,10/08/2021,33.9,,24.57,10.0,30.06,1.0,37.82,0.5,830.0,42.0,152.0,Alexandre Brandao Nunes,Alexandre Brandao Nunes,OPERÁRIO COL x HUNO DA MN,OPERÁRIO COL,QUERENCIA,po; ifert; carcaca-5-estrelas; maternal; novilhas; peso; reprodutivo; semiintensivo,https://loja.crvbrasil.com.br/semen/touros-de-corte-zebu/nelore/vasuved-nelore,,,,,,,,,,,,,,,,,,,,,,,,,,,,,,,,,,,,,,,,,,,,,,,,,,,,,,,,,,,,,,,,52.0,71.06,67.0,59.0,0.18,23.0,58.0,3.45,10.0,35.0,-0.047,38.0,41.0,53.67,7.0,48.0,-0.237,6.0,40.0,-0.6,49.0,52.0,0.15,4.0,61.0,10.34,21.0,61.0,20.91,17.0,65.0,20.78,18.0,59.0,1.95,3.0,44.0,82.82,12.0,44.0,44.0,6.52,0.5,44.0,8.84,1.0,0.0,0.0,55.0,14.16,0.5,59.0,-0.26,21.0,,,,,,,,,,,,,,,,,,,,,,,,,,,,,,,,,,,,,,,,,,,,,,,,,,,,,,,,,,,,,,,,,,,,,,,,,,,,,,,,,,,,,,,,,,,,,,,,,,,,,,,,,,,,,,,,,,,,,,,,,,,,,,,,,,,,,,,,,,,,,,,,,,,,,,,,,,,,,,,,63.0,2.72,7.0,,0.09,99.0,59.0,4.21,9.0,63.0,7.73,3.0,26.0,84.82,0.5,57.0,1.15,8.0,66.0,6.73,14.0,36.0,-7.01,12.0,,62.0,1.42,5.0,56.0,6.98,0.1,64.0,7.2,18.0,67.0,2.49,0.1,61.0,-0.44,4.0,66.0,13.92,14.0,56.0,3.92,0.1,,8.93,0.1,,13.34,0.5,,,,,,,,,,,,,,,,,,,,,,,,,,,,,,,,,,,,,,,,,,,,,,,,,,,,,,,,,,,,,,,,,,,,,,,,,,,,,,,,,,,,,,,,,,,,,,,,,,,,,,,,,,,,,,,,,,,,,,,,,,,,,,,,,,,,,,,,,,,,,,,,,,,,,,,,,,,,,,,,,,,,,,,,,,,,,,,,,,50.0,1.0,2.7,58.0,1.0,3.46,51.0,5.0,0.49,43.0,1.0,-21.29,49.0,1.0,2.02,51.0,1.0,5.71,64.0,1.0,16.62,68.0,2.0,6.54,57.0,1.0,1.62,50.0,1.0,7.36,62.0,1.0,-0.74,29.0,1.0,53.77,66.0,1.0,20.59,51.0,1.0,5.63,22.0,1.0,67.95,,,,,,,,,,,,,,,,,,,,,,,,,,,,,,,,,,,HUNO DA MN,REM USP,175.0,52.0,3 anos e 3 meses,60.0,TABE352,VASUVED - NELORE,COL23568,230.0,40.0,SEMI-INTENSIVO
09870,VESTÍGIO COL,VESTÍGIO COL,Nelore PO,COL28419,30/11/2021,33.9,,37.21,0.1,29.3,1.0,34.88,0.5,742.0,38.0,162.0,Colonial Agropecuária,Colonial Agropecuária,SOMBREIRO DA BELA x QUARRIE  COL,SOMBREIRO DA BELA,TALENTOSA  COL,po; carcaca-3-estrelas; car; maternal; peso; reprodutivo; semiintensivo,https://loja.crvbrasil.com.br/semen/touros-de-corte-zebu/nelore/vestigio-col-nelore,,,,,,,,,,,,,,,,,,,,,,,,,,,,,,,,,,,,,,,,,,,,,,,,,,,,,,,,,,,,,,,,75.0,84.87,11.0,59.0,0.39,12.0,61.0,3.69,9.0,33.0,-0.131,3.0,65.0,35.45,99.0,51.0,0.29,98.0,36.0,-1.02,10.0,51.0,-0.14,100.0,62.0,25.55,0.1,63.0,40.28,0.5,64.0,45.31,0.1,61.0,1.31,12.0,68.0,89.43,5.0,42.0,42.0,6.5,0.5,42.0,8.57,1.0,68.0,5.0,46.0,11.21,4.0,66.0,1.97,99.0,,,,,,,,,,,,,,,,,,,,,,,,,,,,,,,,,,,,,,,,,,,,,,,,,,,,,,,,,,,,,,,,,,,,,,,,,,,,,,,,,,,,,,,,,,,,,,,,,,,,,,,,,,,,,,,,,,,,,,,,,,,,,,,,,,,,,,,,,,,,,,,,,,,,,,,,,,,,,,,,68.0,1.77,19.0,,0.06,94.0,63.0,6.83,0.5,66.0,10.29,0.5,23.0,78.28,2.0,63.0,0.37,36.0,70.0,10.64,3.0,59.0,-12.89,1.0,,65.0,-1.55,98.0,61.0,6.4,0.1,68.0,20.22,0.1,72.0,0.9,20.0,66.0,1.05,99.0,70.0,30.87,0.1,56.0,2.31,0.5,,12.51,0.1,,19.43,0.1,,,,,,,,,,,,,,,,,,,,,,,,,,,,,,,,,,,,,,,,,,,,,,,,,,,,,,,,,,,,,,,,,,,,,,,,,,,,,,,,,,,,,,,,,,,,,,,,,,,,,,,,,,,,,,,,,,,,,,,,,,,,,,,,,,,,,,,,,,,,,,,,,,,,,,,,,,,,,,,,,,,,,,,,,,,,,,,,,,51.0,8.0,-0.61,62.0,1.0,3.05,51.0,1.0,5.71,43.0,1.0,-25.9,54.0,10.0,-1.5,51.0,1.0,5.28,63.0,1.0,30.01,67.0,1.0,19.8,64.0,1.0,1.31,50.0,1.0,6.5,66.0,10.0,1.22,25.0,1.0,47.28,64.0,1.0,34.79,51.0,1.0,3.26,18.0,1.0,50.14,,,,,,,,,,,,,,,,,,,,,,,,,,,,,,,,,,,QUARRIE  COL,MARANHAO BONS,160.0,55.0,2anos5meses,54.0,COL27093,VESTÍGIO COL - NELORE,AZAN2343,205.0,72.0,SEMI-INTENSIVO
09871,VIRENTE COL,VIRENTE COL,Nelore PO,COL28605,21/12/2021,31.2,,29.39,5.0,20.26,1.0,25.99,4.0,637.0,39.0,147.0,Colonial Agropecuária,Colonial Agropecuária,RESULTADO COL  x QUILATE COL,RESULTADO COL,TAJUVA COL,po; carcaca-4-estrelas; car; peso; reprodutivo; semiintensivo,https://loja.crvbrasil.com.br/semen/touros-de-corte-zebu/nelore/virente-col-ne,,,,,,,,,,,,,,,,,,,,,,,,,,,,,,,,,,,,,,,,,,,,,,,,,,,,,,,,,,,,,,,,46.0,93.71,0.5,54.0,-0.3,99.0,57.0,4.48,5.0,51.0,-0.133,2.0,33.0,39.71,95.0,46.0,0.275,98.0,31.0,-1.65,0.1,44.0,-0.2,100.0,55.0,12.57,14.0,60.0,26.32,9.0,62.0,33.32,3.0,58.0,1.36,11.0,39.0,98.9,1.0,35.0,35.0,3.05,14.0,35.0,5.12,11.0,5.0,2.0,38.0,10.1,6.0,59.0,1.68,98.0,,,,,,,,,,,,,,,,,,,,,,,,,,,,,,,,,,,,,,,,,,,,,,,,,,,,,,,,,,,,,,,,,,,,,,,,,,,,,,,,,,,,,,,,,,,,,,,,,,,,,,,,,,,,,,,,,,,,,,,,,,,,,,,,,,,,,,,,,,,,,,,,,,,,,,,,,,,,,,,,53.0,2.75,6.0,,0.01,48.0,43.0,3.8,12.0,51.0,7.94,2.0,20.0,74.8,4.0,41.0,1.51,3.0,54.0,4.35,30.0,31.0,-28.99,0.1,,51.0,-1.95,99.0,40.0,0.73,42.0,49.0,9.17,9.0,60.0,1.55,4.0,49.0,0.76,96.0,54.0,13.52,15.0,51.0,1.55,3.0,,3.54,18.0,,5.75,18.0,,,,,,,,,,,,,,,,,,,,,,,,,,,,,,,,,,,,,,,,,,,,,,,,,,,,,,,,,,,,,,,,,,,,,,,,,,,,,,,,,,,,,,,,,,,,,,,,,,,,,,,,,,,,,,,,,,,,,,,,,,,,,,,,,,,,,,,,,,,,,,,,,,,,,,,,,,,,,,,,,,,,,,,,,,,,,,,,,,43.0,1.0,2.79,53.0,1.0,3.25,38.0,1.0,2.52,35.0,1.0,-31.42,41.0,10.0,-2.83,38.0,1.0,4.16,53.0,1.0,14.44,53.0,1.0,8.19,53.0,1.0,1.08,43.0,5.0,0.73,54.0,9.0,0.56,20.0,1.0,49.54,54.0,1.0,17.37,38.0,1.0,5.24,16.0,1.0,51.62,,,,,,,,,,,,,,,,,,,,,,,,,,,,,,,,,,,QUILATE COL,MUKESH COL,159.0,52.0,2anos4meses,52.0,COL27046,VIRENTE COL - NELORE,COLM5144,202.0,79.0,SEMI-INTENSIVO
10908,VISCONDE DA TRADIÇÃO,VISCONDE DA TRADIÇÃO,Nelore PO,TECO2133,01/11/2019,36.5,,,,17.97,1.0,18.94,12.0,772.0,38.0,161.0,Fazenda Tradição,Fazenda Tradição,DESTAQUE DS DA TRAD x BITELO,DESTAQUE DS DA TRAD,ORA ESSA DS DA TRAD,po; ifert; carcaca-5-estrelas; car; maternal; novilhas; peso; semiextensivo,https://loja.crvbrasil.com.br/semen/touros-de-corte-zebu/nelore/visconde-da-tradicao-nelore,,,,,,,,,,,,,,,,,,,,,,,,,,,,,,,,,,,,,,,,,,,,,,,,,,,,,,,,,,,,,,,,,,,,,,,,,,,,,,,,,,,,,,,,,,,,,,,,,,,,,,,,,,,,,,,,,,,,,,,,,,,,,,,,,,,,,,,,,,,,,,,,,,,,,,,,,,,,,,,,,,,,,,,,,,,,,,,,,,,,,,,,,,,,,,,,,,,,,,,,,,,,,,,,,,,,,,,,,,,,,,,,,,,,,,,,,,,,,,,,,,,,,,,,,,,,,,,,,,,,,,,,,,,,,,,,,,,,,56.0,1.58,23.0,,-0.03,10.0,72.0,2.34,31.0,73.0,5.08,13.0,24.0,61.1,19.0,44.0,1.14,8.0,74.0,4.56,28.0,32.0,-5.61,18.0,,54.0,2.26,0.5,71.0,2.19,14.0,74.0,3.95,41.0,75.0,0.6,34.0,74.0,-0.47,3.0,74.0,8.51,33.0,53.0,1.69,2.0,,2.88,26.0,,5.61,19.0,,,,,,,,,,,,,,,,,,,,,,,,,,,,,,,,,,,,,,,,,,,,,,,,,,,,,,,,,,,,,,,,,,,,,,,,,,,,,,,,,,,,,,,,,,,,,,,,,,,,,,,,,,,,,,,,,,,,,,,,,,,,,,,,,,,,,,,,,,,,,,,,,,,,,,,,,,,,,,,,,,,,,,,,,,,,,,,,,,46.0,1.0,1.81,55.0,1.0,2.5,39.0,4.0,0.91,36.0,4.0,-6.99,48.0,1.0,2.57,39.0,1.0,4.88,54.0,2.0,9.13,61.0,6.0,1.68,51.0,2.0,0.69,43.0,2.0,2.51,70.0,1.0,-0.44,24.0,5.0,31.83,56.0,2.0,12.51,39.0,1.0,6.13,20.0,1.0,61.44,,,,,,,,,,,,,,,,,,,,,,,,,,,,,,,,,,,BITELO,JAMANTA DA MN,167.0,42.0,4anose9meses,57.0,TECO1213,VISCONDE DA TRADIÇÃO - NELORE,TECH121,226.0,83.0,SEMI-EXTENSIVO
08375,VITORIOSO SL NOVO,VITORIOSO SL,Nelore Pintado,NOV2088,02/10/2016,346.5,,9.15,51.0,6.44,4.0,13.23,25.0,1033.0,43.0,155.0,Agropec João Nunes da Silva,Agropecuária João N. da Silva  e Wagner Miranda,PINTOR L CANCADO x LBMH 707 DA MN,PINTOR L CANCADO,RELVA SL NOVO,po; ifert; novilhas; semiextensivo,https://loja.crvbrasil.com.br/semen/touros-de-corte-zebu/nelore/vitorioso-nelore,,,,,,,,,,,,,,,,,,,,,,,,,,,,,,,,,,,,,,,,,,,,,,,,,,,,,,,,,,,,,,,,72.0,77.14,44.0,49.0,-0.12,87.0,51.0,-0.83,100.0,43.0,-0.04,42.0,64.0,56.33,3.0,36.0,-0.502,1.0,48.0,-0.52,60.0,40.0,0.09,11.0,50.0,1.93,69.0,58.0,2.4,83.0,60.0,6.6,66.0,53.0,1.29,13.0,70.0,68.12,43.0,49.0,58.0,2.15,27.0,53.0,2.89,37.0,21.0,5.0,44.0,2.5,79.0,45.0,-0.72,7.0,,,,,,,,,,,,,,,,,,,,,,,,,,,,,,,,,,,,,,,,,,,,,,,,,,,,,,,,,,,,,,,,,,,,,,,,,,,,,,,,,,,,,,,,,,,,,,,,,,,,,,,,,,,,,,,,,,,,,,,,,,,,,,,,,,,,,,,,,,,,,,,,,,,,,,,,,,,,,,,,17.0,-1.15,88.0,,-0.02,15.0,28.0,0.12,71.0,29.0,-0.67,79.0,18.0,70.83,6.0,9.0,-0.02,58.0,58.0,0.19,67.0,19.0,-2.67,36.0,,8.0,0.11,46.0,34.0,3.49,4.0,60.0,-0.75,79.0,50.0,1.04,15.0,57.0,-0.4,5.0,58.0,-0.56,76.0,37.0,1.23,7.0,,3.22,22.0,,4.25,29.0,,,,,,,,,,,,,,,,,,,,,,,,,,,,,,,,,,,,,,,,,,,,,,,,,,,,,,,,,,,,,,,,,,,,,,,,,,,,,,,,,,,,,,,,,,,,,,,,,,,,,,,,,,,,,,,,,,,,,,,,,,,,,,,,,,,,,,,,,,,,,,,,,,,,,,,,,,,,,,,,,,,,,,,,,,,,,,,,,,19.0,6.0,-0.09,34.0,9.0,-1.28,64.0,6.0,0.26,53.0,4.0,-7.06,9.0,2.0,0.87,64.0,2.0,2.34,76.0,8.0,-1.78,81.0,8.0,-0.94,57.0,1.0,0.83,45.0,2.0,2.07,77.0,1.0,-0.71,10.0,3.0,35.93,78.0,8.0,-1.27,64.0,1.0,3.61,10.0,2.0,47.96,,,,,,,,,,,,,,,,,,,,,,,,,,,,,,,,,,,LBMH 707 DA MN,RAMBO DA MN,166.0,61.0,5anos8meses,61.0,nov.1763,VITORIOSO - NELORE,ALCC3511,247.0,80.0,SEMI-EXTENSIVO
12206,VOLGA FM,VOLGA FM,Nelore CEIP,90623FM,16/11/2023,28.3,,,,,,,,574.0,40.0,144.0,Agropecuária Maragogipe,Agropecuária Maragogipe,TOCANTINS FM x COXIM FM,TOCANTINS FM,15820FM,ceip; maternal; novilhas; peso; reprodutivo; semiextensivo,https://loja.crvbrasil.com.br/semen/touros-de-corte-zebu/nelore/volga-fm-nelore-11363,,,,,,,,,,,,,,,,,,,,,,,,,,,,,,,,,,,,,,,,,,,,,,,,,,,,,,,,,,,,,,,,,,,,,,,,,,,,,,,,,,,,,,,,,,,,,,,,,,,,,,,,,,,,,,,,,,,,,,,,,,,,,,,,,,,,,,,,,,,,,,,,,,,,,,,,,,,,,,,,,,,,,,,,,,,,,,,,,,,,,,,,,,,,,,,,,,,,,,,,,,,,,,,,,,,,,,,1.0,0.26,,1.0,0.32,,1.0,12.18,,1.0,46.45,,1.0,58.63,,1.0,5.49,,1.0,5.76,,,,,,,,1.0,26.76,,1.0,27.53,,1.0,-10.19,,1.0,0.49,,1.0,0.51,,1.0,0.5,,1.0,0.92,,3.0,-0.28,,1.0,0.5,,1.0,15.82,,6.0,0.49,,9.0,0.44,,,,,,,,,,,,,,,,,,,,,,,,,,,,,,,,,,,,,,,,,,,,,,,,,,,,,,,,,,,,,,,,,,,,,,,,,,,,,,,,,,,,,,,,,,,,,,,,,,,,,,,,,,,,,,,,,,,,,,,,,,,,,,,,,,,,,,,,,,,,,,,,,,,,,,,,,,,,,,,,,,,,,,,,,,,,,,,,,,,,,,,,,,,,,,,,,,,,,,,,,,,,,,,,,,,,,,,,,,,,,,,,,,,,,,,,,,,,,,,,,,,,,,,,,,,,,,,,,,,,,,,,,,,,,,,,,,,,,,,,,,,,,,,,,,,,,,,,,,,,,,,,,,,,,COXIM FM,LÍTIO AJ,148.0,48.0,2 anos,49.0,15820FM,VOLGA FM - NELORE,-,195.0,66.0,SEMI-EXTENSIVO
09896,VOX  COL,VOX COL,Nelore PO,COL28175,14/09/2021,33.9,,24.03,11.0,15.97,1.0,20.94,9.0,769.0,39.0,155.0,Colonial Agropecuária,Colonial Agropecuária,TIPO  COL x MUKESH COL,TIPO  COL,TROVA COL,po; ifert; carcaca-3-estrelas; maternal; peso; reprodutivo; semiextensivo,https://loja.crvbrasil.com.br/semen/touros-de-corte-zebu/nelore/vox-col-ne,,,,,,,,,,,,,,,,,,,,,,,,,,,,,,,,,,,,,,,,,,,,,,,,,,,,,,,,,,,,,,,,55.0,81.69,22.0,59.0,0.08,38.0,61.0,3.85,8.0,30.0,-0.012,60.0,42.0,41.65,84.0,51.0,0.29,98.0,36.0,-0.9,19.0,50.0,0.03,33.0,58.0,14.43,9.0,60.0,23.7,12.0,63.0,23.28,13.0,59.0,1.2,15.0,48.0,83.36,11.0,40.0,40.0,2.52,21.0,40.0,3.43,28.0,0.0,0.0,49.0,9.94,7.0,61.0,1.34,92.0,,,,,,,,,,,,,,,,,,,,,,,,,,,,,,,,,,,,,,,,,,,,,,,,,,,,,,,,,,,,,,,,,,,,,,,,,,,,,,,,,,,,,,,,,,,,,,,,,,,,,,,,,,,,,,,,,,,,,,,,,,,,,,,,,,,,,,,,,,,,,,,,,,,,,,,,,,,,,,,,55.0,2.06,14.0,,0.03,78.0,46.0,3.79,12.0,53.0,4.37,19.0,22.0,60.95,19.0,43.0,-0.49,80.0,57.0,10.86,2.0,34.0,0.62,61.0,,52.0,-1.06,91.0,43.0,3.1,6.0,52.0,8.65,11.0,63.0,1.41,6.0,50.0,0.65,92.0,57.0,19.51,4.0,54.0,2.32,0.5,,5.92,4.0,,9.28,4.0,,,,,,,,,,,,,,,,,,,,,,,,,,,,,,,,,,,,,,,,,,,,,,,,,,,,,,,,,,,,,,,,,,,,,,,,,,,,,,,,,,,,,,,,,,,,,,,,,,,,,,,,,,,,,,,,,,,,,,,,,,,,,,,,,,,,,,,,,,,,,,,,,,,,,,,,,,,,,,,,,,,,,,,,,,,,,,,,,,45.0,9.0,-1.09,55.0,2.0,2.23,41.0,2.0,1.39,38.0,1.0,-16.77,47.0,8.0,-0.76,41.0,2.0,2.46,55.0,1.0,17.09,56.0,1.0,7.9,55.0,1.0,0.97,46.0,1.0,3.29,56.0,10.0,0.73,25.0,2.0,37.86,56.0,1.0,19.49,41.0,4.0,1.69,18.0,3.0,43.9,,,,,,,,,,,,,,,,,,,,,,,,,,,,,,,,,,,MUKESH COL,REM FUSCÃO,168.0,59.0,2anose10meses,58.0,COL 26979,VOX COL - NELORE,COL 26891,221.0,79.0,SEMI-EXTENSIVO
09869,VULCANO COL,VULCANO COL,Nelore PO,COL28196,11/10/2021,33.9,,34.1,2.0,37.03,1.0,39.39,0.5,791.0,41.0,162.0,Colonial Agropecuária,Colonial Agropecuária,RAJAN COL x QUARRIE  COL,RAJAN COL,TANAJUBA COL,po; ifert; carcaca-5-estrelas; maternal; peso; reprodutivo; semiextensivo,https://loja.crvbrasil.com.br/semen/touros-de-corte-zebu/nelore/vulcano-ka-nelore,,,,,,,,,,,,,,,,,,,,,,,,,,,,,,,,,,,,,,,,,,,,,,,,,,,,,,,,,,,,,,,,49.0,85.5,10.0,61.0,0.51,9.0,62.0,3.67,9.0,37.0,-0.039,43.0,38.0,45.76,59.0,54.0,-0.061,21.0,40.0,-1.31,2.0,53.0,0.1,9.0,62.0,17.96,3.0,67.0,35.68,2.0,67.0,35.59,2.0,59.0,1.56,8.0,37.0,96.89,2.0,37.0,43.0,6.89,0.1,43.0,9.15,0.5,29.0,4.0,46.0,14.87,0.1,68.0,0.93,78.0,,,,,,,,,,,,,,,,,,,,,,,,,,,,,,,,,,,,,,,,,,,,,,,,,,,,,,,,,,,,,,,,,,,,,,,,,,,,,,,,,,,,,,,,,,,,,,,,,,,,,,,,,,,,,,,,,,,,,,,,,,,,,,,,,,,,,,,,,,,,,,,,,,,,,,,,,,,,,,,,57.0,3.56,2.0,,0.13,99.0,47.0,7.82,0.5,55.0,11.14,0.1,23.0,73.58,4.0,42.0,2.0,0.5,61.0,17.44,0.1,34.0,-7.74,9.0,,53.0,1.08,11.0,42.0,5.24,0.5,57.0,16.65,0.5,65.0,1.78,2.0,54.0,1.05,99.0,61.0,34.08,0.1,56.0,1.26,6.0,,9.93,0.1,,15.7,0.1,,,,,,,,,,,,,,,,,,,,,,,,,,,,,,,,,,,,,,,,,,,,,,,,,,,,,,,,,,,,,,,,,,,,,,,,,,,,,,,,,,,,,,,,,,,,,,,,,,,,,,,,,,,,,,,,,,,,,,,,,,,,,,,,,,,,,,,,,,,,,,,,,,,,,,,,,,,,,,,,,,,,,,,,,,,,,,,,,,53.0,1.0,4.06,62.0,1.0,5.13,48.0,1.0,3.34,43.0,1.0,-41.98,53.0,1.0,1.43,48.0,1.0,4.02,65.0,1.0,27.97,68.0,1.0,15.1,64.0,1.0,1.36,50.0,1.0,6.05,68.0,10.0,0.96,28.0,1.0,52.21,67.0,1.0,37.99,48.0,1.0,4.63,17.0,1.0,63.0,,,,,,,,,,,,,,,,,,,,,,,,,,,,,,,,,,,QUARRIE  COL,OPERÁRIO COL,172.0,62.0,2anose10meses,62.0,COL26921,VULCANO COL - NELORE,COL25550,221.0,81.0,SEMI-EXTENSIVO
08547,VULCÃO  DA RFA,VULCÃO RFA,Nelore PO,RFA5120,21/08/2018,24.8,,19.46,20.0,12.03,2.0,11.98,28.0,677.0,41.0,156.0,José Antônio Furtado.,José Antônio Furtado.,REM DHEEF x LASTRO  DA RF,REM DHEEF,PARTITURA DA RFA,po; carcaca-5-estrelas; peso; semiintensivo,https://loja.crvbrasil.com.br/semen/touros-de-corte-zebu/nelore/vulcao-fiv-rfa-nelore,,4.0,0.06,,,,,3.0,3.21,,,,,,,,,,,4.0,1.05,,,,,0.0,-2.45,0.83,0.0,-19.05,,,,,,,,0.0,-0.38,,,,,0.0,-0.47,,,,,,,,,,,,,,4.0,0.53,,,,20.0,85.89,9.0,35.0,0.07,41.0,37.0,3.18,12.0,16.0,-0.07,23.0,19.0,38.72,97.0,16.0,0.35,99.0,19.0,-0.56,55.0,17.0,0.06,20.0,32.0,15.25,7.0,43.0,24.07,12.0,20.0,25.29,10.0,37.0,0.55,35.0,21.0,74.6,27.0,20.0,20.0,-1.3,99.0,21.0,0.48,89.0,11.0,1.0,16.0,4.31,44.0,34.0,1.77,98.0,,,,,,,,,,,,,,,,,,,,,,,,,,,,,,,,,,,,,,,,,,,,,,,,,,,,,,,,,,,,,,,,,,,,,,,,,,,,,,,,,,,,,,,,,,,,,,,,,,,,,,,,,,,,,,,,,,,,,,,,,,,,,,,,,,,,,,,,,,,,,,,,,,,,,,,,,,,,,,,,33.0,2.51,9.0,,0.06,96.0,51.0,3.88,11.0,29.0,7.1,4.0,26.0,61.61,18.0,49.0,1.38,4.0,39.0,7.55,10.0,36.0,0.82,62.0,,8.0,2.51,0.5,46.0,-5.59,99.0,22.0,13.2,2.0,55.0,0.46,41.0,56.0,1.11,99.0,39.0,20.75,3.0,60.0,-3.25,99.0,,-1.74,89.0,,-1.35,81.0,,,,,,,,,,,,,,,,,,,,,,,,,,,,,,,,,,,,,,,,,,,,,,,,,,,,,,,,,,,,,,,,,,,,,,,,,,,,,,,,,,,,,,,,,,,,,,,,,,,,,,,,,,,,,,,,,,,,,,,,,,,,,,,,,,,,,,,,,,,,,,,,,,,,,,,,,,,,,,,,,,,,,,,,,,,,,,,,,,54.0,1.0,2.367,62.0,1.0,3.84,57.0,2.0,1.779,48.0,8.0,3.45,52.0,1.0,2.62,57.0,2.0,2.833,63.0,1.0,17.76,64.0,1.0,13.45,61.0,3.0,0.513,54.0,10.0,-6.16,66.0,10.0,1.23,34.0,4.0,32.82,64.0,1.0,23.63,57.0,4.0,1.502,29.0,3.0,43.24,,,,,,,,,,,,,,,,,,,,,,,,,,,,,,,,,,,LASTRO  DA RF,REM ARMADOR,149.0,54.0,1anos5meses,52.0,RFA3051,VULCÃO RFA - NELORE,REM9449,201.0,71.0,SEMI-INTENSIVO
08963,WIFI  AJ,WIFI  AJ,Nelore CEIP,317418AJ,04/01/2019,36.5,,,,,,,,949.0,43.0,153.0,Agropecuária Jacarezinho,Agropecuária Jacarezinho,502215AJ x ASSIS AJ,502215AJ,247015AJ,ceip; ifert; maternal; peso; reprodutivo; semiextensivo,https://loja.crvbrasil.com.br/semen/touros-de-corte-zebu/nelore/wifi-aj-nelore,0.98,2.0,0.13,0.98,1.0,0.2,0.98,3.0,3.65,0.98,1.0,33.25,0.98,1.0,36.91,0.98,1.0,3.95,0.98,3.0,1.71,0.98,2.0,5.66,0.82,2.0,1.39,0.98,5.0,6.49,0.97,2.0,13.77,0.94,2.0,-5.38,0.98,6.0,-0.01,0.98,2.0,0.17,0.98,1.0,0.26,0.97,1.0,1.42,0.98,5.0,-0.1,0.98,1.0,0.44,0.78,1.0,20.55,0.99,9.0,0.43,0.99,9.0,0.41,,,,,,,,,,,,,,,,,,,,,,,,,,,,,,,,,,,,,,,,,,,,,,,,,,,,,,,,,,,,,,,,,,,,,,,,,,,,,,,,,,,,,,,,,,,,,,,,,,,,,,,,,,,,,,,,,,,,,,,,,,,,,,,,,,,,,,,,,,,,,,,,,,,,,,,0.98,2.0,0.13,0.98,1.0,0.2,0.98,3.0,3.65,0.98,1.0,33.25,0.98,1.0,36.91,0.98,1.0,3.95,0.98,3.0,1.71,0.98,2.0,5.66,0.74,2.0,4.65,0.97,5.0,6.31,0.97,3.0,13.59,0.94,2.0,-5.38,0.98,6.0,-0.01,0.98,2.0,0.17,0.98,1.0,0.26,0.97,1.0,1.42,0.97,5.0,-0.1,0.98,1.0,0.44,0.78,1.0,20.55,0.99,9.0,0.43,0.99,10.0,0.41,,,,,,,,,,,,,,,,,,,,,,,,,,,,,,,,,,,,,,,,,,,,,,,,,,,,,,,,,,,,,,,,,,,,,,,,,,,,,,,,,,,,,,,,,,,,,,,,,,,,,,,,,,,,,,,,,,,,,,,,,,,,,,,,,,,,,,,,,,,,,,,,,,,,,,,,,,,,,,,,,,,,,,,,,,,,,,,,,,,,,,,,,,,,,,,,,,,,,,,,,,,,,,,,,,,,,,,,,,,,,,,,,,,,,,,,,,,,,,,,,,,,,,,,,,,,,,,,,,,,,,,,,,,,,,,,,,,,,,,,,,,,,,,,,,,,,,,,,,,,,,,,,,,,,ASSIS AJ,HIGUAIN TUL,159.0,60.0,3anos6meses,59.0,-,WIFI AJ - NELORE,-,225.0,77.0,SEMI-EXTENSIVO
08708,WKF4 ÁRABE,WKF4 ÁRABE,Nelore PO,WKF4,22/09/2018,28.3,,29.35,5.0,29.94,1.0,32.0,1.0,1065.0,42.0,160.0,Fazenda WKF Atalla,William Koury Filho e Carlos Alberto Polato,REM ARMADOR x REM USP,REM ARMADOR,B1772 DA JANDAIA,po; ifert; carcaca-3-estrelas; car; maternal; peso; reprodutivo; semiintensivo,https://loja.crvbrasil.com.br/semen/touros-de-corte-zebu/nelore/wkf4-arabe-nelore,,1.0,0.32,,,,,2.0,4.91,,,,,,,,,,,2.0,2.31,,,,,7.0,-0.62,0.77,5.0,5.57,,,,,,,,6.0,-0.02,,,,,6.0,-0.03,,,,,,,,,,,,,,0.0,0.41,,,,83.0,85.8,9.0,76.0,0.3,16.0,78.0,4.86,3.0,44.0,-0.12,4.0,80.0,44.97,65.0,67.0,-0.055,23.0,56.0,-1.21,3.0,72.0,-0.07,87.0,85.0,15.92,6.0,93.0,26.25,9.0,90.0,31.27,4.0,85.0,1.17,16.0,81.0,83.88,10.0,55.0,55.0,4.34,5.0,54.0,6.1,6.0,534.0,19.0,34.0,12.5,2.0,90.0,1.07,84.0,,,,,,,,,,,,,,,,,,,,,,,,,,,,,,,,,,,,,,,,,,,,,,,,,,,,,,,,,,,,,,,,,,,,,,,,,,,,,,,,,,,,,,,,,,,,,,,,,,,,,,,,,,,,,,,,,,,,,,,,,,,,,,,,,,,,,,,,,,,,,,,,,,,,,,,,,,,,,,,,39.0,4.23,0.5,,-0.01,23.0,38.0,4.42,7.0,39.0,5.89,9.0,19.0,83.34,1.0,24.0,0.45,33.0,64.0,9.75,4.0,28.0,-5.8,17.0,,10.0,0.41,33.0,32.0,3.52,4.0,63.0,13.95,1.0,61.0,1.18,11.0,61.0,0.87,98.0,64.0,23.71,1.0,38.0,1.12,8.0,,7.57,1.0,,12.11,1.0,,,,,,,,,,,,,,,,,,,,,,,,,,,,,,,,,,,,,,,,,,,,,,,,,,,,,,,,,,,,,,,,,,,,,,,,,,,,,,,,,,,,,,,,,,,,,,,,,,,,,,,,,,,,,,,,,,,,,,,,,,,,,,,,,,,,,,,,,,,,,,,,,,,,,,,,,,,,,,,,,,,,,,,,,,,,,,,,,,63.0,2.0,1.361,72.0,1.0,4.804,74.0,1.0,4.467,53.0,1.0,-19.64,56.0,5.0,0.17,74.0,1.0,4.735,80.0,1.0,22.49,84.0,1.0,13.61,76.0,1.0,0.974,44.0,1.0,4.66,86.0,10.0,0.74,28.0,1.0,51.09,83.0,1.0,24.62,74.0,1.0,4.568,16.0,1.0,65.47,,,,,,,,,,,,,,,,,,,,,,,,,,,,,,,,,,,REM USP,REM TORIXOREU,184.0,63.0,3anos7meses,62.0,AIAB1772,WKF4 ÁRABE - NELORE,REMC5326,232.0,82.0,SEMI-INTENSIVO
08864,WKF83 BEIRUTE,WKF83 BEIRUTE,Nelore PO,WKF83,02/09/2019,24.8,,22.11,15.0,19.64,1.0,25.79,4.0,942.0,45.0,160.0,Fazenda WKF Atalla,William Koury Filho e Outros,SHERLOCK MAT x CAMPEÃO DA MN,SHERLOCK MAT,B3931 DA JANDAIA,po; carcaca-4-estrelas; peso; reprodutivo; semiextensivo,https://loja.crvbrasil.com.br/semen/touros-de-corte-zebu/nelore/wkf83-beirute-nelore,,,,,,,,,,,,,,,,,,,,,,,,,,,,,,,,,,,,,,,,,,,,,,,,,,,,,,,,,,,,,,,,53.0,86.03,8.0,63.0,0.82,3.0,66.0,1.73,27.0,38.0,-0.106,6.0,44.0,37.39,98.0,56.0,-0.392,2.0,42.0,-0.85,23.0,62.0,-0.05,76.0,67.0,12.92,13.0,71.0,24.31,11.0,71.0,23.71,13.0,67.0,1.71,6.0,48.0,76.19,23.0,47.0,47.0,1.95,31.0,46.0,3.82,23.0,23.0,2.0,30.0,10.69,5.0,71.0,1.58,96.0,,,,,,,,,,,,,,,,,,,,,,,,,,,,,,,,,,,,,,,,,,,,,,,,,,,,,,,,,,,,,,,,,,,,,,,,,,,,,,,,,,,,,,,,,,,,,,,,,,,,,,,,,,,,,,,,,,,,,,,,,,,,,,,,,,,,,,,,,,,,,,,,,,,,,,,,,,,,,,,,64.0,1.32,29.0,,0.07,99.0,60.0,6.01,2.0,64.0,8.06,2.0,25.0,72.97,5.0,57.0,2.88,0.1,67.0,6.89,13.0,35.0,2.13,71.0,,63.0,1.38,6.0,57.0,0.51,48.0,64.0,10.81,5.0,70.0,1.84,2.0,63.0,1.04,99.0,67.0,17.7,6.0,59.0,0.6,21.0,,3.54,18.0,,6.44,14.0,,,,,,,,,,,,,,,,,,,,,,,,,,,,,,,,,,,,,,,,,,,,,,,,,,,,,,,,,,,,,,,,,,,,,,,,,,,,,,,,,,,,,,,,,,,,,,,,,,,,,,,,,,,,,,,,,,,,,,,,,,,,,,,,,,,,,,,,,,,,,,,,,,,,,,,,,,,,,,,,,,,,,,,,,,,,,,,,,,55.0,1.0,4.847,64.0,1.0,2.497,61.0,1.0,3.243,45.0,4.0,-7.79,57.0,5.0,0.13,61.0,1.0,4.986,64.0,1.0,13.96,66.0,1.0,8.56,63.0,1.0,1.365,52.0,4.0,1.18,69.0,10.0,0.94,32.0,2.0,39.05,66.0,1.0,17.93,61.0,1.0,6.827,27.0,1.0,52.4,,,,,,,,,,,,,,,,,,,,,,,,,,,,,,,,,,,CAMPEÃO DA MN,NEHRU MAT,168.0,59.0,2anos7meses,63.0,AIA B3931,WKF83 BEIRUTE - NELORE,RDM6023,221.0,80.0,SEMI-EXTENSIVO
10648,XAMA COL,XAMÃ COL,Nelore PO,COLM6690,21/10/2022,31.2,,31.89,3.0,31.79,1.0,44.15,0.1,,,,Colonial Agropecuária,Colonial Agropecuária,DIPLOMATA AGRONOVA x IMPONENTE COL,DIPLOMATA AGRONOVA,MAZOLA COL *,po; carcaca-5-estrelas; car; maternal; peso; reprodutivo; semiextensivo,https://loja.crvbrasil.com.br/semen/touros-de-corte-zebu/nelore/xama-col,,,,,,,,,,,,,,,,,,,,,,,,,,,,,,,,,,,,,,,,,,,,,,,,,,,,,,,,,,,,,,,,48.0,83.51,15.0,57.0,0.77,4.0,58.0,5.98,1.0,32.0,-0.107,6.0,37.0,42.48,81.0,47.0,-0.051,23.0,35.0,-1.09,7.0,47.0,0.0,49.0,60.0,15.19,7.0,62.0,27.15,8.0,63.0,28.46,6.0,59.0,1.13,16.0,40.0,87.4,7.0,40.0,40.0,6.46,0.5,39.0,9.53,0.5,9.0,3.0,49.0,12.95,1.0,59.0,1.41,94.0,,,,,,,,,,,,,,,,,,,,,,,,,,,,,,,,,,,,,,,,,,,,,,,,,,,,,,,,,,,,,,,,,,,,,,,,,,,,,,,,,,,,,,,,,,,,,,,,,,,,,,,,,,,,,,,,,,,,,,,,,,,,,,,,,,,,,,,,,,,,,,,,,,,,,,,,,,,,,,,,51.0,6.09,0.1,,0.01,47.0,42.0,6.11,2.0,50.0,10.04,0.5,21.0,91.09,0.5,39.0,1.99,0.5,52.0,14.0,0.5,30.0,-2.59,36.0,,48.0,-0.43,71.0,39.0,5.84,0.1,48.0,15.5,0.5,59.0,0.78,25.0,48.0,0.97,99.0,52.0,29.51,0.5,51.0,1.75,2.0,,10.19,0.1,,16.77,0.1,,,,,,,,,,,,,,,,,,,,,,,,,,,,,,,,,,,,,,,,,,,,,,,,,,,,,,,,,,,,,,,,,,,,,,,,,,,,,,,,,,,,,,,,,,,,,,,,,,,,,,,,,,,,,,,,,,,,,,,,,,,,,,,,,,,,,,,,,,,,,,,,,,,,,,,,,,,,,,,,,,,,,,,,,,,,,,,,,,48.0,1.0,3.749,57.0,1.0,5.747,44.0,1.0,2.075,40.0,2.0,-14.08,47.0,2.0,0.94,44.0,1.0,5.208,57.0,1.0,22.53,58.0,1.0,14.24,56.0,3.0,0.519,47.0,1.0,4.75,59.0,10.0,1.06,25.0,1.0,43.79,59.0,1.0,26.69,44.0,1.0,6.237,18.0,1.0,67.82,,,,,,,,,,,,,,,,,,,,,,,,,,,,,,,,,,,IMPONENTE COL,REM ESPIÃO007,,,-,,COLM2461,XAMA COL - NELORE,FANO2762,,,SEMI-EXTENSIVO
11108,XAROPE COL,XAROPE COL,Nelore PO,COL28890,20/09/2022,33.9,,30.07,4.0,21.98,1.0,32.09,1.0,706.0,39.0,150.0,Colonial Agropecuária,Colonial Agropecuária e Ronaldo B. Disbom,DIPLOMATA AGRONOVA x REAL COL,DIPLOMATA AGRONOVA,UNICA COL,po; ifert; carcaca-4-estrelas; car; pnat; maternal; peso; reprodutivo; semiextensivo,https://loja.crvbrasil.com.br/semen/touros-de-corte-zebu/nelore/xarope-col,,,,,,,,,,,,,,,,,,,,,,,,,,,,,,,,,,,,,,,,,,,,,,,,,,,,,,,,,,,,,,,,53.0,88.06,5.0,60.0,1.36,0.5,63.0,4.09,6.0,36.0,-0.07,23.0,43.0,45.13,64.0,52.0,-0.34,3.0,38.0,-0.86,22.0,53.0,0.03,33.0,60.0,16.61,5.0,63.0,30.31,5.0,66.0,30.61,4.0,63.0,1.43,10.0,45.0,93.84,3.0,42.0,42.0,2.52,21.0,41.0,5.55,8.0,6.0,3.0,41.0,11.89,2.0,61.0,1.17,88.0,,,,,,,,,,,,,,,,,,,,,,,,,,,,,,,,,,,,,,,,,,,,,,,,,,,,,,,,,,,,,,,,,,,,,,,,,,,,,,,,,,,,,,,,,,,,,,,,,,,,,,,,,,,,,,,,,,,,,,,,,,,,,,,,,,,,,,,,,,,,,,,,,,,,,,,,,,,,,,,,56.0,2.7,7.0,,0.05,94.0,47.0,5.27,3.0,55.0,9.14,1.0,23.0,83.81,1.0,44.0,1.54,3.0,57.0,10.08,3.0,34.0,-3.95,27.0,,53.0,0.06,49.0,44.0,2.06,16.0,53.0,12.76,2.0,64.0,0.69,29.0,64.0,0.96,99.0,57.0,22.84,2.0,53.0,2.15,0.5,,5.66,4.0,,10.36,2.0,,,,,,,,,,,,,,,,,,,,,,,,,,,,,,,,,,,,,,,,,,,,,,,,,,,,,,,,,,,,,,,,,,,,,,,,,,,,,,,,,,,,,,,,,,,,,,,,,,,,,,,,,,,,,,,,,,,,,,,,,,,,,,,,,,,,,,,,,,,,,,,,,,,,,,,,,,,,,,,,,,,,,,,,,,,,,,,,,,49.0,1.0,4.501,57.0,1.0,3.716,46.0,1.0,1.952,42.0,3.0,-9.3,49.0,5.0,0.2,46.0,1.0,4.932,58.0,1.0,18.85,59.0,1.0,11.8,57.0,3.0,0.419,49.0,4.0,1.14,63.0,10.0,0.76,27.0,1.0,41.81,59.0,1.0,23.9,46.0,1.0,4.864,15.0,1.0,53.83,,,,,,,,,,,,,,,,,,,,,,,,,,,,,,,,,,,REAL COL,REM ESPIÃO007,154.0,50.0,2 anos e 1 mês,56.0,COL27794,XAROPE COL - NELORE,FANO2762,225.0,80.0,SEMI-EXTENSIVO
08311,ZELO AJ,ZELO AJ,Nelore CEIP,223415AJ,09/11/2015,31.2,,,,,,,,1038.0,40.0,160.0,Agropecuária Jacarezinho,"Agropec Jacarezinho, Estrela do Guaporé e José Francisco F. Micheloni",ASSIS AJ x RM,ASSIS AJ,866506AJ,ceip; ifert; maternal; peso; semiextensivo,https://loja.crvbrasil.com.br/semen/touros-de-corte-zebu/nelore/zelo-aj-nelore,0.98,5.0,0.0,0.98,4.0,0.06,0.98,3.0,3.7,0.98,1.0,35.3,0.98,1.0,39.0,0.98,1.0,4.53,0.98,3.0,1.56,0.98,2.0,6.09,0.97,4.0,0.83,0.98,5.0,5.89,0.98,3.0,11.75,0.97,6.0,1.11,0.98,5.0,0.02,0.98,2.0,0.21,0.98,2.0,0.19,0.98,2.0,0.49,0.98,8.0,0.3,0.98,1.0,0.38,0.98,2.0,9.9,0.99,10.0,0.37,0.99,10.0,0.33,,,,,,,,,,,,,,,,,,,,,,,,,,,,,,,,,,,,,,,,,,,,,,,,,,,,,,,,,,,,,,,,,,,,,,,,,,,,,,,,,,,,,,,,,,,,,,,,,,,,,,,,,,,,,,,,,,,,,,,,,,,,,,,,,,,,,,,,,,,,,,,,,,,,,,,0.98,5.0,0.0,0.98,4.0,0.06,0.98,3.0,3.7,0.98,1.0,35.3,0.98,1.0,39.0,0.98,1.0,4.53,0.98,3.0,1.56,0.98,1.0,6.09,0.75,2.0,3.79,0.98,5.0,5.72,0.98,3.0,11.92,0.97,6.0,1.11,0.98,5.0,0.02,0.98,2.0,0.21,0.98,2.0,0.19,0.98,1.0,0.49,0.98,8.0,0.3,0.98,1.0,0.38,0.98,2.0,9.9,0.99,10.0,0.37,0.99,10.0,0.33,,,,,,,,,,,,,,,,,,,,,,,,,,,,,,,,,,,,,,,,,,,,,,,,,,,,,,,,,,,,,,,,,,,,,,,,,,,,,,,,,,,,,,,,,,,,,,,,,,,,,,,,,,,,,,,,,,,,,,,,,,,,,,,,,,,,,,,,,,,,,,,,,,,,,,,,,,,,,,,,,,,,,,,,,,,,,,,,,,,,,,,,,,,,,,,,,,,,,,,,,,,,,,,,,,,,,,,,,,,,,,,,,,,,,,,,,,,,,,,,,,,,,,,,,,,,,,,,,,,,,,,,,,,,,,,,,,,,,,,,,,,,,,,,,,,,,,,,,,,,,,,,,,,,,RM,DVORAK AJ,178.0,60.0,4anos3meses,67.0,866506AJ,ZELO AJ - NELORE,313910AJ,240.0,81.0,SEMI-EXTENSIVO
09872,ZEUS FM,ZEUS FM,Nelore CEIP,207221FM,26/08/2021,28.3,,,,,,,,750.0,39.0,146.0,Agropecuária Maragogipe,Agropecuária Maragogipe,DAKOTA AJ x CAXAMBU FM,DAKOTA AJ,73319FM,ceip; maternal; novilhas; peso; extensivo,https://loja.crvbrasil.com.br/semen/touros-de-corte-zebu/nelore/zeus-fm-nelore,0.89,2.0,0.11,0.81,1.0,0.2,0.89,3.0,4.47,0.81,1.0,31.15,0.81,1.0,35.62,0.81,1.0,4.1,0.89,2.0,2.76,0.81,1.0,6.86,0.51,3.0,0.95,0.87,2.0,14.0,0.81,1.0,18.52,0.72,3.0,-2.98,0.89,1.0,0.32,0.81,1.0,0.55,0.89,1.0,0.29,0.81,7.0,-0.14,0.89,4.0,-0.15,0.81,1.0,0.5,0.47,1.0,19.35,0.92,6.0,0.51,0.86,6.0,0.5,,,,,,,,,,,,,,,,,,,,,,,,,,,,,,,,,,,,,,,,,,,,,,,,,,,,,,,,,,,,,,,,,,,,,,,,,,,,,,,,,,,,,,,,,,,,,,,,,,,,,,,,,,,,,,,,,,,,,,,,,,,,,,,,,,,,,,,,,,,,,,,,,,,,,,,0.89,2.0,0.11,,,,0.89,2.0,4.47,,,,,,,,,,0.89,2.0,2.76,,,,0.62,6.0,-1.04,0.87,2.0,13.68,,,,,,,0.89,1.0,0.32,,,,0.89,1.0,0.29,,,,,4.0,-0.15,,,,0.47,1.0,19.35,0.92,5.0,0.51,,,,,,,,,,,,,,,,,,,,,,,,,,,,,,,,,,,,,,,,,,,,,,,,,,,,,,,,,,,,,,,,,,,,,,,,,,,,,,,,,,,,,,,,,,,,,,,,,,,,,,,,,,,,,,,,,,,,,,,,,,,,,,,,,,,,,,,,,,,,,,,,,,,,,,,,,,,,,,,,,,,,,,,,,,,,,,,,,,,,,,,,,,,,,,,,,,,,,,,,,,,,,,,,,,,,,,,,,,,,,,,,,,,,,,,,,,,,,,,,,,,,,,,,,,,,,,,,,,,,,,,,,,,,,,,,,,,,,,,,,,,,,,,,,,,,,,,,,,,,,,,,,,,,,,,,CAXAMBU FM,CARDEAL AJ,171.0,57.0,2anos7meses,64.0,-,ZEUS FM - NELORE,793709AJN,219.0,86.0,EXTENSIVO
08474,,,,,,21.8,,,,,,,,,,,,,,,,,https://loja.crvbrasil.com.br/semen/touros-de-corte-zebu/nelore/absoluto-da-agua-fria-nelore,,,,,,,,,,,,,,,,,,,,,,,,,,,,,,,,,,,,,,,,,,,,,,,,,,,,,,,,,,,,,,,,,,,,,,,,,,,,,,,,,,,,,,,,,,,,,,,,,,,,,,,,,,,,,,,,,,,,,,,,,,,,,,,,,,,,,,,,,,,,,,,,,,,,,,,,,,,,,,,,,,,,,,,,,,,,,,,,,,,,,,,,,,,,,,,,,,,,,,,,,,,,,,,,,,,,,,,,,,,,,,,,,,,,,,,,,,,,,,,,,,,,,,,,,,,,,,,,,,,,,,,,,,,,,,,,,,,,,,,,,,,,,,,,,,,,,,,,,,,,,,,,,,,,,,,,,,,,,,,,,,,,,,,,,,,,,,,,,,,,,,,,,,,,,,,,,,,,,,,,,,,,,,,,,,,,,,,,,,,,,,,,,,,,,,,,,,,,,,,,,,,,,,,,,,,,,,,,,,,,,,,,,,,,,,,,,,,,,,,,,,,,,,,,,,,,,,,,,,,,,,,,,,,,,,,,,,,,,,,,,,,,,,,,,,,,,,,,,,,,,,,,,,,,,,,,,,,,,,,,,,,,,,,,,,,,,,,,,,,,,,,,,,,,,,,,,,,,,,,,,,,,,,,,,,,,,,,,,,,,,,,,,,,,,,,,ABSOLUTO DA ÁGUA FRIA - NELORE,,,,
08710,,,,,,35.0,,,,,,,,,,,,,,,,,https://loja.crvbrasil.com.br/semen/touros-de-corte-zebu/nelore/amim-beabisa-nelore,,,,,,,,,,,,,,,,,,,,,,,,,,,,,,,,,,,,,,,,,,,,,,,,,,,,,,,,,,,,,,,,,,,,,,,,,,,,,,,,,,,,,,,,,,,,,,,,,,,,,,,,,,,,,,,,,,,,,,,,,,,,,,,,,,,,,,,,,,,,,,,,,,,,,,,,,,,,,,,,,,,,,,,,,,,,,,,,,,,,,,,,,,,,,,,,,,,,,,,,,,,,,,,,,,,,,,,,,,,,,,,,,,,,,,,,,,,,,,,,,,,,,,,,,,,,,,,,,,,,,,,,,,,,,,,,,,,,,,,,,,,,,,,,,,,,,,,,,,,,,,,,,,,,,,,,,,,,,,,,,,,,,,,,,,,,,,,,,,,,,,,,,,,,,,,,,,,,,,,,,,,,,,,,,,,,,,,,,,,,,,,,,,,,,,,,,,,,,,,,,,,,,,,,,,,,,,,,,,,,,,,,,,,,,,,,,,,,,,,,,,,,,,,,,,,,,,,,,,,,,,,,,,,,,,,,,,,,,,,,,,,,,,,,,,,,,,,,,,,,,,,,,,,,,,,,,,,,,,,,,,,,,,,,,,,,,,,,,,,,,,,,,,,,,,,,,,,,,,,,,,,,,,,,,,,,,,,,,,,,,,,,,,,,,,,,AMIM BEABISA - NELORE,,,,
08886,,,,,,36.5,,,,,,,,,,,,,,,,,https://loja.crvbrasil.com.br/semen/touros-de-corte-zebu/nelore/badalado-da-aymore-nelore,,,,,,,,,,,,,,,,,,,,,,,,,,,,,,,,,,,,,,,,,,,,,,,,,,,,,,,,,,,,,,,,,,,,,,,,,,,,,,,,,,,,,,,,,,,,,,,,,,,,,,,,,,,,,,,,,,,,,,,,,,,,,,,,,,,,,,,,,,,,,,,,,,,,,,,,,,,,,,,,,,,,,,,,,,,,,,,,,,,,,,,,,,,,,,,,,,,,,,,,,,,,,,,,,,,,,,,,,,,,,,,,,,,,,,,,,,,,,,,,,,,,,,,,,,,,,,,,,,,,,,,,,,,,,,,,,,,,,,,,,,,,,,,,,,,,,,,,,,,,,,,,,,,,,,,,,,,,,,,,,,,,,,,,,,,,,,,,,,,,,,,,,,,,,,,,,,,,,,,,,,,,,,,,,,,,,,,,,,,,,,,,,,,,,,,,,,,,,,,,,,,,,,,,,,,,,,,,,,,,,,,,,,,,,,,,,,,,,,,,,,,,,,,,,,,,,,,,,,,,,,,,,,,,,,,,,,,,,,,,,,,,,,,,,,,,,,,,,,,,,,,,,,,,,,,,,,,,,,,,,,,,,,,,,,,,,,,,,,,,,,,,,,,,,,,,,,,,,,,,,,,,,,,,,,,,,,,,,,,,,,,,,,,,,,,,BADALADO DA AYMORE - NELORE,,,,
08965,,,,,,36.5,,,,,,,,,,,,,,,,,https://loja.crvbrasil.com.br/semen/touros-de-corte-zebu/nelore/bombado-7-estrelas-nelore,,,,,,,,,,,,,,,,,,,,,,,,,,,,,,,,,,,,,,,,,,,,,,,,,,,,,,,,,,,,,,,,,,,,,,,,,,,,,,,,,,,,,,,,,,,,,,,,,,,,,,,,,,,,,,,,,,,,,,,,,,,,,,,,,,,,,,,,,,,,,,,,,,,,,,,,,,,,,,,,,,,,,,,,,,,,,,,,,,,,,,,,,,,,,,,,,,,,,,,,,,,,,,,,,,,,,,,,,,,,,,,,,,,,,,,,,,,,,,,,,,,,,,,,,,,,,,,,,,,,,,,,,,,,,,,,,,,,,,,,,,,,,,,,,,,,,,,,,,,,,,,,,,,,,,,,,,,,,,,,,,,,,,,,,,,,,,,,,,,,,,,,,,,,,,,,,,,,,,,,,,,,,,,,,,,,,,,,,,,,,,,,,,,,,,,,,,,,,,,,,,,,,,,,,,,,,,,,,,,,,,,,,,,,,,,,,,,,,,,,,,,,,,,,,,,,,,,,,,,,,,,,,,,,,,,,,,,,,,,,,,,,,,,,,,,,,,,,,,,,,,,,,,,,,,,,,,,,,,,,,,,,,,,,,,,,,,,,,,,,,,,,,,,,,,,,,,,,,,,,,,,,,,,,,,,,,,,,,,,,,,,,,,,,,,,,BOMBADO 7 ESTRELAS - NELORE,,,,
07899,,,,,,25.0,,,,,,,,,,,,,,,,,https://loja.crvbrasil.com.br/semen/touros-de-corte-zebu/nelore/cash-fj-nelore,,,,,,,,,,,,,,,,,,,,,,,,,,,,,,,,,,,,,,,,,,,,,,,,,,,,,,,,,,,,,,,,,,,,,,,,,,,,,,,,,,,,,,,,,,,,,,,,,,,,,,,,,,,,,,,,,,,,,,,,,,,,,,,,,,,,,,,,,,,,,,,,,,,,,,,,,,,,,,,,,,,,,,,,,,,,,,,,,,,,,,,,,,,,,,,,,,,,,,,,,,,,,,,,,,,,,,,,,,,,,,,,,,,,,,,,,,,,,,,,,,,,,,,,,,,,,,,,,,,,,,,,,,,,,,,,,,,,,,,,,,,,,,,,,,,,,,,,,,,,,,,,,,,,,,,,,,,,,,,,,,,,,,,,,,,,,,,,,,,,,,,,,,,,,,,,,,,,,,,,,,,,,,,,,,,,,,,,,,,,,,,,,,,,,,,,,,,,,,,,,,,,,,,,,,,,,,,,,,,,,,,,,,,,,,,,,,,,,,,,,,,,,,,,,,,,,,,,,,,,,,,,,,,,,,,,,,,,,,,,,,,,,,,,,,,,,,,,,,,,,,,,,,,,,,,,,,,,,,,,,,,,,,,,,,,,,,,,,,,,,,,,,,,,,,,,,,,,,,,,,,,,,,,,,,,,,,,,,,,,,,,,,,,,,,,,CASH FJ - NELORE,,,,
08313,,,,,,33.9,,,,,,,,,,,,,,,,,https://loja.crvbrasil.com.br/semen/touros-de-corte-zebu/nelore/cen-fiscal-nelore,,,,,,,,,,,,,,,,,,,,,,,,,,,,,,,,,,,,,,,,,,,,,,,,,,,,,,,,,,,,,,,,,,,,,,,,,,,,,,,,,,,,,,,,,,,,,,,,,,,,,,,,,,,,,,,,,,,,,,,,,,,,,,,,,,,,,,,,,,,,,,,,,,,,,,,,,,,,,,,,,,,,,,,,,,,,,,,,,,,,,,,,,,,,,,,,,,,,,,,,,,,,,,,,,,,,,,,,,,,,,,,,,,,,,,,,,,,,,,,,,,,,,,,,,,,,,,,,,,,,,,,,,,,,,,,,,,,,,,,,,,,,,,,,,,,,,,,,,,,,,,,,,,,,,,,,,,,,,,,,,,,,,,,,,,,,,,,,,,,,,,,,,,,,,,,,,,,,,,,,,,,,,,,,,,,,,,,,,,,,,,,,,,,,,,,,,,,,,,,,,,,,,,,,,,,,,,,,,,,,,,,,,,,,,,,,,,,,,,,,,,,,,,,,,,,,,,,,,,,,,,,,,,,,,,,,,,,,,,,,,,,,,,,,,,,,,,,,,,,,,,,,,,,,,,,,,,,,,,,,,,,,,,,,,,,,,,,,,,,,,,,,,,,,,,,,,,,,,,,,,,,,,,,,,,,,,,,,,,,,,,,,,,,,,,,,CEN FISCAL - NELORE,,,,
08910,CFM HOBBY,CFM HOBBY,Nelore CEIP,PU334919,10/09/2019,18.3,,,,,,,,,,,Agropecuária CFM,Agropecuária CFM,CFM ASTRO x -,CFM ASTRO,PU162515,ceip; novilhas; peso; semiextensivo,https://loja.crvbrasil.com.br/semen/touros-de-corte-zebu/nelore/cfm-hobby-nelore,,,,,,,,,,,,,,,,,,,,,,,,,,,,,,,,,,,,,,,,,,,,,,,,,,,,,,,,,,,,,,,,,,,,,,,,,,,,,,,,,,,,,,,,,,,,,,,,,,,,,,,,,,,,,,,,,,,,,,0.77,0.14,50.0,,11.1,6.0,0.7,0.2,20.0,0.69,11.99,1.0,0.38,0.68,50.0,0.69,0.24,20.0,0.78,15.6,4.0,0.72,0.74,50.0,0.78,1.05,7.0,0.73,-0.03,,0.69,11.84,10.0,0.69,0.23,20.0,,,,,,,,,,,,,,,,,,,,,,,,,,,,,,,,,,,,,,,,,,,,,,,,,,,,,,,,,,,,,,,,,,,,,,,,,,,,,,,,,,,,,,,,,,,,,,,,,,,,,,,,,,,,,,,,,,,,,,,,,,,,,,,,,,,,,,,,,,,,,,,,,,,,,,,,,,,,,,,,,,,,,,,,,,,,,,,,,,,,,,,,,,,,,,,,,,,,,,,,,,,,,,,,,,,,,,,,,,,,,,,,,,,,,,,,,,,,,,,,,,,,,,,,,,,,,,,,,,,,,,,,,,,,,,,,,,,,,,,,,,,,,,,,,,,,,,,,,,,,,,,,,,,,,,,,,,,,,,,,,,,,,,,,,,,,,,,,,,,,,,,,,,,,,,,,,,,,,,,,,,,,,,,,,,,,,,,,,,,,,,,,,,,,,,,,,,,,,,,,,,,,,,,,,,,,,,,,,,,,,,,,,,,,,,,,-,CFM KRISHNA,,,-,,PU162515,CFM HOBBY - NELORE,LGT75212,,,SEMI-EXTENSIVO
08419,,,,,,36.5,,,,,,,,,,,,,,,,,https://loja.crvbrasil.com.br/semen/touros-de-corte-zebu/nelore/conan-mat-nelore,,,,,,,,,,,,,,,,,,,,,,,,,,,,,,,,,,,,,,,,,,,,,,,,,,,,,,,,,,,,,,,,,,,,,,,,,,,,,,,,,,,,,,,,,,,,,,,,,,,,,,,,,,,,,,,,,,,,,,,,,,,,,,,,,,,,,,,,,,,,,,,,,,,,,,,,,,,,,,,,,,,,,,,,,,,,,,,,,,,,,,,,,,,,,,,,,,,,,,,,,,,,,,,,,,,,,,,,,,,,,,,,,,,,,,,,,,,,,,,,,,,,,,,,,,,,,,,,,,,,,,,,,,,,,,,,,,,,,,,,,,,,,,,,,,,,,,,,,,,,,,,,,,,,,,,,,,,,,,,,,,,,,,,,,,,,,,,,,,,,,,,,,,,,,,,,,,,,,,,,,,,,,,,,,,,,,,,,,,,,,,,,,,,,,,,,,,,,,,,,,,,,,,,,,,,,,,,,,,,,,,,,,,,,,,,,,,,,,,,,,,,,,,,,,,,,,,,,,,,,,,,,,,,,,,,,,,,,,,,,,,,,,,,,,,,,,,,,,,,,,,,,,,,,,,,,,,,,,,,,,,,,,,,,,,,,,,,,,,,,,,,,,,,,,,,,,,,,,,,,,,,,,,,,,,,,,,,,,,,,,,,,,,,,,,,,CONAN DA MATINHA - NELORE,,,,
08123,,,,,,25.0,,,,,,,,,,,,,,,,,https://loja.crvbrasil.com.br/semen/touros-de-corte-zebu/nelore/drone-da-cachoeira-nelore,,,,,,,,,,,,,,,,,,,,,,,,,,,,,,,,,,,,,,,,,,,,,,,,,,,,,,,,,,,,,,,,,,,,,,,,,,,,,,,,,,,,,,,,,,,,,,,,,,,,,,,,,,,,,,,,,,,,,,,,,,,,,,,,,,,,,,,,,,,,,,,,,,,,,,,,,,,,,,,,,,,,,,,,,,,,,,,,,,,,,,,,,,,,,,,,,,,,,,,,,,,,,,,,,,,,,,,,,,,,,,,,,,,,,,,,,,,,,,,,,,,,,,,,,,,,,,,,,,,,,,,,,,,,,,,,,,,,,,,,,,,,,,,,,,,,,,,,,,,,,,,,,,,,,,,,,,,,,,,,,,,,,,,,,,,,,,,,,,,,,,,,,,,,,,,,,,,,,,,,,,,,,,,,,,,,,,,,,,,,,,,,,,,,,,,,,,,,,,,,,,,,,,,,,,,,,,,,,,,,,,,,,,,,,,,,,,,,,,,,,,,,,,,,,,,,,,,,,,,,,,,,,,,,,,,,,,,,,,,,,,,,,,,,,,,,,,,,,,,,,,,,,,,,,,,,,,,,,,,,,,,,,,,,,,,,,,,,,,,,,,,,,,,,,,,,,,,,,,,,,,,,,,,,,,,,,,,,,,,,,,,,,,,,,,,,DRONE DA CACHOEIRÃO - NELORE,,,,
08421,,,,,,31.2,,,,,,,,,,,,,,,,,https://loja.crvbrasil.com.br/semen/touros-de-corte-zebu/nelore/furacao-fvc-nelore,,,,,,,,,,,,,,,,,,,,,,,,,,,,,,,,,,,,,,,,,,,,,,,,,,,,,,,,,,,,,,,,,,,,,,,,,,,,,,,,,,,,,,,,,,,,,,,,,,,,,,,,,,,,,,,,,,,,,,,,,,,,,,,,,,,,,,,,,,,,,,,,,,,,,,,,,,,,,,,,,,,,,,,,,,,,,,,,,,,,,,,,,,,,,,,,,,,,,,,,,,,,,,,,,,,,,,,,,,,,,,,,,,,,,,,,,,,,,,,,,,,,,,,,,,,,,,,,,,,,,,,,,,,,,,,,,,,,,,,,,,,,,,,,,,,,,,,,,,,,,,,,,,,,,,,,,,,,,,,,,,,,,,,,,,,,,,,,,,,,,,,,,,,,,,,,,,,,,,,,,,,,,,,,,,,,,,,,,,,,,,,,,,,,,,,,,,,,,,,,,,,,,,,,,,,,,,,,,,,,,,,,,,,,,,,,,,,,,,,,,,,,,,,,,,,,,,,,,,,,,,,,,,,,,,,,,,,,,,,,,,,,,,,,,,,,,,,,,,,,,,,,,,,,,,,,,,,,,,,,,,,,,,,,,,,,,,,,,,,,,,,,,,,,,,,,,,,,,,,,,,,,,,,,,,,,,,,,,,,,,,,,,,,,,,,,FURACÃO FVC - NELORE,,,,
09077,,,,,,28.3,,,,,,,,,,,,,,,,,https://loja.crvbrasil.com.br/semen/touros-de-corte-zebu/nelore/gangster-de-cv-nelore,,,,,,,,,,,,,,,,,,,,,,,,,,,,,,,,,,,,,,,,,,,,,,,,,,,,,,,,,,,,,,,,,,,,,,,,,,,,,,,,,,,,,,,,,,,,,,,,,,,,,,,,,,,,,,,,,,,,,,,,,,,,,,,,,,,,,,,,,,,,,,,,,,,,,,,,,,,,,,,,,,,,,,,,,,,,,,,,,,,,,,,,,,,,,,,,,,,,,,,,,,,,,,,,,,,,,,,,,,,,,,,,,,,,,,,,,,,,,,,,,,,,,,,,,,,,,,,,,,,,,,,,,,,,,,,,,,,,,,,,,,,,,,,,,,,,,,,,,,,,,,,,,,,,,,,,,,,,,,,,,,,,,,,,,,,,,,,,,,,,,,,,,,,,,,,,,,,,,,,,,,,,,,,,,,,,,,,,,,,,,,,,,,,,,,,,,,,,,,,,,,,,,,,,,,,,,,,,,,,,,,,,,,,,,,,,,,,,,,,,,,,,,,,,,,,,,,,,,,,,,,,,,,,,,,,,,,,,,,,,,,,,,,,,,,,,,,,,,,,,,,,,,,,,,,,,,,,,,,,,,,,,,,,,,,,,,,,,,,,,,,,,,,,,,,,,,,,,,,,,,,,,,,,,,,,,,,,,,,,,,,,,,,,,,,,,GANGSTER DE CV - NELORE MOCHO,,,,
08309,,,,,,18.0,,,,,,,,,,,,,,,,,https://loja.crvbrasil.com.br/semen/touros-de-corte-zebu/nelore/gerais-aj-nelore,,,,,,,,,,,,,,,,,,,,,,,,,,,,,,,,,,,,,,,,,,,,,,,,,,,,,,,,,,,,,,,,,,,,,,,,,,,,,,,,,,,,,,,,,,,,,,,,,,,,,,,,,,,,,,,,,,,,,,,,,,,,,,,,,,,,,,,,,,,,,,,,,,,,,,,,,,,,,,,,,,,,,,,,,,,,,,,,,,,,,,,,,,,,,,,,,,,,,,,,,,,,,,,,,,,,,,,,,,,,,,,,,,,,,,,,,,,,,,,,,,,,,,,,,,,,,,,,,,,,,,,,,,,,,,,,,,,,,,,,,,,,,,,,,,,,,,,,,,,,,,,,,,,,,,,,,,,,,,,,,,,,,,,,,,,,,,,,,,,,,,,,,,,,,,,,,,,,,,,,,,,,,,,,,,,,,,,,,,,,,,,,,,,,,,,,,,,,,,,,,,,,,,,,,,,,,,,,,,,,,,,,,,,,,,,,,,,,,,,,,,,,,,,,,,,,,,,,,,,,,,,,,,,,,,,,,,,,,,,,,,,,,,,,,,,,,,,,,,,,,,,,,,,,,,,,,,,,,,,,,,,,,,,,,,,,,,,,,,,,,,,,,,,,,,,,,,,,,,,,,,,,,,,,,,,,,,,,,,,,,,,,,,,,,,,,GERAIS AJ - NELORE,,,,
00346,,,,,,31.2,,,,,,,,,,,,,,,,,https://loja.crvbrasil.com.br/semen/touros-de-corte-zebu/nelore/hoatchi-nelore,,,,,,,,,,,,,,,,,,,,,,,,,,,,,,,,,,,,,,,,,,,,,,,,,,,,,,,,,,,,,,,,,,,,,,,,,,,,,,,,,,,,,,,,,,,,,,,,,,,,,,,,,,,,,,,,,,,,,,,,,,,,,,,,,,,,,,,,,,,,,,,,,,,,,,,,,,,,,,,,,,,,,,,,,,,,,,,,,,,,,,,,,,,,,,,,,,,,,,,,,,,,,,,,,,,,,,,,,,,,,,,,,,,,,,,,,,,,,,,,,,,,,,,,,,,,,,,,,,,,,,,,,,,,,,,,,,,,,,,,,,,,,,,,,,,,,,,,,,,,,,,,,,,,,,,,,,,,,,,,,,,,,,,,,,,,,,,,,,,,,,,,,,,,,,,,,,,,,,,,,,,,,,,,,,,,,,,,,,,,,,,,,,,,,,,,,,,,,,,,,,,,,,,,,,,,,,,,,,,,,,,,,,,,,,,,,,,,,,,,,,,,,,,,,,,,,,,,,,,,,,,,,,,,,,,,,,,,,,,,,,,,,,,,,,,,,,,,,,,,,,,,,,,,,,,,,,,,,,,,,,,,,,,,,,,,,,,,,,,,,,,,,,,,,,,,,,,,,,,,,,,,,,,,,,,,,,,,,,,,,,,,,,,,,,,,HOATCHI - NELORE,,,,
08961,,,,,,55.0,,,,,,,,,,,,,,,,,https://loja.crvbrasil.com.br/semen/touros-de-corte-zebu/nelore/hulk-zeus-nelore,,,,,,,,,,,,,,,,,,,,,,,,,,,,,,,,,,,,,,,,,,,,,,,,,,,,,,,,,,,,,,,,,,,,,,,,,,,,,,,,,,,,,,,,,,,,,,,,,,,,,,,,,,,,,,,,,,,,,,,,,,,,,,,,,,,,,,,,,,,,,,,,,,,,,,,,,,,,,,,,,,,,,,,,,,,,,,,,,,,,,,,,,,,,,,,,,,,,,,,,,,,,,,,,,,,,,,,,,,,,,,,,,,,,,,,,,,,,,,,,,,,,,,,,,,,,,,,,,,,,,,,,,,,,,,,,,,,,,,,,,,,,,,,,,,,,,,,,,,,,,,,,,,,,,,,,,,,,,,,,,,,,,,,,,,,,,,,,,,,,,,,,,,,,,,,,,,,,,,,,,,,,,,,,,,,,,,,,,,,,,,,,,,,,,,,,,,,,,,,,,,,,,,,,,,,,,,,,,,,,,,,,,,,,,,,,,,,,,,,,,,,,,,,,,,,,,,,,,,,,,,,,,,,,,,,,,,,,,,,,,,,,,,,,,,,,,,,,,,,,,,,,,,,,,,,,,,,,,,,,,,,,,,,,,,,,,,,,,,,,,,,,,,,,,,,,,,,,,,,,,,,,,,,,,,,,,,,,,,,,,,,,,,,,,,,,HULK ZEUS - NELORE,,,,
08045,,,,,,18.0,,,,,,,,,,,,,,,,,https://loja.crvbrasil.com.br/semen/touros-de-corte-zebu/nelore/sheik-iaop-nelore,,,,,,,,,,,,,,,,,,,,,,,,,,,,,,,,,,,,,,,,,,,,,,,,,,,,,,,,,,,,,,,,,,,,,,,,,,,,,,,,,,,,,,,,,,,,,,,,,,,,,,,,,,,,,,,,,,,,,,,,,,,,,,,,,,,,,,,,,,,,,,,,,,,,,,,,,,,,,,,,,,,,,,,,,,,,,,,,,,,,,,,,,,,,,,,,,,,,,,,,,,,,,,,,,,,,,,,,,,,,,,,,,,,,,,,,,,,,,,,,,,,,,,,,,,,,,,,,,,,,,,,,,,,,,,,,,,,,,,,,,,,,,,,,,,,,,,,,,,,,,,,,,,,,,,,,,,,,,,,,,,,,,,,,,,,,,,,,,,,,,,,,,,,,,,,,,,,,,,,,,,,,,,,,,,,,,,,,,,,,,,,,,,,,,,,,,,,,,,,,,,,,,,,,,,,,,,,,,,,,,,,,,,,,,,,,,,,,,,,,,,,,,,,,,,,,,,,,,,,,,,,,,,,,,,,,,,,,,,,,,,,,,,,,,,,,,,,,,,,,,,,,,,,,,,,,,,,,,,,,,,,,,,,,,,,,,,,,,,,,,,,,,,,,,,,,,,,,,,,,,,,,,,,,,,,,,,,,,,,,,,,,,,,,,,,,IAOP SHEIK - NELORE,,,,
08429,,,,,,18.7,,,,,,,,,,,,,,,,,https://loja.crvbrasil.com.br/semen/touros-de-corte-zebu/nelore/indio-laja-nelore,,,,,,,,,,,,,,,,,,,,,,,,,,,,,,,,,,,,,,,,,,,,,,,,,,,,,,,,,,,,,,,,,,,,,,,,,,,,,,,,,,,,,,,,,,,,,,,,,,,,,,,,,,,,,,,,,,,,,,,,,,,,,,,,,,,,,,,,,,,,,,,,,,,,,,,,,,,,,,,,,,,,,,,,,,,,,,,,,,,,,,,,,,,,,,,,,,,,,,,,,,,,,,,,,,,,,,,,,,,,,,,,,,,,,,,,,,,,,,,,,,,,,,,,,,,,,,,,,,,,,,,,,,,,,,,,,,,,,,,,,,,,,,,,,,,,,,,,,,,,,,,,,,,,,,,,,,,,,,,,,,,,,,,,,,,,,,,,,,,,,,,,,,,,,,,,,,,,,,,,,,,,,,,,,,,,,,,,,,,,,,,,,,,,,,,,,,,,,,,,,,,,,,,,,,,,,,,,,,,,,,,,,,,,,,,,,,,,,,,,,,,,,,,,,,,,,,,,,,,,,,,,,,,,,,,,,,,,,,,,,,,,,,,,,,,,,,,,,,,,,,,,,,,,,,,,,,,,,,,,,,,,,,,,,,,,,,,,,,,,,,,,,,,,,,,,,,,,,,,,,,,,,,,,,,,,,,,,,,,,,,,,,,,,,,,,INDIO LAJA - NELORE,,,,
07239,,,,,,20.9,,,,,,,,,,,,,,,,,https://loja.crvbrasil.com.br/semen/touros-de-corte-zebu/nelore/interior-nelore,,,,,,,,,,,,,,,,,,,,,,,,,,,,,,,,,,,,,,,,,,,,,,,,,,,,,,,,,,,,,,,,,,,,,,,,,,,,,,,,,,,,,,,,,,,,,,,,,,,,,,,,,,,,,,,,,,,,,,,,,,,,,,,,,,,,,,,,,,,,,,,,,,,,,,,,,,,,,,,,,,,,,,,,,,,,,,,,,,,,,,,,,,,,,,,,,,,,,,,,,,,,,,,,,,,,,,,,,,,,,,,,,,,,,,,,,,,,,,,,,,,,,,,,,,,,,,,,,,,,,,,,,,,,,,,,,,,,,,,,,,,,,,,,,,,,,,,,,,,,,,,,,,,,,,,,,,,,,,,,,,,,,,,,,,,,,,,,,,,,,,,,,,,,,,,,,,,,,,,,,,,,,,,,,,,,,,,,,,,,,,,,,,,,,,,,,,,,,,,,,,,,,,,,,,,,,,,,,,,,,,,,,,,,,,,,,,,,,,,,,,,,,,,,,,,,,,,,,,,,,,,,,,,,,,,,,,,,,,,,,,,,,,,,,,,,,,,,,,,,,,,,,,,,,,,,,,,,,,,,,,,,,,,,,,,,,,,,,,,,,,,,,,,,,,,,,,,,,,,,,,,,,,,,,,,,,,,,,,,,,,,,,,,,,,,,INTERIOR - NELORE,,,,
08211,,,,,,17.6,,,,,,,,,,,,,,,,,https://loja.crvbrasil.com.br/semen/touros-de-corte-zebu/nelore/janon-da-peca-rara-nelore,,,,,,,,,,,,,,,,,,,,,,,,,,,,,,,,,,,,,,,,,,,,,,,,,,,,,,,,,,,,,,,,,,,,,,,,,,,,,,,,,,,,,,,,,,,,,,,,,,,,,,,,,,,,,,,,,,,,,,,,,,,,,,,,,,,,,,,,,,,,,,,,,,,,,,,,,,,,,,,,,,,,,,,,,,,,,,,,,,,,,,,,,,,,,,,,,,,,,,,,,,,,,,,,,,,,,,,,,,,,,,,,,,,,,,,,,,,,,,,,,,,,,,,,,,,,,,,,,,,,,,,,,,,,,,,,,,,,,,,,,,,,,,,,,,,,,,,,,,,,,,,,,,,,,,,,,,,,,,,,,,,,,,,,,,,,,,,,,,,,,,,,,,,,,,,,,,,,,,,,,,,,,,,,,,,,,,,,,,,,,,,,,,,,,,,,,,,,,,,,,,,,,,,,,,,,,,,,,,,,,,,,,,,,,,,,,,,,,,,,,,,,,,,,,,,,,,,,,,,,,,,,,,,,,,,,,,,,,,,,,,,,,,,,,,,,,,,,,,,,,,,,,,,,,,,,,,,,,,,,,,,,,,,,,,,,,,,,,,,,,,,,,,,,,,,,,,,,,,,,,,,,,,,,,,,,,,,,,,,,,,,,,,,,,,,,JANON DA PEÇA RARA - NELORE,,,,
08017,,,,,,22.8,,,,,,,,,,,,,,,,,https://loja.crvbrasil.com.br/semen/touros-de-corte-zebu/nelore/jquest-aj-nelore,,,,,,,,,,,,,,,,,,,,,,,,,,,,,,,,,,,,,,,,,,,,,,,,,,,,,,,,,,,,,,,,,,,,,,,,,,,,,,,,,,,,,,,,,,,,,,,,,,,,,,,,,,,,,,,,,,,,,,,,,,,,,,,,,,,,,,,,,,,,,,,,,,,,,,,,,,,,,,,,,,,,,,,,,,,,,,,,,,,,,,,,,,,,,,,,,,,,,,,,,,,,,,,,,,,,,,,,,,,,,,,,,,,,,,,,,,,,,,,,,,,,,,,,,,,,,,,,,,,,,,,,,,,,,,,,,,,,,,,,,,,,,,,,,,,,,,,,,,,,,,,,,,,,,,,,,,,,,,,,,,,,,,,,,,,,,,,,,,,,,,,,,,,,,,,,,,,,,,,,,,,,,,,,,,,,,,,,,,,,,,,,,,,,,,,,,,,,,,,,,,,,,,,,,,,,,,,,,,,,,,,,,,,,,,,,,,,,,,,,,,,,,,,,,,,,,,,,,,,,,,,,,,,,,,,,,,,,,,,,,,,,,,,,,,,,,,,,,,,,,,,,,,,,,,,,,,,,,,,,,,,,,,,,,,,,,,,,,,,,,,,,,,,,,,,,,,,,,,,,,,,,,,,,,,,,,,,,,,,,,,,,,,,,,,,,JQUEST AJ - NELORE,,,,
08210,,,,,,36.5,,,,,,,,,,,,,,,,,https://loja.crvbrasil.com.br/semen/touros-de-corte-zebu/nelore/jubileu-da-peca-rara-nelore,,,,,,,,,,,,,,,,,,,,,,,,,,,,,,,,,,,,,,,,,,,,,,,,,,,,,,,,,,,,,,,,,,,,,,,,,,,,,,,,,,,,,,,,,,,,,,,,,,,,,,,,,,,,,,,,,,,,,,,,,,,,,,,,,,,,,,,,,,,,,,,,,,,,,,,,,,,,,,,,,,,,,,,,,,,,,,,,,,,,,,,,,,,,,,,,,,,,,,,,,,,,,,,,,,,,,,,,,,,,,,,,,,,,,,,,,,,,,,,,,,,,,,,,,,,,,,,,,,,,,,,,,,,,,,,,,,,,,,,,,,,,,,,,,,,,,,,,,,,,,,,,,,,,,,,,,,,,,,,,,,,,,,,,,,,,,,,,,,,,,,,,,,,,,,,,,,,,,,,,,,,,,,,,,,,,,,,,,,,,,,,,,,,,,,,,,,,,,,,,,,,,,,,,,,,,,,,,,,,,,,,,,,,,,,,,,,,,,,,,,,,,,,,,,,,,,,,,,,,,,,,,,,,,,,,,,,,,,,,,,,,,,,,,,,,,,,,,,,,,,,,,,,,,,,,,,,,,,,,,,,,,,,,,,,,,,,,,,,,,,,,,,,,,,,,,,,,,,,,,,,,,,,,,,,,,,,,,,,,,,,,,,,,,,,,,JUBILEU DA PEÇA RARA  - Nelore,,,,
07867,,,,,,157.5,,,,,,,,,,,,,,,,,https://loja.crvbrasil.com.br/semen/touros-de-corte-zebu/nelore/lanchudo-da-di-genio-nelore,,,,,,,,,,,,,,,,,,,,,,,,,,,,,,,,,,,,,,,,,,,,,,,,,,,,,,,,,,,,,,,,,,,,,,,,,,,,,,,,,,,,,,,,,,,,,,,,,,,,,,,,,,,,,,,,,,,,,,,,,,,,,,,,,,,,,,,,,,,,,,,,,,,,,,,,,,,,,,,,,,,,,,,,,,,,,,,,,,,,,,,,,,,,,,,,,,,,,,,,,,,,,,,,,,,,,,,,,,,,,,,,,,,,,,,,,,,,,,,,,,,,,,,,,,,,,,,,,,,,,,,,,,,,,,,,,,,,,,,,,,,,,,,,,,,,,,,,,,,,,,,,,,,,,,,,,,,,,,,,,,,,,,,,,,,,,,,,,,,,,,,,,,,,,,,,,,,,,,,,,,,,,,,,,,,,,,,,,,,,,,,,,,,,,,,,,,,,,,,,,,,,,,,,,,,,,,,,,,,,,,,,,,,,,,,,,,,,,,,,,,,,,,,,,,,,,,,,,,,,,,,,,,,,,,,,,,,,,,,,,,,,,,,,,,,,,,,,,,,,,,,,,,,,,,,,,,,,,,,,,,,,,,,,,,,,,,,,,,,,,,,,,,,,,,,,,,,,,,,,,,,,,,,,,,,,,,,,,,,,,,,,,,,,,,,,LANCHUDO DA DI GENIO - NELORE,,,,
08247,,,,,,2400.0,,,,,,,,,,,,,,,,,https://loja.crvbrasil.com.br/semen/touros-de-corte-zebu/nelore/landau-nelore,,,,,,,,,,,,,,,,,,,,,,,,,,,,,,,,,,,,,,,,,,,,,,,,,,,,,,,,,,,,,,,,,,,,,,,,,,,,,,,,,,,,,,,,,,,,,,,,,,,,,,,,,,,,,,,,,,,,,,,,,,,,,,,,,,,,,,,,,,,,,,,,,,,,,,,,,,,,,,,,,,,,,,,,,,,,,,,,,,,,,,,,,,,,,,,,,,,,,,,,,,,,,,,,,,,,,,,,,,,,,,,,,,,,,,,,,,,,,,,,,,,,,,,,,,,,,,,,,,,,,,,,,,,,,,,,,,,,,,,,,,,,,,,,,,,,,,,,,,,,,,,,,,,,,,,,,,,,,,,,,,,,,,,,,,,,,,,,,,,,,,,,,,,,,,,,,,,,,,,,,,,,,,,,,,,,,,,,,,,,,,,,,,,,,,,,,,,,,,,,,,,,,,,,,,,,,,,,,,,,,,,,,,,,,,,,,,,,,,,,,,,,,,,,,,,,,,,,,,,,,,,,,,,,,,,,,,,,,,,,,,,,,,,,,,,,,,,,,,,,,,,,,,,,,,,,,,,,,,,,,,,,,,,,,,,,,,,,,,,,,,,,,,,,,,,,,,,,,,,,,,,,,,,,,,,,,,,,,,,,,,,,,,,,,,,,LANDAU DA DI GENIO - NELORE,,,,
07985,,,,,,22.8,,,,,,,,,,,,,,,,,https://loja.crvbrasil.com.br/semen/touros-de-corte-zebu/nelore/layout-nelore,,,,,,,,,,,,,,,,,,,,,,,,,,,,,,,,,,,,,,,,,,,,,,,,,,,,,,,,,,,,,,,,,,,,,,,,,,,,,,,,,,,,,,,,,,,,,,,,,,,,,,,,,,,,,,,,,,,,,,,,,,,,,,,,,,,,,,,,,,,,,,,,,,,,,,,,,,,,,,,,,,,,,,,,,,,,,,,,,,,,,,,,,,,,,,,,,,,,,,,,,,,,,,,,,,,,,,,,,,,,,,,,,,,,,,,,,,,,,,,,,,,,,,,,,,,,,,,,,,,,,,,,,,,,,,,,,,,,,,,,,,,,,,,,,,,,,,,,,,,,,,,,,,,,,,,,,,,,,,,,,,,,,,,,,,,,,,,,,,,,,,,,,,,,,,,,,,,,,,,,,,,,,,,,,,,,,,,,,,,,,,,,,,,,,,,,,,,,,,,,,,,,,,,,,,,,,,,,,,,,,,,,,,,,,,,,,,,,,,,,,,,,,,,,,,,,,,,,,,,,,,,,,,,,,,,,,,,,,,,,,,,,,,,,,,,,,,,,,,,,,,,,,,,,,,,,,,,,,,,,,,,,,,,,,,,,,,,,,,,,,,,,,,,,,,,,,,,,,,,,,,,,,,,,,,,,,,,,,,,,,,,,,,,,,,,,LAYOUT - NELORE,,,,
04218,,,,,,35.0,,,,,,,,,,,,,,,,,https://loja.crvbrasil.com.br/semen/touros-de-corte-zebu/nelore/macegal-do-iz-nelore,,,,,,,,,,,,,,,,,,,,,,,,,,,,,,,,,,,,,,,,,,,,,,,,,,,,,,,,,,,,,,,,,,,,,,,,,,,,,,,,,,,,,,,,,,,,,,,,,,,,,,,,,,,,,,,,,,,,,,,,,,,,,,,,,,,,,,,,,,,,,,,,,,,,,,,,,,,,,,,,,,,,,,,,,,,,,,,,,,,,,,,,,,,,,,,,,,,,,,,,,,,,,,,,,,,,,,,,,,,,,,,,,,,,,,,,,,,,,,,,,,,,,,,,,,,,,,,,,,,,,,,,,,,,,,,,,,,,,,,,,,,,,,,,,,,,,,,,,,,,,,,,,,,,,,,,,,,,,,,,,,,,,,,,,,,,,,,,,,,,,,,,,,,,,,,,,,,,,,,,,,,,,,,,,,,,,,,,,,,,,,,,,,,,,,,,,,,,,,,,,,,,,,,,,,,,,,,,,,,,,,,,,,,,,,,,,,,,,,,,,,,,,,,,,,,,,,,,,,,,,,,,,,,,,,,,,,,,,,,,,,,,,,,,,,,,,,,,,,,,,,,,,,,,,,,,,,,,,,,,,,,,,,,,,,,,,,,,,,,,,,,,,,,,,,,,,,,,,,,,,,,,,,,,,,,,,,,,,,,,,,,,,,,,,,,,MACEGAL DO IZ - NELORE,,,,
08901,,,,,,29.8,,,,,,,,,,,,,,,,,https://loja.crvbrasil.com.br/semen/touros-de-corte-zebu/nelore/mandil-da-onix-nelore,,,,,,,,,,,,,,,,,,,,,,,,,,,,,,,,,,,,,,,,,,,,,,,,,,,,,,,,,,,,,,,,,,,,,,,,,,,,,,,,,,,,,,,,,,,,,,,,,,,,,,,,,,,,,,,,,,,,,,,,,,,,,,,,,,,,,,,,,,,,,,,,,,,,,,,,,,,,,,,,,,,,,,,,,,,,,,,,,,,,,,,,,,,,,,,,,,,,,,,,,,,,,,,,,,,,,,,,,,,,,,,,,,,,,,,,,,,,,,,,,,,,,,,,,,,,,,,,,,,,,,,,,,,,,,,,,,,,,,,,,,,,,,,,,,,,,,,,,,,,,,,,,,,,,,,,,,,,,,,,,,,,,,,,,,,,,,,,,,,,,,,,,,,,,,,,,,,,,,,,,,,,,,,,,,,,,,,,,,,,,,,,,,,,,,,,,,,,,,,,,,,,,,,,,,,,,,,,,,,,,,,,,,,,,,,,,,,,,,,,,,,,,,,,,,,,,,,,,,,,,,,,,,,,,,,,,,,,,,,,,,,,,,,,,,,,,,,,,,,,,,,,,,,,,,,,,,,,,,,,,,,,,,,,,,,,,,,,,,,,,,,,,,,,,,,,,,,,,,,,,,,,,,,,,,,,,,,,,,,,,,,,,,,,,,,,MANDIL DA ONIX - NELORE,,,,
07847,,,,,,35.0,,,,,,,,,,,,,,,,,https://loja.crvbrasil.com.br/semen/touros-de-corte-zebu/nelore/maranhao-nelore,,,,,,,,,,,,,,,,,,,,,,,,,,,,,,,,,,,,,,,,,,,,,,,,,,,,,,,,,,,,,,,,,,,,,,,,,,,,,,,,,,,,,,,,,,,,,,,,,,,,,,,,,,,,,,,,,,,,,,,,,,,,,,,,,,,,,,,,,,,,,,,,,,,,,,,,,,,,,,,,,,,,,,,,,,,,,,,,,,,,,,,,,,,,,,,,,,,,,,,,,,,,,,,,,,,,,,,,,,,,,,,,,,,,,,,,,,,,,,,,,,,,,,,,,,,,,,,,,,,,,,,,,,,,,,,,,,,,,,,,,,,,,,,,,,,,,,,,,,,,,,,,,,,,,,,,,,,,,,,,,,,,,,,,,,,,,,,,,,,,,,,,,,,,,,,,,,,,,,,,,,,,,,,,,,,,,,,,,,,,,,,,,,,,,,,,,,,,,,,,,,,,,,,,,,,,,,,,,,,,,,,,,,,,,,,,,,,,,,,,,,,,,,,,,,,,,,,,,,,,,,,,,,,,,,,,,,,,,,,,,,,,,,,,,,,,,,,,,,,,,,,,,,,,,,,,,,,,,,,,,,,,,,,,,,,,,,,,,,,,,,,,,,,,,,,,,,,,,,,,,,,,,,,,,,,,,,,,,,,,,,,,,,,,,,,,MARANHÃO BONS - NELORE,,,,
08469,,,,,,19.9,,,,,,,,,,,,,,,,,https://loja.crvbrasil.com.br/semen/touros-de-corte-zebu/nelore/mitto-da-eao-nelore,,,,,,,,,,,,,,,,,,,,,,,,,,,,,,,,,,,,,,,,,,,,,,,,,,,,,,,,,,,,,,,,,,,,,,,,,,,,,,,,,,,,,,,,,,,,,,,,,,,,,,,,,,,,,,,,,,,,,,,,,,,,,,,,,,,,,,,,,,,,,,,,,,,,,,,,,,,,,,,,,,,,,,,,,,,,,,,,,,,,,,,,,,,,,,,,,,,,,,,,,,,,,,,,,,,,,,,,,,,,,,,,,,,,,,,,,,,,,,,,,,,,,,,,,,,,,,,,,,,,,,,,,,,,,,,,,,,,,,,,,,,,,,,,,,,,,,,,,,,,,,,,,,,,,,,,,,,,,,,,,,,,,,,,,,,,,,,,,,,,,,,,,,,,,,,,,,,,,,,,,,,,,,,,,,,,,,,,,,,,,,,,,,,,,,,,,,,,,,,,,,,,,,,,,,,,,,,,,,,,,,,,,,,,,,,,,,,,,,,,,,,,,,,,,,,,,,,,,,,,,,,,,,,,,,,,,,,,,,,,,,,,,,,,,,,,,,,,,,,,,,,,,,,,,,,,,,,,,,,,,,,,,,,,,,,,,,,,,,,,,,,,,,,,,,,,,,,,,,,,,,,,,,,,,,,,,,,,,,,,,,,,,,,,,,,,MITTO DA EAO -  NELORE,,,,
08258,,,,,,29.3,,,,,,,,,,,,,,,,,https://loja.crvbrasil.com.br/semen/touros-de-corte-zebu/nelore/muscat-fiv-stm-nelore,,,,,,,,,,,,,,,,,,,,,,,,,,,,,,,,,,,,,,,,,,,,,,,,,,,,,,,,,,,,,,,,,,,,,,,,,,,,,,,,,,,,,,,,,,,,,,,,,,,,,,,,,,,,,,,,,,,,,,,,,,,,,,,,,,,,,,,,,,,,,,,,,,,,,,,,,,,,,,,,,,,,,,,,,,,,,,,,,,,,,,,,,,,,,,,,,,,,,,,,,,,,,,,,,,,,,,,,,,,,,,,,,,,,,,,,,,,,,,,,,,,,,,,,,,,,,,,,,,,,,,,,,,,,,,,,,,,,,,,,,,,,,,,,,,,,,,,,,,,,,,,,,,,,,,,,,,,,,,,,,,,,,,,,,,,,,,,,,,,,,,,,,,,,,,,,,,,,,,,,,,,,,,,,,,,,,,,,,,,,,,,,,,,,,,,,,,,,,,,,,,,,,,,,,,,,,,,,,,,,,,,,,,,,,,,,,,,,,,,,,,,,,,,,,,,,,,,,,,,,,,,,,,,,,,,,,,,,,,,,,,,,,,,,,,,,,,,,,,,,,,,,,,,,,,,,,,,,,,,,,,,,,,,,,,,,,,,,,,,,,,,,,,,,,,,,,,,,,,,,,,,,,,,,,,,,,,,,,,,,,,,,,,,,,,,,MUSCAT STM - NELORE,,,,
08464,,,,,,28.0,,,,,,,,,,,,,,,,,https://loja.crvbrasil.com.br/semen/touros-de-corte-zebu/nelore/naipe-ka-nelore,,,,,,,,,,,,,,,,,,,,,,,,,,,,,,,,,,,,,,,,,,,,,,,,,,,,,,,,,,,,,,,,,,,,,,,,,,,,,,,,,,,,,,,,,,,,,,,,,,,,,,,,,,,,,,,,,,,,,,,,,,,,,,,,,,,,,,,,,,,,,,,,,,,,,,,,,,,,,,,,,,,,,,,,,,,,,,,,,,,,,,,,,,,,,,,,,,,,,,,,,,,,,,,,,,,,,,,,,,,,,,,,,,,,,,,,,,,,,,,,,,,,,,,,,,,,,,,,,,,,,,,,,,,,,,,,,,,,,,,,,,,,,,,,,,,,,,,,,,,,,,,,,,,,,,,,,,,,,,,,,,,,,,,,,,,,,,,,,,,,,,,,,,,,,,,,,,,,,,,,,,,,,,,,,,,,,,,,,,,,,,,,,,,,,,,,,,,,,,,,,,,,,,,,,,,,,,,,,,,,,,,,,,,,,,,,,,,,,,,,,,,,,,,,,,,,,,,,,,,,,,,,,,,,,,,,,,,,,,,,,,,,,,,,,,,,,,,,,,,,,,,,,,,,,,,,,,,,,,,,,,,,,,,,,,,,,,,,,,,,,,,,,,,,,,,,,,,,,,,,,,,,,,,,,,,,,,,,,,,,,,,,,,,,,,,,NAIPE KA - NELORE,,,,
08463,,,,,,15.8,,,,,,,,,,,,,,,,,https://loja.crvbrasil.com.br/semen/touros-de-corte-zebu/nelore/nero-ka-nelore,,,,,,,,,,,,,,,,,,,,,,,,,,,,,,,,,,,,,,,,,,,,,,,,,,,,,,,,,,,,,,,,,,,,,,,,,,,,,,,,,,,,,,,,,,,,,,,,,,,,,,,,,,,,,,,,,,,,,,,,,,,,,,,,,,,,,,,,,,,,,,,,,,,,,,,,,,,,,,,,,,,,,,,,,,,,,,,,,,,,,,,,,,,,,,,,,,,,,,,,,,,,,,,,,,,,,,,,,,,,,,,,,,,,,,,,,,,,,,,,,,,,,,,,,,,,,,,,,,,,,,,,,,,,,,,,,,,,,,,,,,,,,,,,,,,,,,,,,,,,,,,,,,,,,,,,,,,,,,,,,,,,,,,,,,,,,,,,,,,,,,,,,,,,,,,,,,,,,,,,,,,,,,,,,,,,,,,,,,,,,,,,,,,,,,,,,,,,,,,,,,,,,,,,,,,,,,,,,,,,,,,,,,,,,,,,,,,,,,,,,,,,,,,,,,,,,,,,,,,,,,,,,,,,,,,,,,,,,,,,,,,,,,,,,,,,,,,,,,,,,,,,,,,,,,,,,,,,,,,,,,,,,,,,,,,,,,,,,,,,,,,,,,,,,,,,,,,,,,,,,,,,,,,,,,,,,,,,,,,,,,,,,,,,,,,,NERO KA - NELORE,,,,
08872,,,,,,25.0,,,,,,,,,,,,,,,,,https://loja.crvbrasil.com.br/semen/touros-de-corte-zebu/nelore/olimpho-ka-nelore,,,,,,,,,,,,,,,,,,,,,,,,,,,,,,,,,,,,,,,,,,,,,,,,,,,,,,,,,,,,,,,,,,,,,,,,,,,,,,,,,,,,,,,,,,,,,,,,,,,,,,,,,,,,,,,,,,,,,,,,,,,,,,,,,,,,,,,,,,,,,,,,,,,,,,,,,,,,,,,,,,,,,,,,,,,,,,,,,,,,,,,,,,,,,,,,,,,,,,,,,,,,,,,,,,,,,,,,,,,,,,,,,,,,,,,,,,,,,,,,,,,,,,,,,,,,,,,,,,,,,,,,,,,,,,,,,,,,,,,,,,,,,,,,,,,,,,,,,,,,,,,,,,,,,,,,,,,,,,,,,,,,,,,,,,,,,,,,,,,,,,,,,,,,,,,,,,,,,,,,,,,,,,,,,,,,,,,,,,,,,,,,,,,,,,,,,,,,,,,,,,,,,,,,,,,,,,,,,,,,,,,,,,,,,,,,,,,,,,,,,,,,,,,,,,,,,,,,,,,,,,,,,,,,,,,,,,,,,,,,,,,,,,,,,,,,,,,,,,,,,,,,,,,,,,,,,,,,,,,,,,,,,,,,,,,,,,,,,,,,,,,,,,,,,,,,,,,,,,,,,,,,,,,,,,,,,,,,,,,,,,,,,,,,,,,,OLIMPHO KA - NELORE,,,,
08437,,,,,,20.4,,,,,,,,,,,,,,,,,https://loja.crvbrasil.com.br/semen/touros-de-corte-zebu/nelore/ologunan-fiv-da-dica-nelore,,,,,,,,,,,,,,,,,,,,,,,,,,,,,,,,,,,,,,,,,,,,,,,,,,,,,,,,,,,,,,,,,,,,,,,,,,,,,,,,,,,,,,,,,,,,,,,,,,,,,,,,,,,,,,,,,,,,,,,,,,,,,,,,,,,,,,,,,,,,,,,,,,,,,,,,,,,,,,,,,,,,,,,,,,,,,,,,,,,,,,,,,,,,,,,,,,,,,,,,,,,,,,,,,,,,,,,,,,,,,,,,,,,,,,,,,,,,,,,,,,,,,,,,,,,,,,,,,,,,,,,,,,,,,,,,,,,,,,,,,,,,,,,,,,,,,,,,,,,,,,,,,,,,,,,,,,,,,,,,,,,,,,,,,,,,,,,,,,,,,,,,,,,,,,,,,,,,,,,,,,,,,,,,,,,,,,,,,,,,,,,,,,,,,,,,,,,,,,,,,,,,,,,,,,,,,,,,,,,,,,,,,,,,,,,,,,,,,,,,,,,,,,,,,,,,,,,,,,,,,,,,,,,,,,,,,,,,,,,,,,,,,,,,,,,,,,,,,,,,,,,,,,,,,,,,,,,,,,,,,,,,,,,,,,,,,,,,,,,,,,,,,,,,,,,,,,,,,,,,,,,,,,,,,,,,,,,,,,,,,,,,,,,,,,,,OLOGUNAN DA DICA - NELORE,,,,
08288,,,,,,27.3,,,,,,,,,,,,,,,,,https://loja.crvbrasil.com.br/semen/touros-de-corte-zebu/nelore/orpheu-nelore,,,,,,,,,,,,,,,,,,,,,,,,,,,,,,,,,,,,,,,,,,,,,,,,,,,,,,,,,,,,,,,,,,,,,,,,,,,,,,,,,,,,,,,,,,,,,,,,,,,,,,,,,,,,,,,,,,,,,,,,,,,,,,,,,,,,,,,,,,,,,,,,,,,,,,,,,,,,,,,,,,,,,,,,,,,,,,,,,,,,,,,,,,,,,,,,,,,,,,,,,,,,,,,,,,,,,,,,,,,,,,,,,,,,,,,,,,,,,,,,,,,,,,,,,,,,,,,,,,,,,,,,,,,,,,,,,,,,,,,,,,,,,,,,,,,,,,,,,,,,,,,,,,,,,,,,,,,,,,,,,,,,,,,,,,,,,,,,,,,,,,,,,,,,,,,,,,,,,,,,,,,,,,,,,,,,,,,,,,,,,,,,,,,,,,,,,,,,,,,,,,,,,,,,,,,,,,,,,,,,,,,,,,,,,,,,,,,,,,,,,,,,,,,,,,,,,,,,,,,,,,,,,,,,,,,,,,,,,,,,,,,,,,,,,,,,,,,,,,,,,,,,,,,,,,,,,,,,,,,,,,,,,,,,,,,,,,,,,,,,,,,,,,,,,,,,,,,,,,,,,,,,,,,,,,,,,,,,,,,,,,,,,,,,,,,,ORPHEU - NELORE,,,,
09067,,,,,,28.3,,,,,,,,,,,,,,,,,https://loja.crvbrasil.com.br/semen/touros-de-corte-zebu/nelore/osiris-ka-nelore,,,,,,,,,,,,,,,,,,,,,,,,,,,,,,,,,,,,,,,,,,,,,,,,,,,,,,,,,,,,,,,,,,,,,,,,,,,,,,,,,,,,,,,,,,,,,,,,,,,,,,,,,,,,,,,,,,,,,,,,,,,,,,,,,,,,,,,,,,,,,,,,,,,,,,,,,,,,,,,,,,,,,,,,,,,,,,,,,,,,,,,,,,,,,,,,,,,,,,,,,,,,,,,,,,,,,,,,,,,,,,,,,,,,,,,,,,,,,,,,,,,,,,,,,,,,,,,,,,,,,,,,,,,,,,,,,,,,,,,,,,,,,,,,,,,,,,,,,,,,,,,,,,,,,,,,,,,,,,,,,,,,,,,,,,,,,,,,,,,,,,,,,,,,,,,,,,,,,,,,,,,,,,,,,,,,,,,,,,,,,,,,,,,,,,,,,,,,,,,,,,,,,,,,,,,,,,,,,,,,,,,,,,,,,,,,,,,,,,,,,,,,,,,,,,,,,,,,,,,,,,,,,,,,,,,,,,,,,,,,,,,,,,,,,,,,,,,,,,,,,,,,,,,,,,,,,,,,,,,,,,,,,,,,,,,,,,,,,,,,,,,,,,,,,,,,,,,,,,,,,,,,,,,,,,,,,,,,,,,,,,,,,,,,,,,,OSIRIS KA - NELORE,,,,
11283,PAINT ALADO MR,PAINT ALADO MR,Nelore CEIP,C 349,26/02/2022,31.2,,,,,,,,626.0,40.0,146.0,MR Agropecuária,MR Agropecuária,ABRAAO PTZ x CATALAO PA,ABRAAO PTZ,P445 D024517,ceip; ifert; peso; semiextensivo,https://loja.crvbrasil.com.br/semen/touros-de-corte-zebu/nelore/paint-alado-nelore,0.93,1.0,0.35,,,,0.93,1.0,13.09,,,,,,,,,,0.93,1.0,5.42,,,,0.51,10.0,-2.2,0.93,1.0,20.88,,,,,,,0.93,1.0,0.28,,,,0.93,1.0,0.24,,,,0.91,10.0,0.94,,,,0.38,1.0,11.61,0.94,6.0,0.5,,,,,,,,,,,,,,,,,,,,,,,,,,,,,,,,,,,,,,,,,,,,,,,,,,,,,,,,,,,,,,,,,,,,,,,,,,,,,,,,,,,,,,,,,,,,,,,,,,,,,,,,,,,,,,,,,,,,,,,,,,,,,,,,,,,,,,,,,,,,,,,,,,,,,,,,,,,,,,,,,,,,,,,,,,,,,,,,,,,,,,,,,,,,,,,,,,,,,,,,,,,,,,,,,,,,,,,,,,,,,,,,,,,,,,,,,,,,,,,,,,,,,,,,,,,,,,,,,,,,,,,,,,,,,,,,,,,,,,,,,,,,,,,,,,,,,,,,,,,,,,,,,,,,,,,,,,,,,,,,,,,,,,,,,,,,,,,,,,,,,,,,,,,,,,,,,,,,,,,,,,0.77,1.0,3.37,3.18,,,,,0.77,1.0,205.96,1.77,,,,,,,,,,,,,,1.0,18.85,1.16,,,,,0.46,1.0,889.75,4.22,0.77,1.0,3.29,2.0,,,,,0.77,1.0,3.23,1.6,,,,,,,,,0.77,10.0,296.02,-1.92,0.72,10.0,30.88,-1.69,,,,,,3.0,11.61,0.76,,,,,0.77,4.0,1.98,0.18,,,,,,,,,,,,,,,,,,,,,,,,,,,,,,,,,,,,,,,,,,,,,,,,,,,,,,,,,,,,,,,,,,,,,,,,,,,,,,,,,,,,CATALAO PA,PAINT NITRO,158.0,52.0,2 anos e 9 meses,49.0,P445 D024517,PAINT ALADO - NELORE,D50414PTZ,196.0,70.0,SEMI-EXTENSIVO
07991,,,,,,25.0,,,,,,,,,,,,,,,,,https://loja.crvbrasil.com.br/semen/touros-de-corte-zebu/nelore/paint-coronel-nelore,,,,,,,,,,,,,,,,,,,,,,,,,,,,,,,,,,,,,,,,,,,,,,,,,,,,,,,,,,,,,,,,,,,,,,,,,,,,,,,,,,,,,,,,,,,,,,,,,,,,,,,,,,,,,,,,,,,,,,,,,,,,,,,,,,,,,,,,,,,,,,,,,,,,,,,,,,,,,,,,,,,,,,,,,,,,,,,,,,,,,,,,,,,,,,,,,,,,,,,,,,,,,,,,,,,,,,,,,,,,,,,,,,,,,,,,,,,,,,,,,,,,,,,,,,,,,,,,,,,,,,,,,,,,,,,,,,,,,,,,,,,,,,,,,,,,,,,,,,,,,,,,,,,,,,,,,,,,,,,,,,,,,,,,,,,,,,,,,,,,,,,,,,,,,,,,,,,,,,,,,,,,,,,,,,,,,,,,,,,,,,,,,,,,,,,,,,,,,,,,,,,,,,,,,,,,,,,,,,,,,,,,,,,,,,,,,,,,,,,,,,,,,,,,,,,,,,,,,,,,,,,,,,,,,,,,,,,,,,,,,,,,,,,,,,,,,,,,,,,,,,,,,,,,,,,,,,,,,,,,,,,,,,,,,,,,,,,,,,,,,,,,,,,,,,,,,,,,,,,,,,,,,,,,,,,,,,,,,,,,,,,,,,,,,,,,PAINT CORONEL - NELORE,,,,
08209,,,,,,28.4,,,,,,,,,,,,,,,,,https://loja.crvbrasil.com.br/semen/touros-de-corte-zebu/nelore/paint-crioulo-da-ff-nelore,,,,,,,,,,,,,,,,,,,,,,,,,,,,,,,,,,,,,,,,,,,,,,,,,,,,,,,,,,,,,,,,,,,,,,,,,,,,,,,,,,,,,,,,,,,,,,,,,,,,,,,,,,,,,,,,,,,,,,,,,,,,,,,,,,,,,,,,,,,,,,,,,,,,,,,,,,,,,,,,,,,,,,,,,,,,,,,,,,,,,,,,,,,,,,,,,,,,,,,,,,,,,,,,,,,,,,,,,,,,,,,,,,,,,,,,,,,,,,,,,,,,,,,,,,,,,,,,,,,,,,,,,,,,,,,,,,,,,,,,,,,,,,,,,,,,,,,,,,,,,,,,,,,,,,,,,,,,,,,,,,,,,,,,,,,,,,,,,,,,,,,,,,,,,,,,,,,,,,,,,,,,,,,,,,,,,,,,,,,,,,,,,,,,,,,,,,,,,,,,,,,,,,,,,,,,,,,,,,,,,,,,,,,,,,,,,,,,,,,,,,,,,,,,,,,,,,,,,,,,,,,,,,,,,,,,,,,,,,,,,,,,,,,,,,,,,,,,,,,,,,,,,,,,,,,,,,,,,,,,,,,,,,,,,,,,,,,,,,,,,,,,,,,,,,,,,,,,,,,,,,,,,,,,,,,,,,,,,,,,,,,,,,,,,,,,PAINT CRIOULO DA FF - NELORE,,,,
05034,,,,,,33.9,,,,,,,,,,,,,,,,,https://loja.crvbrasil.com.br/semen/touros-de-corte-zebu/nelore/paint-impacto-ne,,,,,,,,,,,,,,,,,,,,,,,,,,,,,,,,,,,,,,,,,,,,,,,,,,,,,,,,,,,,,,,,,,,,,,,,,,,,,,,,,,,,,,,,,,,,,,,,,,,,,,,,,,,,,,,,,,,,,,,,,,,,,,,,,,,,,,,,,,,,,,,,,,,,,,,,,,,,,,,,,,,,,,,,,,,,,,,,,,,,,,,,,,,,,,,,,,,,,,,,,,,,,,,,,,,,,,,,,,,,,,,,,,,,,,,,,,,,,,,,,,,,,,,,,,,,,,,,,,,,,,,,,,,,,,,,,,,,,,,,,,,,,,,,,,,,,,,,,,,,,,,,,,,,,,,,,,,,,,,,,,,,,,,,,,,,,,,,,,,,,,,,,,,,,,,,,,,,,,,,,,,,,,,,,,,,,,,,,,,,,,,,,,,,,,,,,,,,,,,,,,,,,,,,,,,,,,,,,,,,,,,,,,,,,,,,,,,,,,,,,,,,,,,,,,,,,,,,,,,,,,,,,,,,,,,,,,,,,,,,,,,,,,,,,,,,,,,,,,,,,,,,,,,,,,,,,,,,,,,,,,,,,,,,,,,,,,,,,,,,,,,,,,,,,,,,,,,,,,,,,,,,,,,,,,,,,,,,,,,,,,,,,,,,,,,,PAINT IMPACTO - NE,,,,
08331,,,,,,25.0,,,,,,,,,,,,,,,,,https://loja.crvbrasil.com.br/semen/touros-de-corte-zebu/nelore/paint-periquitos-nelore,,,,,,,,,,,,,,,,,,,,,,,,,,,,,,,,,,,,,,,,,,,,,,,,,,,,,,,,,,,,,,,,,,,,,,,,,,,,,,,,,,,,,,,,,,,,,,,,,,,,,,,,,,,,,,,,,,,,,,,,,,,,,,,,,,,,,,,,,,,,,,,,,,,,,,,,,,,,,,,,,,,,,,,,,,,,,,,,,,,,,,,,,,,,,,,,,,,,,,,,,,,,,,,,,,,,,,,,,,,,,,,,,,,,,,,,,,,,,,,,,,,,,,,,,,,,,,,,,,,,,,,,,,,,,,,,,,,,,,,,,,,,,,,,,,,,,,,,,,,,,,,,,,,,,,,,,,,,,,,,,,,,,,,,,,,,,,,,,,,,,,,,,,,,,,,,,,,,,,,,,,,,,,,,,,,,,,,,,,,,,,,,,,,,,,,,,,,,,,,,,,,,,,,,,,,,,,,,,,,,,,,,,,,,,,,,,,,,,,,,,,,,,,,,,,,,,,,,,,,,,,,,,,,,,,,,,,,,,,,,,,,,,,,,,,,,,,,,,,,,,,,,,,,,,,,,,,,,,,,,,,,,,,,,,,,,,,,,,,,,,,,,,,,,,,,,,,,,,,,,,,,,,,,,,,,,,,,,,,,,,,,,,,,,,,,,PAINT PERIQUITOS - NELORE,,,,
08006,,,,,,20.0,,,,,,,,,,,,,,,,,https://loja.crvbrasil.com.br/semen/touros-de-corte-zebu/nelore/paint-royal-nelore,,,,,,,,,,,,,,,,,,,,,,,,,,,,,,,,,,,,,,,,,,,,,,,,,,,,,,,,,,,,,,,,,,,,,,,,,,,,,,,,,,,,,,,,,,,,,,,,,,,,,,,,,,,,,,,,,,,,,,,,,,,,,,,,,,,,,,,,,,,,,,,,,,,,,,,,,,,,,,,,,,,,,,,,,,,,,,,,,,,,,,,,,,,,,,,,,,,,,,,,,,,,,,,,,,,,,,,,,,,,,,,,,,,,,,,,,,,,,,,,,,,,,,,,,,,,,,,,,,,,,,,,,,,,,,,,,,,,,,,,,,,,,,,,,,,,,,,,,,,,,,,,,,,,,,,,,,,,,,,,,,,,,,,,,,,,,,,,,,,,,,,,,,,,,,,,,,,,,,,,,,,,,,,,,,,,,,,,,,,,,,,,,,,,,,,,,,,,,,,,,,,,,,,,,,,,,,,,,,,,,,,,,,,,,,,,,,,,,,,,,,,,,,,,,,,,,,,,,,,,,,,,,,,,,,,,,,,,,,,,,,,,,,,,,,,,,,,,,,,,,,,,,,,,,,,,,,,,,,,,,,,,,,,,,,,,,,,,,,,,,,,,,,,,,,,,,,,,,,,,,,,,,,,,,,,,,,,,,,,,,,,,,,,,,,,,PAINT ROYAL - NELORE,,,,
10017,,,,,,28.3,,,,,,,,,,,,,,,,,https://loja.crvbrasil.com.br/semen/touros-de-corte-zebu/nelore/paint-tirano-asi-nelore,,,,,,,,,,,,,,,,,,,,,,,,,,,,,,,,,,,,,,,,,,,,,,,,,,,,,,,,,,,,,,,,,,,,,,,,,,,,,,,,,,,,,,,,,,,,,,,,,,,,,,,,,,,,,,,,,,,,,,,,,,,,,,,,,,,,,,,,,,,,,,,,,,,,,,,,,,,,,,,,,,,,,,,,,,,,,,,,,,,,,,,,,,,,,,,,,,,,,,,,,,,,,,,,,,,,,,,,,,,,,,,,,,,,,,,,,,,,,,,,,,,,,,,,,,,,,,,,,,,,,,,,,,,,,,,,,,,,,,,,,,,,,,,,,,,,,,,,,,,,,,,,,,,,,,,,,,,,,,,,,,,,,,,,,,,,,,,,,,,,,,,,,,,,,,,,,,,,,,,,,,,,,,,,,,,,,,,,,,,,,,,,,,,,,,,,,,,,,,,,,,,,,,,,,,,,,,,,,,,,,,,,,,,,,,,,,,,,,,,,,,,,,,,,,,,,,,,,,,,,,,,,,,,,,,,,,,,,,,,,,,,,,,,,,,,,,,,,,,,,,,,,,,,,,,,,,,,,,,,,,,,,,,,,,,,,,,,,,,,,,,,,,,,,,,,,,,,,,,,,,,,,,,,,,,,,,,,,,,,,,,,,,,,,,,,,PAINT TIRANO ASI - NELORE,,,,
07852,,,,,,33.9,,,,,,,,,,,,,,,,,https://loja.crvbrasil.com.br/semen/touros-de-corte-zebu/nelore/paint-triunfo-nelore,,,,,,,,,,,,,,,,,,,,,,,,,,,,,,,,,,,,,,,,,,,,,,,,,,,,,,,,,,,,,,,,,,,,,,,,,,,,,,,,,,,,,,,,,,,,,,,,,,,,,,,,,,,,,,,,,,,,,,,,,,,,,,,,,,,,,,,,,,,,,,,,,,,,,,,,,,,,,,,,,,,,,,,,,,,,,,,,,,,,,,,,,,,,,,,,,,,,,,,,,,,,,,,,,,,,,,,,,,,,,,,,,,,,,,,,,,,,,,,,,,,,,,,,,,,,,,,,,,,,,,,,,,,,,,,,,,,,,,,,,,,,,,,,,,,,,,,,,,,,,,,,,,,,,,,,,,,,,,,,,,,,,,,,,,,,,,,,,,,,,,,,,,,,,,,,,,,,,,,,,,,,,,,,,,,,,,,,,,,,,,,,,,,,,,,,,,,,,,,,,,,,,,,,,,,,,,,,,,,,,,,,,,,,,,,,,,,,,,,,,,,,,,,,,,,,,,,,,,,,,,,,,,,,,,,,,,,,,,,,,,,,,,,,,,,,,,,,,,,,,,,,,,,,,,,,,,,,,,,,,,,,,,,,,,,,,,,,,,,,,,,,,,,,,,,,,,,,,,,,,,,,,,,,,,,,,,,,,,,,,,,,,,,,,,,,PAINT TRIUNFO - NELORE,,,,
08344,,,,,,33.9,,,,,,,,,,,,,,,,,https://loja.crvbrasil.com.br/semen/touros-de-corte-zebu/nelore/pro-guaraci-bal-nelore,,,,,,,,,,,,,,,,,,,,,,,,,,,,,,,,,,,,,,,,,,,,,,,,,,,,,,,,,,,,,,,,,,,,,,,,,,,,,,,,,,,,,,,,,,,,,,,,,,,,,,,,,,,,,,,,,,,,,,,,,,,,,,,,,,,,,,,,,,,,,,,,,,,,,,,,,,,,,,,,,,,,,,,,,,,,,,,,,,,,,,,,,,,,,,,,,,,,,,,,,,,,,,,,,,,,,,,,,,,,,,,,,,,,,,,,,,,,,,,,,,,,,,,,,,,,,,,,,,,,,,,,,,,,,,,,,,,,,,,,,,,,,,,,,,,,,,,,,,,,,,,,,,,,,,,,,,,,,,,,,,,,,,,,,,,,,,,,,,,,,,,,,,,,,,,,,,,,,,,,,,,,,,,,,,,,,,,,,,,,,,,,,,,,,,,,,,,,,,,,,,,,,,,,,,,,,,,,,,,,,,,,,,,,,,,,,,,,,,,,,,,,,,,,,,,,,,,,,,,,,,,,,,,,,,,,,,,,,,,,,,,,,,,,,,,,,,,,,,,,,,,,,,,,,,,,,,,,,,,,,,,,,,,,,,,,,,,,,,,,,,,,,,,,,,,,,,,,,,,,,,,,,,,,,,,,,,,,,,,,,,,,,,,,,,,,PRO GUARACI BAL - NELORE,,,,
08649,,,,,,33.9,,,,,,,,,,,,,,,,,https://loja.crvbrasil.com.br/semen/touros-de-corte-zebu/nelore/qi-col-nelore,,,,,,,,,,,,,,,,,,,,,,,,,,,,,,,,,,,,,,,,,,,,,,,,,,,,,,,,,,,,,,,,,,,,,,,,,,,,,,,,,,,,,,,,,,,,,,,,,,,,,,,,,,,,,,,,,,,,,,,,,,,,,,,,,,,,,,,,,,,,,,,,,,,,,,,,,,,,,,,,,,,,,,,,,,,,,,,,,,,,,,,,,,,,,,,,,,,,,,,,,,,,,,,,,,,,,,,,,,,,,,,,,,,,,,,,,,,,,,,,,,,,,,,,,,,,,,,,,,,,,,,,,,,,,,,,,,,,,,,,,,,,,,,,,,,,,,,,,,,,,,,,,,,,,,,,,,,,,,,,,,,,,,,,,,,,,,,,,,,,,,,,,,,,,,,,,,,,,,,,,,,,,,,,,,,,,,,,,,,,,,,,,,,,,,,,,,,,,,,,,,,,,,,,,,,,,,,,,,,,,,,,,,,,,,,,,,,,,,,,,,,,,,,,,,,,,,,,,,,,,,,,,,,,,,,,,,,,,,,,,,,,,,,,,,,,,,,,,,,,,,,,,,,,,,,,,,,,,,,,,,,,,,,,,,,,,,,,,,,,,,,,,,,,,,,,,,,,,,,,,,,,,,,,,,,,,,,,,,,,,,,,,,,,,,,,QI COL - NELORE,,,,
08265,,,,,,29.0,,,,,,,,,,,,,,,,,https://loja.crvbrasil.com.br/semen/touros-de-corte-zebu/nelore/qlt-montanha-nelore,,,,,,,,,,,,,,,,,,,,,,,,,,,,,,,,,,,,,,,,,,,,,,,,,,,,,,,,,,,,,,,,,,,,,,,,,,,,,,,,,,,,,,,,,,,,,,,,,,,,,,,,,,,,,,,,,,,,,,,,,,,,,,,,,,,,,,,,,,,,,,,,,,,,,,,,,,,,,,,,,,,,,,,,,,,,,,,,,,,,,,,,,,,,,,,,,,,,,,,,,,,,,,,,,,,,,,,,,,,,,,,,,,,,,,,,,,,,,,,,,,,,,,,,,,,,,,,,,,,,,,,,,,,,,,,,,,,,,,,,,,,,,,,,,,,,,,,,,,,,,,,,,,,,,,,,,,,,,,,,,,,,,,,,,,,,,,,,,,,,,,,,,,,,,,,,,,,,,,,,,,,,,,,,,,,,,,,,,,,,,,,,,,,,,,,,,,,,,,,,,,,,,,,,,,,,,,,,,,,,,,,,,,,,,,,,,,,,,,,,,,,,,,,,,,,,,,,,,,,,,,,,,,,,,,,,,,,,,,,,,,,,,,,,,,,,,,,,,,,,,,,,,,,,,,,,,,,,,,,,,,,,,,,,,,,,,,,,,,,,,,,,,,,,,,,,,,,,,,,,,,,,,,,,,,,,,,,,,,,,,,,,,,,,,,,,QLT MONTANHA - NELORE,,,,
08476,,,,,,24.8,,,,,,,,,,,,,,,,,https://loja.crvbrasil.com.br/semen/touros-de-corte-zebu/nelore/qlt-radial-da-capivara-nelore,,,,,,,,,,,,,,,,,,,,,,,,,,,,,,,,,,,,,,,,,,,,,,,,,,,,,,,,,,,,,,,,,,,,,,,,,,,,,,,,,,,,,,,,,,,,,,,,,,,,,,,,,,,,,,,,,,,,,,,,,,,,,,,,,,,,,,,,,,,,,,,,,,,,,,,,,,,,,,,,,,,,,,,,,,,,,,,,,,,,,,,,,,,,,,,,,,,,,,,,,,,,,,,,,,,,,,,,,,,,,,,,,,,,,,,,,,,,,,,,,,,,,,,,,,,,,,,,,,,,,,,,,,,,,,,,,,,,,,,,,,,,,,,,,,,,,,,,,,,,,,,,,,,,,,,,,,,,,,,,,,,,,,,,,,,,,,,,,,,,,,,,,,,,,,,,,,,,,,,,,,,,,,,,,,,,,,,,,,,,,,,,,,,,,,,,,,,,,,,,,,,,,,,,,,,,,,,,,,,,,,,,,,,,,,,,,,,,,,,,,,,,,,,,,,,,,,,,,,,,,,,,,,,,,,,,,,,,,,,,,,,,,,,,,,,,,,,,,,,,,,,,,,,,,,,,,,,,,,,,,,,,,,,,,,,,,,,,,,,,,,,,,,,,,,,,,,,,,,,,,,,,,,,,,,,,,,,,,,,,,,,,,,,,,,,,QLT RADIAL DA CAPIVARA - NELORE,,,,
08727,,,,,,31.2,,,,,,,,,,,,,,,,,https://loja.crvbrasil.com.br/semen/touros-de-corte-zebu/nelore/qlt-sonho-da-capivara-nelore,,,,,,,,,,,,,,,,,,,,,,,,,,,,,,,,,,,,,,,,,,,,,,,,,,,,,,,,,,,,,,,,,,,,,,,,,,,,,,,,,,,,,,,,,,,,,,,,,,,,,,,,,,,,,,,,,,,,,,,,,,,,,,,,,,,,,,,,,,,,,,,,,,,,,,,,,,,,,,,,,,,,,,,,,,,,,,,,,,,,,,,,,,,,,,,,,,,,,,,,,,,,,,,,,,,,,,,,,,,,,,,,,,,,,,,,,,,,,,,,,,,,,,,,,,,,,,,,,,,,,,,,,,,,,,,,,,,,,,,,,,,,,,,,,,,,,,,,,,,,,,,,,,,,,,,,,,,,,,,,,,,,,,,,,,,,,,,,,,,,,,,,,,,,,,,,,,,,,,,,,,,,,,,,,,,,,,,,,,,,,,,,,,,,,,,,,,,,,,,,,,,,,,,,,,,,,,,,,,,,,,,,,,,,,,,,,,,,,,,,,,,,,,,,,,,,,,,,,,,,,,,,,,,,,,,,,,,,,,,,,,,,,,,,,,,,,,,,,,,,,,,,,,,,,,,,,,,,,,,,,,,,,,,,,,,,,,,,,,,,,,,,,,,,,,,,,,,,,,,,,,,,,,,,,,,,,,,,,,,,,,,,,,,,,,,,QLT SONHO DA CAPIVARA - NELORE,,,,
08893,,,,,,21.9,,,,,,,,,,,,,,,,,https://loja.crvbrasil.com.br/semen/touros-de-corte-zebu/nelore/qlt-texas-nelore,,,,,,,,,,,,,,,,,,,,,,,,,,,,,,,,,,,,,,,,,,,,,,,,,,,,,,,,,,,,,,,,,,,,,,,,,,,,,,,,,,,,,,,,,,,,,,,,,,,,,,,,,,,,,,,,,,,,,,,,,,,,,,,,,,,,,,,,,,,,,,,,,,,,,,,,,,,,,,,,,,,,,,,,,,,,,,,,,,,,,,,,,,,,,,,,,,,,,,,,,,,,,,,,,,,,,,,,,,,,,,,,,,,,,,,,,,,,,,,,,,,,,,,,,,,,,,,,,,,,,,,,,,,,,,,,,,,,,,,,,,,,,,,,,,,,,,,,,,,,,,,,,,,,,,,,,,,,,,,,,,,,,,,,,,,,,,,,,,,,,,,,,,,,,,,,,,,,,,,,,,,,,,,,,,,,,,,,,,,,,,,,,,,,,,,,,,,,,,,,,,,,,,,,,,,,,,,,,,,,,,,,,,,,,,,,,,,,,,,,,,,,,,,,,,,,,,,,,,,,,,,,,,,,,,,,,,,,,,,,,,,,,,,,,,,,,,,,,,,,,,,,,,,,,,,,,,,,,,,,,,,,,,,,,,,,,,,,,,,,,,,,,,,,,,,,,,,,,,,,,,,,,,,,,,,,,,,,,,,,,,,,,,,,,,,,QLT TEXAS - NELORE,,,,
09065,,,,,,31.2,,,,,,,,,,,,,,,,,https://loja.crvbrasil.com.br/semen/touros-de-corte-zebu/nelore/quebec-ka-nelore,,,,,,,,,,,,,,,,,,,,,,,,,,,,,,,,,,,,,,,,,,,,,,,,,,,,,,,,,,,,,,,,,,,,,,,,,,,,,,,,,,,,,,,,,,,,,,,,,,,,,,,,,,,,,,,,,,,,,,,,,,,,,,,,,,,,,,,,,,,,,,,,,,,,,,,,,,,,,,,,,,,,,,,,,,,,,,,,,,,,,,,,,,,,,,,,,,,,,,,,,,,,,,,,,,,,,,,,,,,,,,,,,,,,,,,,,,,,,,,,,,,,,,,,,,,,,,,,,,,,,,,,,,,,,,,,,,,,,,,,,,,,,,,,,,,,,,,,,,,,,,,,,,,,,,,,,,,,,,,,,,,,,,,,,,,,,,,,,,,,,,,,,,,,,,,,,,,,,,,,,,,,,,,,,,,,,,,,,,,,,,,,,,,,,,,,,,,,,,,,,,,,,,,,,,,,,,,,,,,,,,,,,,,,,,,,,,,,,,,,,,,,,,,,,,,,,,,,,,,,,,,,,,,,,,,,,,,,,,,,,,,,,,,,,,,,,,,,,,,,,,,,,,,,,,,,,,,,,,,,,,,,,,,,,,,,,,,,,,,,,,,,,,,,,,,,,,,,,,,,,,,,,,,,,,,,,,,,,,,,,,,,,,,,,,,,QUEBEC KA - NELORE,,,,
09066,QUORUM  KA,QUORUM KA,Nelore PO,KPA57,05/10/2020,38.9,,28.5,5.0,17.03,1.0,18.18,13.0,816.0,41.0,157.0,Katayama Pecuária,Katayama Pecuária e Carlos A. P. Barros,NOGARA KA x GANGES COL,NOGARA KA,KAPO1965 KA,po; carcaca-3-estrelas; maternal; peso; semiintensivo,https://loja.crvbrasil.com.br/semen/touros-de-corte-zebu/nelore/quorum-ka-nelore,,,,,,,,,,,,,,,,,,,,,,,,,,,,,,,,,,,,,,,,,,,,,,,,,,,,,,,,,,,,,,,,73.0,76.83,45.0,65.0,0.37,13.0,67.0,3.38,11.0,51.0,-0.03,49.0,66.0,42.56,80.0,49.0,0.12,81.0,36.0,-0.61,48.0,46.0,0.01,44.0,68.0,18.48,3.0,74.0,26.19,9.0,73.0,28.49,6.0,65.0,1.19,15.0,66.0,83.31,11.0,41.0,41.0,5.51,2.0,40.0,7.36,3.0,107.0,5.0,51.0,7.93,16.0,76.0,2.17,100.0,,,,,,,,,,,,,,,,,,,,,,,,,,,,,,,,,,,,,,,,,,,,,,,,,,,,,,,,,,,,,,,,,,,,,,,,,,,,,,,,,,,,,,,,,,,,,,,,,,,,,,,,,,,,,,,,,,,,,,,,,,,,,,,,,,,,,,,,,,,,,,,,,,,,,,,,,,,,,,,,68.0,1.96,16.0,,0.04,88.0,64.0,5.99,2.0,67.0,6.2,7.0,22.0,65.18,12.0,64.0,-0.31,72.0,70.0,3.36,38.0,60.0,5.67,90.0,,65.0,0.46,31.0,62.0,3.35,4.0,68.0,13.01,2.0,71.0,1.08,14.0,67.0,1.59,99.0,70.0,16.36,8.0,55.0,2.39,0.5,,7.67,0.5,,11.21,1.0,,,,,,,,,,,,,,,,,,,,,,,,,,,,,,,,,,,,,,,,,,,,,,,,,,,,,,,,,,,,,,,,,,,,,,,,,,,,,,,,,,,,,,,,,,,,,,,,,,,,,,,,,,,,,,,,,,,,,,,,,,,,,,,,,,,,,,,,,,,,,,,,,,,,,,,,,,,,,,,,,,,,,,,,,,,,,,,,,,60.0,5.0,0.37,69.0,2.0,2.03,55.0,4.0,0.95,42.0,8.0,4.32,47.0,3.0,0.57,55.0,1.0,3.31,70.0,1.0,16.39,74.0,1.0,11.15,66.0,1.0,0.9,50.0,1.0,4.66,75.0,10.0,1.49,24.0,3.0,35.71,72.0,1.0,17.25,55.0,1.0,3.3,21.0,2.0,47.35,,,,,,,,,,,,,,,,,,,,,,,,,,,,,,,,,,,GANGES COL,GANGLIO KA,168.0,60.0,2anos5meses,57.0,KAPO1965,QUORUM KA - NELORE,KAPO1500,206.0,78.0,SEMI-INTENSIVO
08996,,,,,,31.2,,,,,,,,,,,,,,,,,https://loja.crvbrasil.com.br/semen/touros-de-corte-zebu/nelore/randhir-fiv-col-nelore,,,,,,,,,,,,,,,,,,,,,,,,,,,,,,,,,,,,,,,,,,,,,,,,,,,,,,,,,,,,,,,,,,,,,,,,,,,,,,,,,,,,,,,,,,,,,,,,,,,,,,,,,,,,,,,,,,,,,,,,,,,,,,,,,,,,,,,,,,,,,,,,,,,,,,,,,,,,,,,,,,,,,,,,,,,,,,,,,,,,,,,,,,,,,,,,,,,,,,,,,,,,,,,,,,,,,,,,,,,,,,,,,,,,,,,,,,,,,,,,,,,,,,,,,,,,,,,,,,,,,,,,,,,,,,,,,,,,,,,,,,,,,,,,,,,,,,,,,,,,,,,,,,,,,,,,,,,,,,,,,,,,,,,,,,,,,,,,,,,,,,,,,,,,,,,,,,,,,,,,,,,,,,,,,,,,,,,,,,,,,,,,,,,,,,,,,,,,,,,,,,,,,,,,,,,,,,,,,,,,,,,,,,,,,,,,,,,,,,,,,,,,,,,,,,,,,,,,,,,,,,,,,,,,,,,,,,,,,,,,,,,,,,,,,,,,,,,,,,,,,,,,,,,,,,,,,,,,,,,,,,,,,,,,,,,,,,,,,,,,,,,,,,,,,,,,,,,,,,,,,,,,,,,,,,,,,,,,,,,,,,,,,,,,,,,,RANDHIR COL - NELORE,,,,
07237,,,,,,25.1,,,,,,,,,,,,,,,,,https://loja.crvbrasil.com.br/semen/touros-de-corte-zebu/nelore/rem-alto-astral-nelore,,,,,,,,,,,,,,,,,,,,,,,,,,,,,,,,,,,,,,,,,,,,,,,,,,,,,,,,,,,,,,,,,,,,,,,,,,,,,,,,,,,,,,,,,,,,,,,,,,,,,,,,,,,,,,,,,,,,,,,,,,,,,,,,,,,,,,,,,,,,,,,,,,,,,,,,,,,,,,,,,,,,,,,,,,,,,,,,,,,,,,,,,,,,,,,,,,,,,,,,,,,,,,,,,,,,,,,,,,,,,,,,,,,,,,,,,,,,,,,,,,,,,,,,,,,,,,,,,,,,,,,,,,,,,,,,,,,,,,,,,,,,,,,,,,,,,,,,,,,,,,,,,,,,,,,,,,,,,,,,,,,,,,,,,,,,,,,,,,,,,,,,,,,,,,,,,,,,,,,,,,,,,,,,,,,,,,,,,,,,,,,,,,,,,,,,,,,,,,,,,,,,,,,,,,,,,,,,,,,,,,,,,,,,,,,,,,,,,,,,,,,,,,,,,,,,,,,,,,,,,,,,,,,,,,,,,,,,,,,,,,,,,,,,,,,,,,,,,,,,,,,,,,,,,,,,,,,,,,,,,,,,,,,,,,,,,,,,,,,,,,,,,,,,,,,,,,,,,,,,,,,,,,,,,,,,,,,,,,,,,,,,,,,,,,,,REM ALTO ASTRAL - NELORE,,,,
08327,,,,,,33.9,,,,,,,,,,,,,,,,,https://loja.crvbrasil.com.br/semen/touros-de-corte-zebu/nelore/rem-el-espanhol-nelore,,,,,,,,,,,,,,,,,,,,,,,,,,,,,,,,,,,,,,,,,,,,,,,,,,,,,,,,,,,,,,,,,,,,,,,,,,,,,,,,,,,,,,,,,,,,,,,,,,,,,,,,,,,,,,,,,,,,,,,,,,,,,,,,,,,,,,,,,,,,,,,,,,,,,,,,,,,,,,,,,,,,,,,,,,,,,,,,,,,,,,,,,,,,,,,,,,,,,,,,,,,,,,,,,,,,,,,,,,,,,,,,,,,,,,,,,,,,,,,,,,,,,,,,,,,,,,,,,,,,,,,,,,,,,,,,,,,,,,,,,,,,,,,,,,,,,,,,,,,,,,,,,,,,,,,,,,,,,,,,,,,,,,,,,,,,,,,,,,,,,,,,,,,,,,,,,,,,,,,,,,,,,,,,,,,,,,,,,,,,,,,,,,,,,,,,,,,,,,,,,,,,,,,,,,,,,,,,,,,,,,,,,,,,,,,,,,,,,,,,,,,,,,,,,,,,,,,,,,,,,,,,,,,,,,,,,,,,,,,,,,,,,,,,,,,,,,,,,,,,,,,,,,,,,,,,,,,,,,,,,,,,,,,,,,,,,,,,,,,,,,,,,,,,,,,,,,,,,,,,,,,,,,,,,,,,,,,,,,,,,,,,,,,,,,,,REM EL ESPANHOL - NELORE,,,,
09864,C3403 DA S. NICE,RIO NEGRO SANTA NICE,Nelore PO,GRIC3403,12/12/2021,33.9,,27.21,7.0,21.04,1.0,32.78,1.0,633.0,39.0,146.0,Fazenda Santa Nice,Marcelo Procópio Grisi e Outros,RAM DA BELA x CARTAZ TRADIÇÃO,RAM DA BELA,B9836  DA S.NICE,po; ifert; carcaca-5-estrelas; novilhas; peso; reprodutivo; semiintensivo,https://loja.crvbrasil.com.br/semen/touros-de-corte-zebu/nelore/rio-negro-santa-nice-nelore,,,,,,,,,,,,,,,,,,,,,,,,,,,,,,,,,,,,,,,,,,,,,,,,,,,,,,,,,,,,,,,,73.0,86.22,8.0,58.0,1.05,2.0,59.0,5.37,2.0,31.0,-0.04,43.0,66.0,66.25,0.5,42.0,-0.12,14.0,37.0,-1.28,2.0,56.0,0.09,11.0,57.0,11.49,17.0,59.0,22.91,13.0,60.0,23.0,14.0,55.0,1.1,17.0,66.0,96.84,2.0,41.0,41.0,1.9,33.0,40.0,3.17,32.0,41.0,6.0,46.0,9.91,7.0,61.0,-0.76,6.0,,,,,,,,,,,,,,,,,,,,,,,,,,,,,,,,,,,,,,,,,,,,,,,,,,,,,,,,,,,,,,,,,,,,,,,,,,,,,,,,,,,,,,,,,,,,,,,,,,,,,,,,,,,,,,,,,,,,,,,,,,,,,,,,,,,,,,,,,,,,,,,,,,,,,,,,,,,,,,,,65.0,5.45,0.1,,0.01,54.0,49.0,7.69,0.5,64.0,10.67,0.5,23.0,75.56,3.0,58.0,2.42,0.1,66.0,8.86,6.0,32.0,-0.46,52.0,,64.0,1.17,9.0,57.0,1.94,18.0,64.0,7.63,15.0,70.0,1.33,8.0,65.0,-0.25,11.0,66.0,16.48,8.0,55.0,0.7,18.0,,3.54,18.0,,6.04,16.0,,,,,,,,,,,,,,,,,,,,,,,,,,,,,,,,,,,,,,,,,,,,,,,,,,,,,,,,,,,,,,,,,,,,,,,,,,,,,,,,,,,,,,,,,,,,,,,,,,,,,,,,,,,,,,,,,,,,,,,,,,,,,,,,,,,,,,,,,,,,,,,,,,,,,,,,,,,,,,,,,,,,,,,,,,,,,,,,,,51.0,1.0,2.6,60.0,1.0,5.49,50.0,6.0,0.27,40.0,5.0,-4.76,52.0,1.0,1.76,50.0,1.0,4.63,62.0,1.0,15.13,68.0,1.0,7.91,56.0,1.0,0.81,49.0,4.0,1.18,71.0,3.0,-0.09,28.0,1.0,44.27,64.0,1.0,16.61,50.0,1.0,6.12,17.0,1.0,58.93,,,,,,,,,,,,,,,,,,,,,,,,,,,,,,,,,,,CARTAZ TRADIÇÃO,MARANHAO BONS,160.0,43.0,2anose3meses,53.0,GRIB9836,RIO NEGRO SANTA NICE - NELORE,AZAN2193,203.0,70.0,SEMI-INTENSIVO
08504,,,,,,28.6,,,,,,,,,,,,,,,,,https://loja.crvbrasil.com.br/semen/touros-de-corte-zebu/nelore/rivaldo-da-jandaia-nelore,,,,,,,,,,,,,,,,,,,,,,,,,,,,,,,,,,,,,,,,,,,,,,,,,,,,,,,,,,,,,,,,,,,,,,,,,,,,,,,,,,,,,,,,,,,,,,,,,,,,,,,,,,,,,,,,,,,,,,,,,,,,,,,,,,,,,,,,,,,,,,,,,,,,,,,,,,,,,,,,,,,,,,,,,,,,,,,,,,,,,,,,,,,,,,,,,,,,,,,,,,,,,,,,,,,,,,,,,,,,,,,,,,,,,,,,,,,,,,,,,,,,,,,,,,,,,,,,,,,,,,,,,,,,,,,,,,,,,,,,,,,,,,,,,,,,,,,,,,,,,,,,,,,,,,,,,,,,,,,,,,,,,,,,,,,,,,,,,,,,,,,,,,,,,,,,,,,,,,,,,,,,,,,,,,,,,,,,,,,,,,,,,,,,,,,,,,,,,,,,,,,,,,,,,,,,,,,,,,,,,,,,,,,,,,,,,,,,,,,,,,,,,,,,,,,,,,,,,,,,,,,,,,,,,,,,,,,,,,,,,,,,,,,,,,,,,,,,,,,,,,,,,,,,,,,,,,,,,,,,,,,,,,,,,,,,,,,,,,,,,,,,,,,,,,,,,,,,,,,,,,,,,,,,,,,,,,,,,,,,,,,,,,,,,,,,RIVALDO DA JANDAIA - NELORE,,,,
08621,,,,,,24.1,,,,,,,,,,,,,,,,,https://loja.crvbrasil.com.br/semen/touros-de-corte-zebu/nelore/sinai-bons-nelore,,,,,,,,,,,,,,,,,,,,,,,,,,,,,,,,,,,,,,,,,,,,,,,,,,,,,,,,,,,,,,,,,,,,,,,,,,,,,,,,,,,,,,,,,,,,,,,,,,,,,,,,,,,,,,,,,,,,,,,,,,,,,,,,,,,,,,,,,,,,,,,,,,,,,,,,,,,,,,,,,,,,,,,,,,,,,,,,,,,,,,,,,,,,,,,,,,,,,,,,,,,,,,,,,,,,,,,,,,,,,,,,,,,,,,,,,,,,,,,,,,,,,,,,,,,,,,,,,,,,,,,,,,,,,,,,,,,,,,,,,,,,,,,,,,,,,,,,,,,,,,,,,,,,,,,,,,,,,,,,,,,,,,,,,,,,,,,,,,,,,,,,,,,,,,,,,,,,,,,,,,,,,,,,,,,,,,,,,,,,,,,,,,,,,,,,,,,,,,,,,,,,,,,,,,,,,,,,,,,,,,,,,,,,,,,,,,,,,,,,,,,,,,,,,,,,,,,,,,,,,,,,,,,,,,,,,,,,,,,,,,,,,,,,,,,,,,,,,,,,,,,,,,,,,,,,,,,,,,,,,,,,,,,,,,,,,,,,,,,,,,,,,,,,,,,,,,,,,,,,,,,,,,,,,,,,,,,,,,,,,,,,,,,,,,,,SINAI BONS - NELORE,,,,
08655,,,,,,153.2,,,,,,,,,,,,,,,,,https://loja.crvbrasil.com.br/semen/touros-de-corte-zebu/nelore/sohan-col-nelore,,,,,,,,,,,,,,,,,,,,,,,,,,,,,,,,,,,,,,,,,,,,,,,,,,,,,,,,,,,,,,,,,,,,,,,,,,,,,,,,,,,,,,,,,,,,,,,,,,,,,,,,,,,,,,,,,,,,,,,,,,,,,,,,,,,,,,,,,,,,,,,,,,,,,,,,,,,,,,,,,,,,,,,,,,,,,,,,,,,,,,,,,,,,,,,,,,,,,,,,,,,,,,,,,,,,,,,,,,,,,,,,,,,,,,,,,,,,,,,,,,,,,,,,,,,,,,,,,,,,,,,,,,,,,,,,,,,,,,,,,,,,,,,,,,,,,,,,,,,,,,,,,,,,,,,,,,,,,,,,,,,,,,,,,,,,,,,,,,,,,,,,,,,,,,,,,,,,,,,,,,,,,,,,,,,,,,,,,,,,,,,,,,,,,,,,,,,,,,,,,,,,,,,,,,,,,,,,,,,,,,,,,,,,,,,,,,,,,,,,,,,,,,,,,,,,,,,,,,,,,,,,,,,,,,,,,,,,,,,,,,,,,,,,,,,,,,,,,,,,,,,,,,,,,,,,,,,,,,,,,,,,,,,,,,,,,,,,,,,,,,,,,,,,,,,,,,,,,,,,,,,,,,,,,,,,,,,,,,,,,,,,,,,,,,,,SOHAN COL - NELORE,,,,
08747,,,,,,28.6,,,,,,,,,,,,,,,,,https://loja.crvbrasil.com.br/semen/touros-de-corte-zebu/nelore/sumare-b-correia-nelore,,,,,,,,,,,,,,,,,,,,,,,,,,,,,,,,,,,,,,,,,,,,,,,,,,,,,,,,,,,,,,,,,,,,,,,,,,,,,,,,,,,,,,,,,,,,,,,,,,,,,,,,,,,,,,,,,,,,,,,,,,,,,,,,,,,,,,,,,,,,,,,,,,,,,,,,,,,,,,,,,,,,,,,,,,,,,,,,,,,,,,,,,,,,,,,,,,,,,,,,,,,,,,,,,,,,,,,,,,,,,,,,,,,,,,,,,,,,,,,,,,,,,,,,,,,,,,,,,,,,,,,,,,,,,,,,,,,,,,,,,,,,,,,,,,,,,,,,,,,,,,,,,,,,,,,,,,,,,,,,,,,,,,,,,,,,,,,,,,,,,,,,,,,,,,,,,,,,,,,,,,,,,,,,,,,,,,,,,,,,,,,,,,,,,,,,,,,,,,,,,,,,,,,,,,,,,,,,,,,,,,,,,,,,,,,,,,,,,,,,,,,,,,,,,,,,,,,,,,,,,,,,,,,,,,,,,,,,,,,,,,,,,,,,,,,,,,,,,,,,,,,,,,,,,,,,,,,,,,,,,,,,,,,,,,,,,,,,,,,,,,,,,,,,,,,,,,,,,,,,,,,,,,,,,,,,,,,,,,,,,,,,,,,,,,,,SUMARÉ BARROS CORREIA - NELORE,,,,
08475,,,,,,25.0,,,,,,,,,,,,,,,,,https://loja.crvbrasil.com.br/semen/touros-de-corte-zebu/nelore/supremo-gren-nelore,,,,,,,,,,,,,,,,,,,,,,,,,,,,,,,,,,,,,,,,,,,,,,,,,,,,,,,,,,,,,,,,,,,,,,,,,,,,,,,,,,,,,,,,,,,,,,,,,,,,,,,,,,,,,,,,,,,,,,,,,,,,,,,,,,,,,,,,,,,,,,,,,,,,,,,,,,,,,,,,,,,,,,,,,,,,,,,,,,,,,,,,,,,,,,,,,,,,,,,,,,,,,,,,,,,,,,,,,,,,,,,,,,,,,,,,,,,,,,,,,,,,,,,,,,,,,,,,,,,,,,,,,,,,,,,,,,,,,,,,,,,,,,,,,,,,,,,,,,,,,,,,,,,,,,,,,,,,,,,,,,,,,,,,,,,,,,,,,,,,,,,,,,,,,,,,,,,,,,,,,,,,,,,,,,,,,,,,,,,,,,,,,,,,,,,,,,,,,,,,,,,,,,,,,,,,,,,,,,,,,,,,,,,,,,,,,,,,,,,,,,,,,,,,,,,,,,,,,,,,,,,,,,,,,,,,,,,,,,,,,,,,,,,,,,,,,,,,,,,,,,,,,,,,,,,,,,,,,,,,,,,,,,,,,,,,,,,,,,,,,,,,,,,,,,,,,,,,,,,,,,,,,,,,,,,,,,,,,,,,,,,,,,,,,,,,SUPREMO GRENDENE - NELORE,,,,
08151,,,,,,35.5,,,,,,,,,,,,,,,,,https://loja.crvbrasil.com.br/semen/touros-de-corte-zebu/nelore/taruma-tul-nelore,,,,,,,,,,,,,,,,,,,,,,,,,,,,,,,,,,,,,,,,,,,,,,,,,,,,,,,,,,,,,,,,,,,,,,,,,,,,,,,,,,,,,,,,,,,,,,,,,,,,,,,,,,,,,,,,,,,,,,,,,,,,,,,,,,,,,,,,,,,,,,,,,,,,,,,,,,,,,,,,,,,,,,,,,,,,,,,,,,,,,,,,,,,,,,,,,,,,,,,,,,,,,,,,,,,,,,,,,,,,,,,,,,,,,,,,,,,,,,,,,,,,,,,,,,,,,,,,,,,,,,,,,,,,,,,,,,,,,,,,,,,,,,,,,,,,,,,,,,,,,,,,,,,,,,,,,,,,,,,,,,,,,,,,,,,,,,,,,,,,,,,,,,,,,,,,,,,,,,,,,,,,,,,,,,,,,,,,,,,,,,,,,,,,,,,,,,,,,,,,,,,,,,,,,,,,,,,,,,,,,,,,,,,,,,,,,,,,,,,,,,,,,,,,,,,,,,,,,,,,,,,,,,,,,,,,,,,,,,,,,,,,,,,,,,,,,,,,,,,,,,,,,,,,,,,,,,,,,,,,,,,,,,,,,,,,,,,,,,,,,,,,,,,,,,,,,,,,,,,,,,,,,,,,,,,,,,,,,,,,,,,,,,,,,,,,TARUMÃ TUL - NELORE,,,,
08196,,,,,,22.8,,,,,,,,,,,,,,,,,https://loja.crvbrasil.com.br/semen/touros-de-corte-zebu/nelore/terere-fm-nelore,,,,,,,,,,,,,,,,,,,,,,,,,,,,,,,,,,,,,,,,,,,,,,,,,,,,,,,,,,,,,,,,,,,,,,,,,,,,,,,,,,,,,,,,,,,,,,,,,,,,,,,,,,,,,,,,,,,,,,,,,,,,,,,,,,,,,,,,,,,,,,,,,,,,,,,,,,,,,,,,,,,,,,,,,,,,,,,,,,,,,,,,,,,,,,,,,,,,,,,,,,,,,,,,,,,,,,,,,,,,,,,,,,,,,,,,,,,,,,,,,,,,,,,,,,,,,,,,,,,,,,,,,,,,,,,,,,,,,,,,,,,,,,,,,,,,,,,,,,,,,,,,,,,,,,,,,,,,,,,,,,,,,,,,,,,,,,,,,,,,,,,,,,,,,,,,,,,,,,,,,,,,,,,,,,,,,,,,,,,,,,,,,,,,,,,,,,,,,,,,,,,,,,,,,,,,,,,,,,,,,,,,,,,,,,,,,,,,,,,,,,,,,,,,,,,,,,,,,,,,,,,,,,,,,,,,,,,,,,,,,,,,,,,,,,,,,,,,,,,,,,,,,,,,,,,,,,,,,,,,,,,,,,,,,,,,,,,,,,,,,,,,,,,,,,,,,,,,,,,,,,,,,,,,,,,,,,,,,,,,,,,,,,,,,,,,TERERÉ FM - NELORE,,,,
09062,4579  PO CONFIANCA,TROVÃO CONFIANÇA,Nelore PO,DVD4579,11/11/2020,33.9,,26.41,8.0,27.44,1.0,33.32,1.0,680.0,39.0,159.0,Agropecuária Confiança,Demerval Viana David,BELO J MACHADO x BACKUP,BELO J MACHADO,1438 PO CONFIANCA,po; ifert; carcaca-5-estrelas; car; peso; reprodutivo; semiintensivo,https://loja.crvbrasil.com.br/semen/touros-de-corte-zebu/nelore/4579-confianca-nelore,,,,,,,,,,,,,,,,,,,,,,,,,,,,,,,,,,,,,,,,,,,,,,,,,,,,,,,,,,,,,,,,47.0,85.49,10.0,66.0,0.14,27.0,66.0,4.34,5.0,45.0,-0.11,5.0,35.0,42.88,79.0,58.0,0.38,100.0,44.0,-1.08,7.0,61.0,0.19,2.0,65.0,16.08,6.0,68.0,33.64,2.0,68.0,29.4,5.0,67.0,1.68,6.0,38.0,90.05,5.0,38.0,48.0,0.93,63.0,48.0,3.08,34.0,11.0,4.0,58.0,13.31,1.0,67.0,1.44,94.0,,,,,,,,,,,,,,,,,,,,,,,,,,,,,,,,,,,,,,,,,,,,,,,,,,,,,,,,,,,,,,,,,,,,,,,,,,,,,,,,,,,,,,,,,,,,,,,,,,,,,,,,,,,,,,,,,,,,,,,,,,,,,,,,,,,,,,,,,,,,,,,,,,,,,,,,,,,,,,,,64.0,5.64,0.1,,0.04,84.0,55.0,5.41,3.0,63.0,8.26,2.0,25.0,81.41,1.0,53.0,1.57,3.0,66.0,11.95,1.0,37.0,-4.31,25.0,,61.0,2.4,0.5,52.0,-0.57,72.0,61.0,17.14,0.1,70.0,1.5,5.0,61.0,0.66,93.0,66.0,29.09,0.5,59.0,-0.51,68.0,,4.61,9.0,,7.72,8.0,,,,,,,,,,,,,,,,,,,,,,,,,,,,,,,,,,,,,,,,,,,,,,,,,,,,,,,,,,,,,,,,,,,,,,,,,,,,,,,,,,,,,,,,,,,,,,,,,,,,,,,,,,,,,,,,,,,,,,,,,,,,,,,,,,,,,,,,,,,,,,,,,,,,,,,,,,,,,,,,,,,,,,,,,,,,,,,,,,55.0,1.0,1.79,63.0,1.0,5.48,52.0,1.0,3.99,46.0,2.0,-15.28,56.0,1.0,2.65,52.0,1.0,3.95,64.0,1.0,23.87,67.0,1.0,15.69,60.0,2.0,0.6,54.0,8.0,-0.82,69.0,9.0,0.56,32.0,1.0,63.07,65.0,1.0,27.48,52.0,1.0,4.07,20.0,1.0,65.64,,,,,,,,,,,,,,,,,,,,,,,,,,,,,,,,,,,BACKUP,REM ARMADOR,159.0,53.0,2anos4meses,56.0,DVD1438,TROVÃO CONFIANÇA - NELORE,ACNP 3146,196.0,72.0,SEMI-INTENSIVO
10511,2431 ESALQ,TRUCO DA ESALQ,Nelore PO,ALQ2431,10/08/2022,36.5,,33.15,2.0,31.29,1.0,39.54,0.5,651.0,38.0,153.0,ESALQ,ESALQ,REM GALO x VERNON MAT,REM GALO,2174 ESALQ,po; ifert; carcaca-4-estrelas; maternal; peso; reprodutivo; semiintensivo,https://loja.crvbrasil.com.br/semen/touros-de-corte-zebu/nelore/truco-da-esalq,0.89,1.0,0.24,,,,0.89,1.0,10.44,,,,,,,,,,0.89,1.0,5.33,,,,0.42,3.0,1.1,0.85,1.0,24.47,,,,,,,0.89,1.0,0.48,,,,0.89,1.0,0.39,,,,,,,,,,0.38,3.0,6.96,0.85,4.0,0.53,,,,48.0,86.72,7.0,63.0,0.77,4.0,64.0,6.81,0.1,42.0,0.0,67.0,32.0,46.85,50.0,51.0,0.136,85.0,44.0,-1.41,1.0,57.0,0.07,17.0,65.0,20.05,2.0,70.0,36.38,1.0,70.0,37.37,1.0,66.0,2.15,2.0,39.0,83.17,11.0,39.0,47.0,3.06,14.0,47.0,4.3,17.0,96.0,2.0,53.0,13.74,0.5,68.0,1.06,84.0,,,,,,,,,,,,,,,,,,,,,,,,,,,,,,,,,,,,,,,,,,,,,,,,,,,,,,,,,,,,,,,,,,,,,,,,,,,,,,,,,,,,,,,,,,,,,,,,,,,,,,,,,,,,,,,,,,,,,,,,,,,,,,,,,,,,,,,,,,,,,,,,,,,,,,,,,,,,,,,,59.0,6.42,0.1,,0.05,93.0,52.0,7.43,0.5,66.0,11.83,0.1,28.0,79.58,2.0,48.0,1.71,2.0,68.0,11.54,2.0,38.0,-9.11,6.0,,57.0,0.24,41.0,61.0,1.51,26.0,67.0,21.56,0.1,71.0,2.6,0.1,66.0,1.05,99.0,68.0,33.1,0.1,58.0,1.03,10.0,,7.96,0.5,,12.86,0.5,,,,,,,,,,,,,,,,,,,,,,,,,,,,,,,,,,,,,,,,,,,,,,,,,,,,,,,,,,,,,,,,,,,,,,,,,,,,,,,,,,,,,,,,,,,,,,,,,,,,,,,,,,,,,,,,,,,,,,,,,,,,,,,,,,,,,,,,,,,,,,,,,,,,,,,,,,,,,,,,,,,,,,,,,,,,,,,,,,57.0,1.0,2.05,65.0,1.0,6.54,51.0,1.0,2.19,46.0,1.0,-21.65,53.0,6.0,-0.08,51.0,1.0,5.24,65.0,1.0,28.88,70.0,1.0,19.03,64.0,1.0,1.17,53.0,1.0,2.63,73.0,10.0,0.83,33.0,2.0,39.99,67.0,1.0,33.83,51.0,1.0,6.59,20.0,1.0,57.88,,,,,,,,,,,,,,,,,,,,,,,,,,,,,,,,,,,VERNON MAT,REM ESPIÃO007,150.0,53.0,1anoe10meses,56.0,ALQ2174,TRUCO DA ESALQ - NELORE,REMA1576,203.0,71.0,SEMI-INTENSIVO
08018,,,,,,28.0,,,,,,,,,,,,,,,,,https://loja.crvbrasil.com.br/semen/touros-de-corte-zebu/nelore/vernon-mat-nelore,,,,,,,,,,,,,,,,,,,,,,,,,,,,,,,,,,,,,,,,,,,,,,,,,,,,,,,,,,,,,,,,,,,,,,,,,,,,,,,,,,,,,,,,,,,,,,,,,,,,,,,,,,,,,,,,,,,,,,,,,,,,,,,,,,,,,,,,,,,,,,,,,,,,,,,,,,,,,,,,,,,,,,,,,,,,,,,,,,,,,,,,,,,,,,,,,,,,,,,,,,,,,,,,,,,,,,,,,,,,,,,,,,,,,,,,,,,,,,,,,,,,,,,,,,,,,,,,,,,,,,,,,,,,,,,,,,,,,,,,,,,,,,,,,,,,,,,,,,,,,,,,,,,,,,,,,,,,,,,,,,,,,,,,,,,,,,,,,,,,,,,,,,,,,,,,,,,,,,,,,,,,,,,,,,,,,,,,,,,,,,,,,,,,,,,,,,,,,,,,,,,,,,,,,,,,,,,,,,,,,,,,,,,,,,,,,,,,,,,,,,,,,,,,,,,,,,,,,,,,,,,,,,,,,,,,,,,,,,,,,,,,,,,,,,,,,,,,,,,,,,,,,,,,,,,,,,,,,,,,,,,,,,,,,,,,,,,,,,,,,,,,,,,,,,,,,,,,,,,,,,,,,,,,,,,,,,,,,,,,,,,,,,,,,,,,VERNON DA MATINHA - NELORE,,,,
,,,,,,,,,,,,,,,,,,,,,,,https://loja.crvbrasil.com.br/semen/touros-de-corte-zebu/nelore/bruthus-da-silverado-nelore,,,,,,,,,,,,,,,,,,,,,,,,,,,,,,,,,,,,,,,,,,,,,,,,,,,,,,,,,,,,,,,,,,,,,,,,,,,,,,,,,,,,,,,,,,,,,,,,,,,,,,,,,,,,,,,,,,,,,,,,,,,,,,,,,,,,,,,,,,,,,,,,,,,,,,,,,,,,,,,,,,,,,,,,,,,,,,,,,,,,,,,,,,,,,,,,,,,,,,,,,,,,,,,,,,,,,,,,,,,,,,,,,,,,,,,,,,,,,,,,,,,,,,,,,,,,,,,,,,,,,,,,,,,,,,,,,,,,,,,,,,,,,,,,,,,,,,,,,,,,,,,,,,,,,,,,,,,,,,,,,,,,,,,,,,,,,,,,,,,,,,,,,,,,,,,,,,,,,,,,,,,,,,,,,,,,,,,,,,,,,,,,,,,,,,,,,,,,,,,,,,,,,,,,,,,,,,,,,,,,,,,,,,,,,,,,,,,,,,,,,,,,,,,,,,,,,,,,,,,,,,,,,,,,,,,,,,,,,,,,,,,,,,,,,,,,,,,,,,,,,,,,,,,,,,,,,,,,,,,,,,,,,,,,,,,,,,,,,,,,,,,,,,,,,,,,,,,,,,,,,,,,,,,,,,,,,,,,,,,,,,,,,,,,,,,,BRUTHUS DA SILVERADO - NELORE,,,,
,,,,,,,,,,,,,,,,,,,,,,,https://loja.crvbrasil.com.br/semen/touros-de-corte-zebu/nelore/bugatti-da-confianca-nelore,,,,,,,,,,,,,,,,,,,,,,,,,,,,,,,,,,,,,,,,,,,,,,,,,,,,,,,,,,,,,,,,,,,,,,,,,,,,,,,,,,,,,,,,,,,,,,,,,,,,,,,,,,,,,,,,,,,,,,,,,,,,,,,,,,,,,,,,,,,,,,,,,,,,,,,,,,,,,,,,,,,,,,,,,,,,,,,,,,,,,,,,,,,,,,,,,,,,,,,,,,,,,,,,,,,,,,,,,,,,,,,,,,,,,,,,,,,,,,,,,,,,,,,,,,,,,,,,,,,,,,,,,,,,,,,,,,,,,,,,,,,,,,,,,,,,,,,,,,,,,,,,,,,,,,,,,,,,,,,,,,,,,,,,,,,,,,,,,,,,,,,,,,,,,,,,,,,,,,,,,,,,,,,,,,,,,,,,,,,,,,,,,,,,,,,,,,,,,,,,,,,,,,,,,,,,,,,,,,,,,,,,,,,,,,,,,,,,,,,,,,,,,,,,,,,,,,,,,,,,,,,,,,,,,,,,,,,,,,,,,,,,,,,,,,,,,,,,,,,,,,,,,,,,,,,,,,,,,,,,,,,,,,,,,,,,,,,,,,,,,,,,,,,,,,,,,,,,,,,,,,,,,,,,,,,,,,,,,,,,,,,,,,,,,,,,BUGATTI DA CONFIANÇA - NELORE,,,,
,,,,,,,,,,,,,,,,,,,,,,,https://loja.crvbrasil.com.br/semen/touros-de-corte-zebu/nelore/chumbo-da-diamante-nelore,,,,,,,,,,,,,,,,,,,,,,,,,,,,,,,,,,,,,,,,,,,,,,,,,,,,,,,,,,,,,,,,,,,,,,,,,,,,,,,,,,,,,,,,,,,,,,,,,,,,,,,,,,,,,,,,,,,,,,,,,,,,,,,,,,,,,,,,,,,,,,,,,,,,,,,,,,,,,,,,,,,,,,,,,,,,,,,,,,,,,,,,,,,,,,,,,,,,,,,,,,,,,,,,,,,,,,,,,,,,,,,,,,,,,,,,,,,,,,,,,,,,,,,,,,,,,,,,,,,,,,,,,,,,,,,,,,,,,,,,,,,,,,,,,,,,,,,,,,,,,,,,,,,,,,,,,,,,,,,,,,,,,,,,,,,,,,,,,,,,,,,,,,,,,,,,,,,,,,,,,,,,,,,,,,,,,,,,,,,,,,,,,,,,,,,,,,,,,,,,,,,,,,,,,,,,,,,,,,,,,,,,,,,,,,,,,,,,,,,,,,,,,,,,,,,,,,,,,,,,,,,,,,,,,,,,,,,,,,,,,,,,,,,,,,,,,,,,,,,,,,,,,,,,,,,,,,,,,,,,,,,,,,,,,,,,,,,,,,,,,,,,,,,,,,,,,,,,,,,,,,,,,,,,,,,,,,,,,,,,,,,,,,,,,,,,CHUMBO DA DIAMANTE - NELORE,,,,
,,,,,,,,,,,,,,,,,,,,,,,https://loja.crvbrasil.com.br/semen/touros-de-corte-zebu/nelore/classic-vrjo-nelore,,,,,,,,,,,,,,,,,,,,,,,,,,,,,,,,,,,,,,,,,,,,,,,,,,,,,,,,,,,,,,,,,,,,,,,,,,,,,,,,,,,,,,,,,,,,,,,,,,,,,,,,,,,,,,,,,,,,,,,,,,,,,,,,,,,,,,,,,,,,,,,,,,,,,,,,,,,,,,,,,,,,,,,,,,,,,,,,,,,,,,,,,,,,,,,,,,,,,,,,,,,,,,,,,,,,,,,,,,,,,,,,,,,,,,,,,,,,,,,,,,,,,,,,,,,,,,,,,,,,,,,,,,,,,,,,,,,,,,,,,,,,,,,,,,,,,,,,,,,,,,,,,,,,,,,,,,,,,,,,,,,,,,,,,,,,,,,,,,,,,,,,,,,,,,,,,,,,,,,,,,,,,,,,,,,,,,,,,,,,,,,,,,,,,,,,,,,,,,,,,,,,,,,,,,,,,,,,,,,,,,,,,,,,,,,,,,,,,,,,,,,,,,,,,,,,,,,,,,,,,,,,,,,,,,,,,,,,,,,,,,,,,,,,,,,,,,,,,,,,,,,,,,,,,,,,,,,,,,,,,,,,,,,,,,,,,,,,,,,,,,,,,,,,,,,,,,,,,,,,,,,,,,,,,,,,,,,,,,,,,,,,,,,,,,,,CLASSIC VRJO - NELORE,,,,
,,,,,,,,,,,,,,,,,,,,,,,https://loja.crvbrasil.com.br/semen/touros-de-corte-zebu/nelore/coliseu-fiv-grupo-costa,,,,,,,,,,,,,,,,,,,,,,,,,,,,,,,,,,,,,,,,,,,,,,,,,,,,,,,,,,,,,,,,,,,,,,,,,,,,,,,,,,,,,,,,,,,,,,,,,,,,,,,,,,,,,,,,,,,,,,,,,,,,,,,,,,,,,,,,,,,,,,,,,,,,,,,,,,,,,,,,,,,,,,,,,,,,,,,,,,,,,,,,,,,,,,,,,,,,,,,,,,,,,,,,,,,,,,,,,,,,,,,,,,,,,,,,,,,,,,,,,,,,,,,,,,,,,,,,,,,,,,,,,,,,,,,,,,,,,,,,,,,,,,,,,,,,,,,,,,,,,,,,,,,,,,,,,,,,,,,,,,,,,,,,,,,,,,,,,,,,,,,,,,,,,,,,,,,,,,,,,,,,,,,,,,,,,,,,,,,,,,,,,,,,,,,,,,,,,,,,,,,,,,,,,,,,,,,,,,,,,,,,,,,,,,,,,,,,,,,,,,,,,,,,,,,,,,,,,,,,,,,,,,,,,,,,,,,,,,,,,,,,,,,,,,,,,,,,,,,,,,,,,,,,,,,,,,,,,,,,,,,,,,,,,,,,,,,,,,,,,,,,,,,,,,,,,,,,,,,,,,,,,,,,,,,,,,,,,,,,,,,,,,,,,,,,COLISEU GRUPO COSTA - NELORE,,,,
,,,,,,,,,,,,,,,,,,,,,,,https://loja.crvbrasil.com.br/semen/touros-de-corte-zebu/nelore/corumba-fvc-nelore,,,,,,,,,,,,,,,,,,,,,,,,,,,,,,,,,,,,,,,,,,,,,,,,,,,,,,,,,,,,,,,,,,,,,,,,,,,,,,,,,,,,,,,,,,,,,,,,,,,,,,,,,,,,,,,,,,,,,,,,,,,,,,,,,,,,,,,,,,,,,,,,,,,,,,,,,,,,,,,,,,,,,,,,,,,,,,,,,,,,,,,,,,,,,,,,,,,,,,,,,,,,,,,,,,,,,,,,,,,,,,,,,,,,,,,,,,,,,,,,,,,,,,,,,,,,,,,,,,,,,,,,,,,,,,,,,,,,,,,,,,,,,,,,,,,,,,,,,,,,,,,,,,,,,,,,,,,,,,,,,,,,,,,,,,,,,,,,,,,,,,,,,,,,,,,,,,,,,,,,,,,,,,,,,,,,,,,,,,,,,,,,,,,,,,,,,,,,,,,,,,,,,,,,,,,,,,,,,,,,,,,,,,,,,,,,,,,,,,,,,,,,,,,,,,,,,,,,,,,,,,,,,,,,,,,,,,,,,,,,,,,,,,,,,,,,,,,,,,,,,,,,,,,,,,,,,,,,,,,,,,,,,,,,,,,,,,,,,,,,,,,,,,,,,,,,,,,,,,,,,,,,,,,,,,,,,,,,,,,,,,,,,,,,,,,,CORUMBA FVC - NELORE,,,,
,,,,,,,,,,,,,,,,,,,,,,,https://loja.crvbrasil.com.br/semen/touros-de-corte-zebu/nelore/decisivo-gren-nelore,,,,,,,,,,,,,,,,,,,,,,,,,,,,,,,,,,,,,,,,,,,,,,,,,,,,,,,,,,,,,,,,,,,,,,,,,,,,,,,,,,,,,,,,,,,,,,,,,,,,,,,,,,,,,,,,,,,,,,,,,,,,,,,,,,,,,,,,,,,,,,,,,,,,,,,,,,,,,,,,,,,,,,,,,,,,,,,,,,,,,,,,,,,,,,,,,,,,,,,,,,,,,,,,,,,,,,,,,,,,,,,,,,,,,,,,,,,,,,,,,,,,,,,,,,,,,,,,,,,,,,,,,,,,,,,,,,,,,,,,,,,,,,,,,,,,,,,,,,,,,,,,,,,,,,,,,,,,,,,,,,,,,,,,,,,,,,,,,,,,,,,,,,,,,,,,,,,,,,,,,,,,,,,,,,,,,,,,,,,,,,,,,,,,,,,,,,,,,,,,,,,,,,,,,,,,,,,,,,,,,,,,,,,,,,,,,,,,,,,,,,,,,,,,,,,,,,,,,,,,,,,,,,,,,,,,,,,,,,,,,,,,,,,,,,,,,,,,,,,,,,,,,,,,,,,,,,,,,,,,,,,,,,,,,,,,,,,,,,,,,,,,,,,,,,,,,,,,,,,,,,,,,,,,,,,,,,,,,,,,,,,,,,,,,,,,DECISIVO GREN - NELORE,,,,
,,,,,,,,,,,,,,,,,,,,,,,https://loja.crvbrasil.com.br/semen/touros-de-corte-zebu/nelore/efetivo-jacamim-nelore,,,,,,,,,,,,,,,,,,,,,,,,,,,,,,,,,,,,,,,,,,,,,,,,,,,,,,,,,,,,,,,,,,,,,,,,,,,,,,,,,,,,,,,,,,,,,,,,,,,,,,,,,,,,,,,,,,,,,,,,,,,,,,,,,,,,,,,,,,,,,,,,,,,,,,,,,,,,,,,,,,,,,,,,,,,,,,,,,,,,,,,,,,,,,,,,,,,,,,,,,,,,,,,,,,,,,,,,,,,,,,,,,,,,,,,,,,,,,,,,,,,,,,,,,,,,,,,,,,,,,,,,,,,,,,,,,,,,,,,,,,,,,,,,,,,,,,,,,,,,,,,,,,,,,,,,,,,,,,,,,,,,,,,,,,,,,,,,,,,,,,,,,,,,,,,,,,,,,,,,,,,,,,,,,,,,,,,,,,,,,,,,,,,,,,,,,,,,,,,,,,,,,,,,,,,,,,,,,,,,,,,,,,,,,,,,,,,,,,,,,,,,,,,,,,,,,,,,,,,,,,,,,,,,,,,,,,,,,,,,,,,,,,,,,,,,,,,,,,,,,,,,,,,,,,,,,,,,,,,,,,,,,,,,,,,,,,,,,,,,,,,,,,,,,,,,,,,,,,,,,,,,,,,,,,,,,,,,,,,,,,,,,,,,,,,,EFETIVO JACAMIM - NELORE,,,,
,,,,,,,,,,,,,,,,,,,,,,,https://loja.crvbrasil.com.br/semen/touros-de-corte-zebu/nelore/enlevo-morungaba-ne,,,,,,,,,,,,,,,,,,,,,,,,,,,,,,,,,,,,,,,,,,,,,,,,,,,,,,,,,,,,,,,,,,,,,,,,,,,,,,,,,,,,,,,,,,,,,,,,,,,,,,,,,,,,,,,,,,,,,,,,,,,,,,,,,,,,,,,,,,,,,,,,,,,,,,,,,,,,,,,,,,,,,,,,,,,,,,,,,,,,,,,,,,,,,,,,,,,,,,,,,,,,,,,,,,,,,,,,,,,,,,,,,,,,,,,,,,,,,,,,,,,,,,,,,,,,,,,,,,,,,,,,,,,,,,,,,,,,,,,,,,,,,,,,,,,,,,,,,,,,,,,,,,,,,,,,,,,,,,,,,,,,,,,,,,,,,,,,,,,,,,,,,,,,,,,,,,,,,,,,,,,,,,,,,,,,,,,,,,,,,,,,,,,,,,,,,,,,,,,,,,,,,,,,,,,,,,,,,,,,,,,,,,,,,,,,,,,,,,,,,,,,,,,,,,,,,,,,,,,,,,,,,,,,,,,,,,,,,,,,,,,,,,,,,,,,,,,,,,,,,,,,,,,,,,,,,,,,,,,,,,,,,,,,,,,,,,,,,,,,,,,,,,,,,,,,,,,,,,,,,,,,,,,,,,,,,,,,,,,,,,,,,,,,,,,,ENLEVO MORUNGABA - NE,,,,
,,,,,,,,,,,,,,,,,,,,,,,https://loja.crvbrasil.com.br/semen/touros-de-corte-zebu/nelore/estouro-7-estrelas-nelore,,,,,,,,,,,,,,,,,,,,,,,,,,,,,,,,,,,,,,,,,,,,,,,,,,,,,,,,,,,,,,,,,,,,,,,,,,,,,,,,,,,,,,,,,,,,,,,,,,,,,,,,,,,,,,,,,,,,,,,,,,,,,,,,,,,,,,,,,,,,,,,,,,,,,,,,,,,,,,,,,,,,,,,,,,,,,,,,,,,,,,,,,,,,,,,,,,,,,,,,,,,,,,,,,,,,,,,,,,,,,,,,,,,,,,,,,,,,,,,,,,,,,,,,,,,,,,,,,,,,,,,,,,,,,,,,,,,,,,,,,,,,,,,,,,,,,,,,,,,,,,,,,,,,,,,,,,,,,,,,,,,,,,,,,,,,,,,,,,,,,,,,,,,,,,,,,,,,,,,,,,,,,,,,,,,,,,,,,,,,,,,,,,,,,,,,,,,,,,,,,,,,,,,,,,,,,,,,,,,,,,,,,,,,,,,,,,,,,,,,,,,,,,,,,,,,,,,,,,,,,,,,,,,,,,,,,,,,,,,,,,,,,,,,,,,,,,,,,,,,,,,,,,,,,,,,,,,,,,,,,,,,,,,,,,,,,,,,,,,,,,,,,,,,,,,,,,,,,,,,,,,,,,,,,,,,,,,,,,,,,,,,,,,,,,,,ESTOURO 7 ESTRELAS - NELORE,,,,
,,,,,,,,,,,,,,,,,,,,,,,https://loja.crvbrasil.com.br/semen/touros-de-corte-zebu/nelore/estrondo-ema-nelore,,,,,,,,,,,,,,,,,,,,,,,,,,,,,,,,,,,,,,,,,,,,,,,,,,,,,,,,,,,,,,,,,,,,,,,,,,,,,,,,,,,,,,,,,,,,,,,,,,,,,,,,,,,,,,,,,,,,,,,,,,,,,,,,,,,,,,,,,,,,,,,,,,,,,,,,,,,,,,,,,,,,,,,,,,,,,,,,,,,,,,,,,,,,,,,,,,,,,,,,,,,,,,,,,,,,,,,,,,,,,,,,,,,,,,,,,,,,,,,,,,,,,,,,,,,,,,,,,,,,,,,,,,,,,,,,,,,,,,,,,,,,,,,,,,,,,,,,,,,,,,,,,,,,,,,,,,,,,,,,,,,,,,,,,,,,,,,,,,,,,,,,,,,,,,,,,,,,,,,,,,,,,,,,,,,,,,,,,,,,,,,,,,,,,,,,,,,,,,,,,,,,,,,,,,,,,,,,,,,,,,,,,,,,,,,,,,,,,,,,,,,,,,,,,,,,,,,,,,,,,,,,,,,,,,,,,,,,,,,,,,,,,,,,,,,,,,,,,,,,,,,,,,,,,,,,,,,,,,,,,,,,,,,,,,,,,,,,,,,,,,,,,,,,,,,,,,,,,,,,,,,,,,,,,,,,,,,,,,,,,,,,,,,,,,,,ESTRONDO EMA - NELORE,,,,
,,,,,,,,,,,,,,,,,,,,,,,https://loja.crvbrasil.com.br/semen/touros-de-corte-zebu/nelore/executivo-7-estrelas-nelore,,,,,,,,,,,,,,,,,,,,,,,,,,,,,,,,,,,,,,,,,,,,,,,,,,,,,,,,,,,,,,,,,,,,,,,,,,,,,,,,,,,,,,,,,,,,,,,,,,,,,,,,,,,,,,,,,,,,,,,,,,,,,,,,,,,,,,,,,,,,,,,,,,,,,,,,,,,,,,,,,,,,,,,,,,,,,,,,,,,,,,,,,,,,,,,,,,,,,,,,,,,,,,,,,,,,,,,,,,,,,,,,,,,,,,,,,,,,,,,,,,,,,,,,,,,,,,,,,,,,,,,,,,,,,,,,,,,,,,,,,,,,,,,,,,,,,,,,,,,,,,,,,,,,,,,,,,,,,,,,,,,,,,,,,,,,,,,,,,,,,,,,,,,,,,,,,,,,,,,,,,,,,,,,,,,,,,,,,,,,,,,,,,,,,,,,,,,,,,,,,,,,,,,,,,,,,,,,,,,,,,,,,,,,,,,,,,,,,,,,,,,,,,,,,,,,,,,,,,,,,,,,,,,,,,,,,,,,,,,,,,,,,,,,,,,,,,,,,,,,,,,,,,,,,,,,,,,,,,,,,,,,,,,,,,,,,,,,,,,,,,,,,,,,,,,,,,,,,,,,,,,,,,,,,,,,,,,,,,,,,,,,,,,,,,,,EXECUTIVO 7 ESTRELAS - NELORE,,,,
,,,,,,,,,,,,,,,,,,,,,,,https://loja.crvbrasil.com.br/semen/touros-de-corte-zebu/nelore/expoente-ema-nelore,,,,,,,,,,,,,,,,,,,,,,,,,,,,,,,,,,,,,,,,,,,,,,,,,,,,,,,,,,,,,,,,,,,,,,,,,,,,,,,,,,,,,,,,,,,,,,,,,,,,,,,,,,,,,,,,,,,,,,,,,,,,,,,,,,,,,,,,,,,,,,,,,,,,,,,,,,,,,,,,,,,,,,,,,,,,,,,,,,,,,,,,,,,,,,,,,,,,,,,,,,,,,,,,,,,,,,,,,,,,,,,,,,,,,,,,,,,,,,,,,,,,,,,,,,,,,,,,,,,,,,,,,,,,,,,,,,,,,,,,,,,,,,,,,,,,,,,,,,,,,,,,,,,,,,,,,,,,,,,,,,,,,,,,,,,,,,,,,,,,,,,,,,,,,,,,,,,,,,,,,,,,,,,,,,,,,,,,,,,,,,,,,,,,,,,,,,,,,,,,,,,,,,,,,,,,,,,,,,,,,,,,,,,,,,,,,,,,,,,,,,,,,,,,,,,,,,,,,,,,,,,,,,,,,,,,,,,,,,,,,,,,,,,,,,,,,,,,,,,,,,,,,,,,,,,,,,,,,,,,,,,,,,,,,,,,,,,,,,,,,,,,,,,,,,,,,,,,,,,,,,,,,,,,,,,,,,,,,,,,,,,,,,,,,,,,EXPOENTE EMA - NELORE,,,,
,,,,,,,,,,,,,,,,,,,,,,,https://loja.crvbrasil.com.br/semen/touros-de-corte-zebu/nelore/fajardo-ne,,,,,,,,,,,,,,,,,,,,,,,,,,,,,,,,,,,,,,,,,,,,,,,,,,,,,,,,,,,,,,,,,,,,,,,,,,,,,,,,,,,,,,,,,,,,,,,,,,,,,,,,,,,,,,,,,,,,,,,,,,,,,,,,,,,,,,,,,,,,,,,,,,,,,,,,,,,,,,,,,,,,,,,,,,,,,,,,,,,,,,,,,,,,,,,,,,,,,,,,,,,,,,,,,,,,,,,,,,,,,,,,,,,,,,,,,,,,,,,,,,,,,,,,,,,,,,,,,,,,,,,,,,,,,,,,,,,,,,,,,,,,,,,,,,,,,,,,,,,,,,,,,,,,,,,,,,,,,,,,,,,,,,,,,,,,,,,,,,,,,,,,,,,,,,,,,,,,,,,,,,,,,,,,,,,,,,,,,,,,,,,,,,,,,,,,,,,,,,,,,,,,,,,,,,,,,,,,,,,,,,,,,,,,,,,,,,,,,,,,,,,,,,,,,,,,,,,,,,,,,,,,,,,,,,,,,,,,,,,,,,,,,,,,,,,,,,,,,,,,,,,,,,,,,,,,,,,,,,,,,,,,,,,,,,,,,,,,,,,,,,,,,,,,,,,,,,,,,,,,,,,,,,,,,,,,,,,,,,,,,,,,,,,,,,,,FAJARDO GB - NE,,,,
,,,,,,,,,,,,,,,,,,,,,,,https://loja.crvbrasil.com.br/semen/touros-de-corte-zebu/nelore/fnan-dubai-nelore,,,,,,,,,,,,,,,,,,,,,,,,,,,,,,,,,,,,,,,,,,,,,,,,,,,,,,,,,,,,,,,,,,,,,,,,,,,,,,,,,,,,,,,,,,,,,,,,,,,,,,,,,,,,,,,,,,,,,,,,,,,,,,,,,,,,,,,,,,,,,,,,,,,,,,,,,,,,,,,,,,,,,,,,,,,,,,,,,,,,,,,,,,,,,,,,,,,,,,,,,,,,,,,,,,,,,,,,,,,,,,,,,,,,,,,,,,,,,,,,,,,,,,,,,,,,,,,,,,,,,,,,,,,,,,,,,,,,,,,,,,,,,,,,,,,,,,,,,,,,,,,,,,,,,,,,,,,,,,,,,,,,,,,,,,,,,,,,,,,,,,,,,,,,,,,,,,,,,,,,,,,,,,,,,,,,,,,,,,,,,,,,,,,,,,,,,,,,,,,,,,,,,,,,,,,,,,,,,,,,,,,,,,,,,,,,,,,,,,,,,,,,,,,,,,,,,,,,,,,,,,,,,,,,,,,,,,,,,,,,,,,,,,,,,,,,,,,,,,,,,,,,,,,,,,,,,,,,,,,,,,,,,,,,,,,,,,,,,,,,,,,,,,,,,,,,,,,,,,,,,,,,,,,,,,,,,,,,,,,,,,,,,,,,,,,,FNAN DUBAI - NELORE,,,,
,,,,,,,,,,,,,,,,,,,,,,,https://loja.crvbrasil.com.br/semen/touros-de-corte-zebu/nelore/fusion-eao-nelore,,,,,,,,,,,,,,,,,,,,,,,,,,,,,,,,,,,,,,,,,,,,,,,,,,,,,,,,,,,,,,,,,,,,,,,,,,,,,,,,,,,,,,,,,,,,,,,,,,,,,,,,,,,,,,,,,,,,,,,,,,,,,,,,,,,,,,,,,,,,,,,,,,,,,,,,,,,,,,,,,,,,,,,,,,,,,,,,,,,,,,,,,,,,,,,,,,,,,,,,,,,,,,,,,,,,,,,,,,,,,,,,,,,,,,,,,,,,,,,,,,,,,,,,,,,,,,,,,,,,,,,,,,,,,,,,,,,,,,,,,,,,,,,,,,,,,,,,,,,,,,,,,,,,,,,,,,,,,,,,,,,,,,,,,,,,,,,,,,,,,,,,,,,,,,,,,,,,,,,,,,,,,,,,,,,,,,,,,,,,,,,,,,,,,,,,,,,,,,,,,,,,,,,,,,,,,,,,,,,,,,,,,,,,,,,,,,,,,,,,,,,,,,,,,,,,,,,,,,,,,,,,,,,,,,,,,,,,,,,,,,,,,,,,,,,,,,,,,,,,,,,,,,,,,,,,,,,,,,,,,,,,,,,,,,,,,,,,,,,,,,,,,,,,,,,,,,,,,,,,,,,,,,,,,,,,,,,,,,,,,,,,,,,,,,,,FUSION EAO - NELORE,,,,
12274,C1656 FIV DA EAO,GALÃ DA EAO,Nelore PO,EAOC1656,26/06/2023,0.0,,36.44,0.1,36.83,1.0,45.72,0.1,748.0,41.0,155.0,EAO Agropecuária,EAO Agropecuária e Jose Edinaldo,D8 DA EAO x QUARUP BONS,D8 DA EAO,3272 DA EAO,po; carcaca-5-estrelas; maternal; peso; reprodutivo; semiextensivo,https://loja.crvbrasil.com.br/semen/touros-de-corte-zebu/nelore/gala-da-eao-nelore,,,,,,,,,,,,,,,,,,,,,,,,,,,,,,,,,,,,,,,,,,,,,,,,,,,,,,,,,,,,,,,,58.0,89.36,3.0,64.0,1.44,0.1,66.0,5.19,2.0,48.0,0.0,67.0,45.0,41.47,85.0,54.0,-0.35,3.0,38.0,-1.04,9.0,62.0,0.17,3.0,66.0,21.35,1.0,65.0,31.84,3.0,67.0,33.77,3.0,63.0,1.47,9.0,54.0,92.3,4.0,45.0,45.0,5.91,1.0,44.0,7.68,2.0,0.0,0.0,51.0,13.49,0.5,64.0,1.44,94.0,,,,,,,,,,,,,,,,,,,,,,,,,,,,,,,,,,,,,,,,,,,,,,,,,,,,,,,,,,,,,,,,,,,,,,,,,,,,,,,,,,,,,,,,,,,,,,,,,,,,,,,,,,,,,,,,,,,,,,,,,,,,,,,,,,,,,,,,,,,,,,,,,,,,,,,,,,,,,,,,62.0,4.04,1.0,,0.17,99.0,53.0,7.8,0.5,62.0,10.81,0.5,24.0,86.78,0.5,48.0,2.82,0.1,63.0,10.97,2.0,38.0,-7.71,9.0,,61.0,1.74,2.0,48.0,6.9,0.1,59.0,17.35,0.1,68.0,2.7,0.1,57.0,0.78,97.0,63.0,28.32,0.5,57.0,2.09,1.0,,11.7,0.1,,18.51,0.1,,,,,,,,,,,,,,,,,,,,,,,,,,,,,,,,,,,,,,,,,,,,,,,,,,,,,,,,,,,,,,,,,,,,,,,,,,,,,,,,,,,,,,,,,,,,,,,,,,,,,,,,,,,,,,,,,,,,,,,,,,,,,,,,,,,,,,,,,,,,,,,,,,,,,,,,,,,,,,,,,,,,,,,,,,,,,,,,,,53.0,1.0,6.23,61.0,1.0,4.47,50.0,1.0,4.82,46.0,1.0,-32.15,54.0,1.0,2.58,50.0,1.0,4.24,62.0,1.0,25.26,63.0,1.0,17.2,61.0,1.0,1.67,53.0,1.0,7.33,64.0,10.0,0.73,30.0,1.0,45.56,63.0,1.0,29.19,50.0,1.0,4.23,18.0,1.0,62.8,,,,,,,,,,,,,,,,,,,,,,,,,,,,,,,,,,,QUARUP BONS,REM ESPIAO007,167.0,55.0,2 anos e 4 meses,54.0,EAOB3272,GALÃ DA EAO - NELORE,EAOB4051,220.0,73.0,SEMI-EXTENSIVO
,,,,,,,,,,,,,,,,,,,,,,,https://loja.crvbrasil.com.br/semen/touros-de-corte-zebu/nelore/granizo-santa-nice-nelore,,,,,,,,,,,,,,,,,,,,,,,,,,,,,,,,,,,,,,,,,,,,,,,,,,,,,,,,,,,,,,,,,,,,,,,,,,,,,,,,,,,,,,,,,,,,,,,,,,,,,,,,,,,,,,,,,,,,,,,,,,,,,,,,,,,,,,,,,,,,,,,,,,,,,,,,,,,,,,,,,,,,,,,,,,,,,,,,,,,,,,,,,,,,,,,,,,,,,,,,,,,,,,,,,,,,,,,,,,,,,,,,,,,,,,,,,,,,,,,,,,,,,,,,,,,,,,,,,,,,,,,,,,,,,,,,,,,,,,,,,,,,,,,,,,,,,,,,,,,,,,,,,,,,,,,,,,,,,,,,,,,,,,,,,,,,,,,,,,,,,,,,,,,,,,,,,,,,,,,,,,,,,,,,,,,,,,,,,,,,,,,,,,,,,,,,,,,,,,,,,,,,,,,,,,,,,,,,,,,,,,,,,,,,,,,,,,,,,,,,,,,,,,,,,,,,,,,,,,,,,,,,,,,,,,,,,,,,,,,,,,,,,,,,,,,,,,,,,,,,,,,,,,,,,,,,,,,,,,,,,,,,,,,,,,,,,,,,,,,,,,,,,,,,,,,,,,,,,,,,,,,,,,,,,,,,,,,,,,,,,,,,,,,,,,,,GRANIZO SANTA NICE - NELORE,,,,
,,,,,,,,,,,,,,,,,,,,,,,https://loja.crvbrasil.com.br/semen/touros-de-corte-zebu/nelore/handicap-bons-nelore,,,,,,,,,,,,,,,,,,,,,,,,,,,,,,,,,,,,,,,,,,,,,,,,,,,,,,,,,,,,,,,,,,,,,,,,,,,,,,,,,,,,,,,,,,,,,,,,,,,,,,,,,,,,,,,,,,,,,,,,,,,,,,,,,,,,,,,,,,,,,,,,,,,,,,,,,,,,,,,,,,,,,,,,,,,,,,,,,,,,,,,,,,,,,,,,,,,,,,,,,,,,,,,,,,,,,,,,,,,,,,,,,,,,,,,,,,,,,,,,,,,,,,,,,,,,,,,,,,,,,,,,,,,,,,,,,,,,,,,,,,,,,,,,,,,,,,,,,,,,,,,,,,,,,,,,,,,,,,,,,,,,,,,,,,,,,,,,,,,,,,,,,,,,,,,,,,,,,,,,,,,,,,,,,,,,,,,,,,,,,,,,,,,,,,,,,,,,,,,,,,,,,,,,,,,,,,,,,,,,,,,,,,,,,,,,,,,,,,,,,,,,,,,,,,,,,,,,,,,,,,,,,,,,,,,,,,,,,,,,,,,,,,,,,,,,,,,,,,,,,,,,,,,,,,,,,,,,,,,,,,,,,,,,,,,,,,,,,,,,,,,,,,,,,,,,,,,,,,,,,,,,,,,,,,,,,,,,,,,,,,,,,,,,,,,,HANDICAP BONS - NELORE,,,,
,,,,,,,,,,,,,,,,,,,,,,,https://loja.crvbrasil.com.br/semen/touros-de-corte-zebu/nelore/malbec-cachoeirao-nelore,,,,,,,,,,,,,,,,,,,,,,,,,,,,,,,,,,,,,,,,,,,,,,,,,,,,,,,,,,,,,,,,,,,,,,,,,,,,,,,,,,,,,,,,,,,,,,,,,,,,,,,,,,,,,,,,,,,,,,,,,,,,,,,,,,,,,,,,,,,,,,,,,,,,,,,,,,,,,,,,,,,,,,,,,,,,,,,,,,,,,,,,,,,,,,,,,,,,,,,,,,,,,,,,,,,,,,,,,,,,,,,,,,,,,,,,,,,,,,,,,,,,,,,,,,,,,,,,,,,,,,,,,,,,,,,,,,,,,,,,,,,,,,,,,,,,,,,,,,,,,,,,,,,,,,,,,,,,,,,,,,,,,,,,,,,,,,,,,,,,,,,,,,,,,,,,,,,,,,,,,,,,,,,,,,,,,,,,,,,,,,,,,,,,,,,,,,,,,,,,,,,,,,,,,,,,,,,,,,,,,,,,,,,,,,,,,,,,,,,,,,,,,,,,,,,,,,,,,,,,,,,,,,,,,,,,,,,,,,,,,,,,,,,,,,,,,,,,,,,,,,,,,,,,,,,,,,,,,,,,,,,,,,,,,,,,,,,,,,,,,,,,,,,,,,,,,,,,,,,,,,,,,,,,,,,,,,,,,,,,,,,,,,,,,,,,MALBEC CACHOEIRÃO - NELORE,,,,
,,,,,,,,,,,,,,,,,,,,,,,https://loja.crvbrasil.com.br/semen/touros-de-corte-zebu/nelore/maquina-fvc-nelore,,,,,,,,,,,,,,,,,,,,,,,,,,,,,,,,,,,,,,,,,,,,,,,,,,,,,,,,,,,,,,,,,,,,,,,,,,,,,,,,,,,,,,,,,,,,,,,,,,,,,,,,,,,,,,,,,,,,,,,,,,,,,,,,,,,,,,,,,,,,,,,,,,,,,,,,,,,,,,,,,,,,,,,,,,,,,,,,,,,,,,,,,,,,,,,,,,,,,,,,,,,,,,,,,,,,,,,,,,,,,,,,,,,,,,,,,,,,,,,,,,,,,,,,,,,,,,,,,,,,,,,,,,,,,,,,,,,,,,,,,,,,,,,,,,,,,,,,,,,,,,,,,,,,,,,,,,,,,,,,,,,,,,,,,,,,,,,,,,,,,,,,,,,,,,,,,,,,,,,,,,,,,,,,,,,,,,,,,,,,,,,,,,,,,,,,,,,,,,,,,,,,,,,,,,,,,,,,,,,,,,,,,,,,,,,,,,,,,,,,,,,,,,,,,,,,,,,,,,,,,,,,,,,,,,,,,,,,,,,,,,,,,,,,,,,,,,,,,,,,,,,,,,,,,,,,,,,,,,,,,,,,,,,,,,,,,,,,,,,,,,,,,,,,,,,,,,,,,,,,,,,,,,,,,,,,,,,,,,,,,,,,,,,,,,,,MAQUINA FVC - NELORE,,,,
,,,,,,,,,,,,,,,,,,,,,,,https://loja.crvbrasil.com.br/semen/touros-de-corte-zebu/nelore/matisse-da-mn-nelore,,,,,,,,,,,,,,,,,,,,,,,,,,,,,,,,,,,,,,,,,,,,,,,,,,,,,,,,,,,,,,,,,,,,,,,,,,,,,,,,,,,,,,,,,,,,,,,,,,,,,,,,,,,,,,,,,,,,,,,,,,,,,,,,,,,,,,,,,,,,,,,,,,,,,,,,,,,,,,,,,,,,,,,,,,,,,,,,,,,,,,,,,,,,,,,,,,,,,,,,,,,,,,,,,,,,,,,,,,,,,,,,,,,,,,,,,,,,,,,,,,,,,,,,,,,,,,,,,,,,,,,,,,,,,,,,,,,,,,,,,,,,,,,,,,,,,,,,,,,,,,,,,,,,,,,,,,,,,,,,,,,,,,,,,,,,,,,,,,,,,,,,,,,,,,,,,,,,,,,,,,,,,,,,,,,,,,,,,,,,,,,,,,,,,,,,,,,,,,,,,,,,,,,,,,,,,,,,,,,,,,,,,,,,,,,,,,,,,,,,,,,,,,,,,,,,,,,,,,,,,,,,,,,,,,,,,,,,,,,,,,,,,,,,,,,,,,,,,,,,,,,,,,,,,,,,,,,,,,,,,,,,,,,,,,,,,,,,,,,,,,,,,,,,,,,,,,,,,,,,,,,,,,,,,,,,,,,,,,,,,,,,,,,,,,,,MATISSE DA MN - NELORE,,,,
,,,,,,,,,,,,,,,,,,,,,,,https://loja.crvbrasil.com.br/semen/touros-de-corte-zebu/nelore/mestre-fst-nelore,,,,,,,,,,,,,,,,,,,,,,,,,,,,,,,,,,,,,,,,,,,,,,,,,,,,,,,,,,,,,,,,,,,,,,,,,,,,,,,,,,,,,,,,,,,,,,,,,,,,,,,,,,,,,,,,,,,,,,,,,,,,,,,,,,,,,,,,,,,,,,,,,,,,,,,,,,,,,,,,,,,,,,,,,,,,,,,,,,,,,,,,,,,,,,,,,,,,,,,,,,,,,,,,,,,,,,,,,,,,,,,,,,,,,,,,,,,,,,,,,,,,,,,,,,,,,,,,,,,,,,,,,,,,,,,,,,,,,,,,,,,,,,,,,,,,,,,,,,,,,,,,,,,,,,,,,,,,,,,,,,,,,,,,,,,,,,,,,,,,,,,,,,,,,,,,,,,,,,,,,,,,,,,,,,,,,,,,,,,,,,,,,,,,,,,,,,,,,,,,,,,,,,,,,,,,,,,,,,,,,,,,,,,,,,,,,,,,,,,,,,,,,,,,,,,,,,,,,,,,,,,,,,,,,,,,,,,,,,,,,,,,,,,,,,,,,,,,,,,,,,,,,,,,,,,,,,,,,,,,,,,,,,,,,,,,,,,,,,,,,,,,,,,,,,,,,,,,,,,,,,,,,,,,,,,,,,,,,,,,,,,,,,,,,,,,MESTRE FST - NELORE,,,,
,,,,,,,,,,,,,,,,,,,,,,,https://loja.crvbrasil.com.br/semen/touros-de-corte-zebu/nelore/nacho-da-hora-nelore,,,,,,,,,,,,,,,,,,,,,,,,,,,,,,,,,,,,,,,,,,,,,,,,,,,,,,,,,,,,,,,,,,,,,,,,,,,,,,,,,,,,,,,,,,,,,,,,,,,,,,,,,,,,,,,,,,,,,,,,,,,,,,,,,,,,,,,,,,,,,,,,,,,,,,,,,,,,,,,,,,,,,,,,,,,,,,,,,,,,,,,,,,,,,,,,,,,,,,,,,,,,,,,,,,,,,,,,,,,,,,,,,,,,,,,,,,,,,,,,,,,,,,,,,,,,,,,,,,,,,,,,,,,,,,,,,,,,,,,,,,,,,,,,,,,,,,,,,,,,,,,,,,,,,,,,,,,,,,,,,,,,,,,,,,,,,,,,,,,,,,,,,,,,,,,,,,,,,,,,,,,,,,,,,,,,,,,,,,,,,,,,,,,,,,,,,,,,,,,,,,,,,,,,,,,,,,,,,,,,,,,,,,,,,,,,,,,,,,,,,,,,,,,,,,,,,,,,,,,,,,,,,,,,,,,,,,,,,,,,,,,,,,,,,,,,,,,,,,,,,,,,,,,,,,,,,,,,,,,,,,,,,,,,,,,,,,,,,,,,,,,,,,,,,,,,,,,,,,,,,,,,,,,,,,,,,,,,,,,,,,,,,,,,,,,,NACHO DA HORA - NELORE,,,,
,,,,,,,,,,,,,,,,,,,,,,,https://loja.crvbrasil.com.br/semen/touros-de-corte-zebu/nelore/neva-fm-nelore,,,,,,,,,,,,,,,,,,,,,,,,,,,,,,,,,,,,,,,,,,,,,,,,,,,,,,,,,,,,,,,,,,,,,,,,,,,,,,,,,,,,,,,,,,,,,,,,,,,,,,,,,,,,,,,,,,,,,,,,,,,,,,,,,,,,,,,,,,,,,,,,,,,,,,,,,,,,,,,,,,,,,,,,,,,,,,,,,,,,,,,,,,,,,,,,,,,,,,,,,,,,,,,,,,,,,,,,,,,,,,,,,,,,,,,,,,,,,,,,,,,,,,,,,,,,,,,,,,,,,,,,,,,,,,,,,,,,,,,,,,,,,,,,,,,,,,,,,,,,,,,,,,,,,,,,,,,,,,,,,,,,,,,,,,,,,,,,,,,,,,,,,,,,,,,,,,,,,,,,,,,,,,,,,,,,,,,,,,,,,,,,,,,,,,,,,,,,,,,,,,,,,,,,,,,,,,,,,,,,,,,,,,,,,,,,,,,,,,,,,,,,,,,,,,,,,,,,,,,,,,,,,,,,,,,,,,,,,,,,,,,,,,,,,,,,,,,,,,,,,,,,,,,,,,,,,,,,,,,,,,,,,,,,,,,,,,,,,,,,,,,,,,,,,,,,,,,,,,,,,,,,,,,,,,,,,,,,,,,,,,,,,,,,,,,,NEVA FM - NELORE,,,,
11290,PAINT BARON BF 1935,PAINT BARON BF,Nelore CEIP,J1935,15/09/2022,0.0,,,,,,,,671.0,39.0,150.0,Bom Futuro Agrícola,Bom Futuro Agrícola,PAINT SCHEFFER x PAINT NITRO,PAINT SCHEFFER,P436 53116,ceip; maternal; peso; semiextensivo,https://loja.crvbrasil.com.br/semen/touros-de-corte-zebu/nelore/paint-baron-nelore,0.9,1.0,0.36,,,,0.9,1.0,13.15,,,,,,,,,,0.9,1.0,6.23,,,,0.46,5.0,0.1,0.89,1.0,26.39,,,,,,,0.9,1.0,0.43,,,,0.9,1.0,0.34,,,,,,,,,,0.35,1.0,12.61,0.91,7.0,0.49,,,,,,,,,,,,,,,,,,,,,,,,,,,,,,,,,,,,,,,,,,,,,,,,,,,,,,,,,,,,,,,,,,,,,,,,,,,,,,,,,,,,,,,,,,,,,,,,,,,,,,,,,,,,,,,,,,,,,,,,,,,,,,,,,,,,,,,,,,,,,,,,,,,,,,,,,,,,,,,,,,,,,,,,,,,,,,,,,,,,,,,,,,,,,,,,,,,,,,,,,,,,,,,,,,,,,,,,,,,,,,,,,,,,,,,,,,,,,,,,,,,,,,,,,,,,,,,,,,,,,,,,,,,,,,,,,,,,,,,,,,,,,,,,,,,,,,,,,,,,,,,,,,,,,,,,,,,,,,,,,,,,,,,,,,,,,,,,,,,,,,,,,,,,,,,,,,,,,,,,,,0.71,1.0,3.35,2.96,,,,,0.71,1.0,207.65,2.27,,,,,,,,,,,,,,1.0,28.79,1.77,,,,,0.45,1.0,888.97,4.36,0.71,1.0,3.45,3.13,,,,,0.72,1.0,3.35,2.42,,,,,,,,,0.69,1.0,292.5,1.43,0.42,9.0,30.52,-1.0,,,,,,2.0,12.66,0.86,,,,,0.72,9.0,2.07,-0.64,,,,,,,,,,,,,,,,,,,,,,,,,,,,,,,,,,,,,,,,,,,,,,,,,,,,,,,,,,,,,,,,,,,,,,,,,,,,,,,,,,,,PAINT NITRO,P436 149416,155.0,54.0,2 anos e 6 meses,57.0,P436 53116,PAINT BARON - NELORE,02043/21,215.0,78.0,SEMI-EXTENSIVO
09108,,,,,,0.0,,,,,,,,,,,,,,,,,https://loja.crvbrasil.com.br/semen/touros-de-corte-zebu/nelore/paint-frevo-vr-nelore,,,,,,,,,,,,,,,,,,,,,,,,,,,,,,,,,,,,,,,,,,,,,,,,,,,,,,,,,,,,,,,,,,,,,,,,,,,,,,,,,,,,,,,,,,,,,,,,,,,,,,,,,,,,,,,,,,,,,,,,,,,,,,,,,,,,,,,,,,,,,,,,,,,,,,,,,,,,,,,,,,,,,,,,,,,,,,,,,,,,,,,,,,,,,,,,,,,,,,,,,,,,,,,,,,,,,,,,,,,,,,,,,,,,,,,,,,,,,,,,,,,,,,,,,,,,,,,,,,,,,,,,,,,,,,,,,,,,,,,,,,,,,,,,,,,,,,,,,,,,,,,,,,,,,,,,,,,,,,,,,,,,,,,,,,,,,,,,,,,,,,,,,,,,,,,,,,,,,,,,,,,,,,,,,,,,,,,,,,,,,,,,,,,,,,,,,,,,,,,,,,,,,,,,,,,,,,,,,,,,,,,,,,,,,,,,,,,,,,,,,,,,,,,,,,,,,,,,,,,,,,,,,,,,,,,,,,,,,,,,,,,,,,,,,,,,,,,,,,,,,,,,,,,,,,,,,,,,,,,,,,,,,,,,,,,,,,,,,,,,,,,,,,,,,,,,,,,,,,,,,,,,,,,,,,,,,,,,,,,,,,,,,,,,,,,,PAINT FREVO VR  - NELORE,,,,
,,,,,,,,,,,,,,,,,,,,,,,https://loja.crvbrasil.com.br/semen/touros-de-corte-zebu/nelore/1443-fiv-do-morro-nelore,,,,,,,,,,,,,,,,,,,,,,,,,,,,,,,,,,,,,,,,,,,,,,,,,,,,,,,,,,,,,,,,,,,,,,,,,,,,,,,,,,,,,,,,,,,,,,,,,,,,,,,,,,,,,,,,,,,,,,,,,,,,,,,,,,,,,,,,,,,,,,,,,,,,,,,,,,,,,,,,,,,,,,,,,,,,,,,,,,,,,,,,,,,,,,,,,,,,,,,,,,,,,,,,,,,,,,,,,,,,,,,,,,,,,,,,,,,,,,,,,,,,,,,,,,,,,,,,,,,,,,,,,,,,,,,,,,,,,,,,,,,,,,,,,,,,,,,,,,,,,,,,,,,,,,,,,,,,,,,,,,,,,,,,,,,,,,,,,,,,,,,,,,,,,,,,,,,,,,,,,,,,,,,,,,,,,,,,,,,,,,,,,,,,,,,,,,,,,,,,,,,,,,,,,,,,,,,,,,,,,,,,,,,,,,,,,,,,,,,,,,,,,,,,,,,,,,,,,,,,,,,,,,,,,,,,,,,,,,,,,,,,,,,,,,,,,,,,,,,,,,,,,,,,,,,,,,,,,,,,,,,,,,,,,,,,,,,,,,,,,,,,,,,,,,,,,,,,,,,,,,,,,,,,,,,,,,,,,,,,,,,,,,,,,,,,QUADRADO DO MORRO - NELORE,,,,
09879,,,,,,0.0,,,,,,,,,,,,,,,,,https://loja.crvbrasil.com.br/semen/touros-de-corte-zebu/nelore/ram-ka-ne,,,,,,,,,,,,,,,,,,,,,,,,,,,,,,,,,,,,,,,,,,,,,,,,,,,,,,,,,,,,,,,,,,,,,,,,,,,,,,,,,,,,,,,,,,,,,,,,,,,,,,,,,,,,,,,,,,,,,,,,,,,,,,,,,,,,,,,,,,,,,,,,,,,,,,,,,,,,,,,,,,,,,,,,,,,,,,,,,,,,,,,,,,,,,,,,,,,,,,,,,,,,,,,,,,,,,,,,,,,,,,,,,,,,,,,,,,,,,,,,,,,,,,,,,,,,,,,,,,,,,,,,,,,,,,,,,,,,,,,,,,,,,,,,,,,,,,,,,,,,,,,,,,,,,,,,,,,,,,,,,,,,,,,,,,,,,,,,,,,,,,,,,,,,,,,,,,,,,,,,,,,,,,,,,,,,,,,,,,,,,,,,,,,,,,,,,,,,,,,,,,,,,,,,,,,,,,,,,,,,,,,,,,,,,,,,,,,,,,,,,,,,,,,,,,,,,,,,,,,,,,,,,,,,,,,,,,,,,,,,,,,,,,,,,,,,,,,,,,,,,,,,,,,,,,,,,,,,,,,,,,,,,,,,,,,,,,,,,,,,,,,,,,,,,,,,,,,,,,,,,,,,,,,,,,,,,,,,,,,,,,,,,,,,,,,,RAM KA - NE,,,,
09876,,,,,,0.0,,,,,,,,,,,,,,,,,https://loja.crvbrasil.com.br/semen/touros-de-corte-zebu/nelore/robusto-ka-ne,,,,,,,,,,,,,,,,,,,,,,,,,,,,,,,,,,,,,,,,,,,,,,,,,,,,,,,,,,,,,,,,,,,,,,,,,,,,,,,,,,,,,,,,,,,,,,,,,,,,,,,,,,,,,,,,,,,,,,,,,,,,,,,,,,,,,,,,,,,,,,,,,,,,,,,,,,,,,,,,,,,,,,,,,,,,,,,,,,,,,,,,,,,,,,,,,,,,,,,,,,,,,,,,,,,,,,,,,,,,,,,,,,,,,,,,,,,,,,,,,,,,,,,,,,,,,,,,,,,,,,,,,,,,,,,,,,,,,,,,,,,,,,,,,,,,,,,,,,,,,,,,,,,,,,,,,,,,,,,,,,,,,,,,,,,,,,,,,,,,,,,,,,,,,,,,,,,,,,,,,,,,,,,,,,,,,,,,,,,,,,,,,,,,,,,,,,,,,,,,,,,,,,,,,,,,,,,,,,,,,,,,,,,,,,,,,,,,,,,,,,,,,,,,,,,,,,,,,,,,,,,,,,,,,,,,,,,,,,,,,,,,,,,,,,,,,,,,,,,,,,,,,,,,,,,,,,,,,,,,,,,,,,,,,,,,,,,,,,,,,,,,,,,,,,,,,,,,,,,,,,,,,,,,,,,,,,,,,,,,,,,,,,,,,,,,ROBUSTO KA - NE,,,,
12680,KPAR867 KA,SHARK KA,Nelore PO,KPAR867,21/10/2022,,,37.43,0.1,33.96,1.0,40.82,0.1,960.0,42.0,164.0,Katayama Pecuária,Katayama Pecuária,PHD KA x MALTES KA,PHD KA,KAPM9155 KA,po; carcaca-4-estrelas; maternal; peso; reprodutivo; semiintensivo,https://loja.crvbrasil.com.br/semen/touros-de-corte-zebu/nelore/shark-ka-nelore,,,,,,,,,,,,,,,,,,,,,,,,,,,,,,,,,,,,,,,,,,,,,,,,,,,,,,,,,,,,,,,,39.0,84.17,13.0,52.0,0.43,11.0,52.0,6.97,0.1,60.0,-0.09,12.0,30.0,32.64,100.0,38.0,0.296,98.0,32.0,-0.89,19.0,44.0,0.18,2.0,55.0,21.43,1.0,58.0,35.97,1.0,59.0,42.25,0.1,57.0,2.33,1.0,36.0,94.87,3.0,35.0,35.0,4.98,3.0,35.0,7.39,3.0,0.0,0.0,50.0,12.78,1.0,53.0,1.72,98.0,,,,,,,,,,,,,,,,,,,,,,,,,,,,,,,,,,,,,,,,,,,,,,,,,,,,,,,,,,,,,,,,,,,,,,,,,,,,,,,,,,,,,,,,,,,,,,,,,,,,,,,,,,,,,,,,,,,,,,,,,,,,,,,,,,,,,,,,,,,,,,,,,,,,,,,,,,,,,,,,52.0,6.38,0.1,,0.08,99.0,44.0,5.16,4.0,51.0,9.17,1.0,18.0,84.08,1.0,42.0,0.79,18.0,53.0,17.48,0.1,32.0,-21.7,0.1,,50.0,0.93,14.0,41.0,1.65,23.0,50.0,17.71,0.1,59.0,2.7,0.1,49.0,1.34,99.0,53.0,35.19,0.1,51.0,0.37,29.0,,7.79,0.5,,11.95,1.0,,,,,,,,,,,,,,,,,,,,,,,,,,,,,,,,,,,,,,,,,,,,,,,,,,,,,,,,,,,,,,,,,,,,,,,,,,,,,,,,,,,,,,,,,,,,,,,,,,,,,,,,,,,,,,,,,,,,,,,,,,,,,,,,,,,,,,,,,,,,,,,,,,,,,,,,,,,,,,,,,,,,,,,,,,,,,,,,,,47.0,3.0,0.9,55.0,1.0,7.72,40.0,1.0,4.41,38.0,1.0,-36.35,43.0,1.0,1.86,40.0,1.0,4.96,53.0,1.0,24.37,54.0,1.0,16.52,52.0,1.0,1.27,46.0,1.0,3.18,56.0,10.0,1.19,24.0,1.0,50.57,55.0,1.0,32.46,40.0,1.0,3.36,16.0,1.0,64.46,,,,,,,,,,,,,,,,,,,,,,,,,,,,,,,,,,,MALTES KA,REM VOKOLO,170.0,54.0,3 anos,60.0,KAPM9155,SHARK KA - NELORE,KAPM10287,240.0,84.0,SEMI-INTENSIVO
,,,,,,,,,,,,,,,,,,,,,,,https://loja.crvbrasil.com.br/semen/touros-de-corte-zebu/nelore/signo-ka-nelore,,,,,,,,,,,,,,,,,,,,,,,,,,,,,,,,,,,,,,,,,,,,,,,,,,,,,,,,,,,,,,,,,,,,,,,,,,,,,,,,,,,,,,,,,,,,,,,,,,,,,,,,,,,,,,,,,,,,,,,,,,,,,,,,,,,,,,,,,,,,,,,,,,,,,,,,,,,,,,,,,,,,,,,,,,,,,,,,,,,,,,,,,,,,,,,,,,,,,,,,,,,,,,,,,,,,,,,,,,,,,,,,,,,,,,,,,,,,,,,,,,,,,,,,,,,,,,,,,,,,,,,,,,,,,,,,,,,,,,,,,,,,,,,,,,,,,,,,,,,,,,,,,,,,,,,,,,,,,,,,,,,,,,,,,,,,,,,,,,,,,,,,,,,,,,,,,,,,,,,,,,,,,,,,,,,,,,,,,,,,,,,,,,,,,,,,,,,,,,,,,,,,,,,,,,,,,,,,,,,,,,,,,,,,,,,,,,,,,,,,,,,,,,,,,,,,,,,,,,,,,,,,,,,,,,,,,,,,,,,,,,,,,,,,,,,,,,,,,,,,,,,,,,,,,,,,,,,,,,,,,,,,,,,,,,,,,,,,,,,,,,,,,,,,,,,,,,,,,,,,,,,,,,,,,,,,,,,,,,,,,,,,,,,,,,,,SIGNO KA - NELORE,,,,
,,,,,,,,,,,,,,,,,,,,,,,https://loja.crvbrasil.com.br/semen/touros-de-corte-zebu/nelore/sorrente-rf-nelore,,,,,,,,,,,,,,,,,,,,,,,,,,,,,,,,,,,,,,,,,,,,,,,,,,,,,,,,,,,,,,,,,,,,,,,,,,,,,,,,,,,,,,,,,,,,,,,,,,,,,,,,,,,,,,,,,,,,,,,,,,,,,,,,,,,,,,,,,,,,,,,,,,,,,,,,,,,,,,,,,,,,,,,,,,,,,,,,,,,,,,,,,,,,,,,,,,,,,,,,,,,,,,,,,,,,,,,,,,,,,,,,,,,,,,,,,,,,,,,,,,,,,,,,,,,,,,,,,,,,,,,,,,,,,,,,,,,,,,,,,,,,,,,,,,,,,,,,,,,,,,,,,,,,,,,,,,,,,,,,,,,,,,,,,,,,,,,,,,,,,,,,,,,,,,,,,,,,,,,,,,,,,,,,,,,,,,,,,,,,,,,,,,,,,,,,,,,,,,,,,,,,,,,,,,,,,,,,,,,,,,,,,,,,,,,,,,,,,,,,,,,,,,,,,,,,,,,,,,,,,,,,,,,,,,,,,,,,,,,,,,,,,,,,,,,,,,,,,,,,,,,,,,,,,,,,,,,,,,,,,,,,,,,,,,,,,,,,,,,,,,,,,,,,,,,,,,,,,,,,,,,,,,,,,,,,,,,,,,,,,,,,,,,,,,,,SORRENTO RF - NELORE,,,,
,,,,,,,,,,,,,,,,,,,,,,,https://loja.crvbrasil.com.br/semen/touros-de-corte-zebu/nelore/stalone-abra-nelore,,,,,,,,,,,,,,,,,,,,,,,,,,,,,,,,,,,,,,,,,,,,,,,,,,,,,,,,,,,,,,,,,,,,,,,,,,,,,,,,,,,,,,,,,,,,,,,,,,,,,,,,,,,,,,,,,,,,,,,,,,,,,,,,,,,,,,,,,,,,,,,,,,,,,,,,,,,,,,,,,,,,,,,,,,,,,,,,,,,,,,,,,,,,,,,,,,,,,,,,,,,,,,,,,,,,,,,,,,,,,,,,,,,,,,,,,,,,,,,,,,,,,,,,,,,,,,,,,,,,,,,,,,,,,,,,,,,,,,,,,,,,,,,,,,,,,,,,,,,,,,,,,,,,,,,,,,,,,,,,,,,,,,,,,,,,,,,,,,,,,,,,,,,,,,,,,,,,,,,,,,,,,,,,,,,,,,,,,,,,,,,,,,,,,,,,,,,,,,,,,,,,,,,,,,,,,,,,,,,,,,,,,,,,,,,,,,,,,,,,,,,,,,,,,,,,,,,,,,,,,,,,,,,,,,,,,,,,,,,,,,,,,,,,,,,,,,,,,,,,,,,,,,,,,,,,,,,,,,,,,,,,,,,,,,,,,,,,,,,,,,,,,,,,,,,,,,,,,,,,,,,,,,,,,,,,,,,,,,,,,,,,,,,,,,,,STALONE ABRA - NELORE,,,,
,,,,,,,,,,,,,,,,,,,,,,,https://loja.crvbrasil.com.br/semen/touros-de-corte-zebu/nelore/takeo-ka-nelore,,,,,,,,,,,,,,,,,,,,,,,,,,,,,,,,,,,,,,,,,,,,,,,,,,,,,,,,,,,,,,,,,,,,,,,,,,,,,,,,,,,,,,,,,,,,,,,,,,,,,,,,,,,,,,,,,,,,,,,,,,,,,,,,,,,,,,,,,,,,,,,,,,,,,,,,,,,,,,,,,,,,,,,,,,,,,,,,,,,,,,,,,,,,,,,,,,,,,,,,,,,,,,,,,,,,,,,,,,,,,,,,,,,,,,,,,,,,,,,,,,,,,,,,,,,,,,,,,,,,,,,,,,,,,,,,,,,,,,,,,,,,,,,,,,,,,,,,,,,,,,,,,,,,,,,,,,,,,,,,,,,,,,,,,,,,,,,,,,,,,,,,,,,,,,,,,,,,,,,,,,,,,,,,,,,,,,,,,,,,,,,,,,,,,,,,,,,,,,,,,,,,,,,,,,,,,,,,,,,,,,,,,,,,,,,,,,,,,,,,,,,,,,,,,,,,,,,,,,,,,,,,,,,,,,,,,,,,,,,,,,,,,,,,,,,,,,,,,,,,,,,,,,,,,,,,,,,,,,,,,,,,,,,,,,,,,,,,,,,,,,,,,,,,,,,,,,,,,,,,,,,,,,,,,,,,,,,,,,,,,,,,,,,,,,,,TAKEO KA - NELORE,,,,
,,,,,,,,,,,,,,,,,,,,,,,https://loja.crvbrasil.com.br/semen/touros-de-corte-zebu/nelore/taranto-3ba-nelore,,,,,,,,,,,,,,,,,,,,,,,,,,,,,,,,,,,,,,,,,,,,,,,,,,,,,,,,,,,,,,,,,,,,,,,,,,,,,,,,,,,,,,,,,,,,,,,,,,,,,,,,,,,,,,,,,,,,,,,,,,,,,,,,,,,,,,,,,,,,,,,,,,,,,,,,,,,,,,,,,,,,,,,,,,,,,,,,,,,,,,,,,,,,,,,,,,,,,,,,,,,,,,,,,,,,,,,,,,,,,,,,,,,,,,,,,,,,,,,,,,,,,,,,,,,,,,,,,,,,,,,,,,,,,,,,,,,,,,,,,,,,,,,,,,,,,,,,,,,,,,,,,,,,,,,,,,,,,,,,,,,,,,,,,,,,,,,,,,,,,,,,,,,,,,,,,,,,,,,,,,,,,,,,,,,,,,,,,,,,,,,,,,,,,,,,,,,,,,,,,,,,,,,,,,,,,,,,,,,,,,,,,,,,,,,,,,,,,,,,,,,,,,,,,,,,,,,,,,,,,,,,,,,,,,,,,,,,,,,,,,,,,,,,,,,,,,,,,,,,,,,,,,,,,,,,,,,,,,,,,,,,,,,,,,,,,,,,,,,,,,,,,,,,,,,,,,,,,,,,,,,,,,,,,,,,,,,,,,,,,,,,,,,,,,,,TARANTO 3BA - NELORE,,,,
09868,,,,,,,,,,,,,,,,,,,,,,,https://loja.crvbrasil.com.br/semen/touros-de-corte-zebu/nelore/tipo-col-ne,,,,,,,,,,,,,,,,,,,,,,,,,,,,,,,,,,,,,,,,,,,,,,,,,,,,,,,,,,,,,,,,,,,,,,,,,,,,,,,,,,,,,,,,,,,,,,,,,,,,,,,,,,,,,,,,,,,,,,,,,,,,,,,,,,,,,,,,,,,,,,,,,,,,,,,,,,,,,,,,,,,,,,,,,,,,,,,,,,,,,,,,,,,,,,,,,,,,,,,,,,,,,,,,,,,,,,,,,,,,,,,,,,,,,,,,,,,,,,,,,,,,,,,,,,,,,,,,,,,,,,,,,,,,,,,,,,,,,,,,,,,,,,,,,,,,,,,,,,,,,,,,,,,,,,,,,,,,,,,,,,,,,,,,,,,,,,,,,,,,,,,,,,,,,,,,,,,,,,,,,,,,,,,,,,,,,,,,,,,,,,,,,,,,,,,,,,,,,,,,,,,,,,,,,,,,,,,,,,,,,,,,,,,,,,,,,,,,,,,,,,,,,,,,,,,,,,,,,,,,,,,,,,,,,,,,,,,,,,,,,,,,,,,,,,,,,,,,,,,,,,,,,,,,,,,,,,,,,,,,,,,,,,,,,,,,,,,,,,,,,,,,,,,,,,,,,,,,,,,,,,,,,,,,,,,,,,,,,,,,,,,,,,,,,,,,TIPO COL - NELORE,,,,
09750,,,,,,0.0,,,,,,,,,,,,,,,,,https://loja.crvbrasil.com.br/semen/touros-de-corte-zebu/nelore/uisque-col-nelore,,,,,,,,,,,,,,,,,,,,,,,,,,,,,,,,,,,,,,,,,,,,,,,,,,,,,,,,,,,,,,,,,,,,,,,,,,,,,,,,,,,,,,,,,,,,,,,,,,,,,,,,,,,,,,,,,,,,,,,,,,,,,,,,,,,,,,,,,,,,,,,,,,,,,,,,,,,,,,,,,,,,,,,,,,,,,,,,,,,,,,,,,,,,,,,,,,,,,,,,,,,,,,,,,,,,,,,,,,,,,,,,,,,,,,,,,,,,,,,,,,,,,,,,,,,,,,,,,,,,,,,,,,,,,,,,,,,,,,,,,,,,,,,,,,,,,,,,,,,,,,,,,,,,,,,,,,,,,,,,,,,,,,,,,,,,,,,,,,,,,,,,,,,,,,,,,,,,,,,,,,,,,,,,,,,,,,,,,,,,,,,,,,,,,,,,,,,,,,,,,,,,,,,,,,,,,,,,,,,,,,,,,,,,,,,,,,,,,,,,,,,,,,,,,,,,,,,,,,,,,,,,,,,,,,,,,,,,,,,,,,,,,,,,,,,,,,,,,,,,,,,,,,,,,,,,,,,,,,,,,,,,,,,,,,,,,,,,,,,,,,,,,,,,,,,,,,,,,,,,,,,,,,,,,,,,,,,,,,,,,,,,,,,,,,,,UÍSQUE COL - NELORE,,,,
,,,,,,,,,,,,,,,,,,,,,,,https://loja.crvbrasil.com.br/semen/touros-de-corte-zebu/nelore/vespasiano-col-nelore,,,,,,,,,,,,,,,,,,,,,,,,,,,,,,,,,,,,,,,,,,,,,,,,,,,,,,,,,,,,,,,,,,,,,,,,,,,,,,,,,,,,,,,,,,,,,,,,,,,,,,,,,,,,,,,,,,,,,,,,,,,,,,,,,,,,,,,,,,,,,,,,,,,,,,,,,,,,,,,,,,,,,,,,,,,,,,,,,,,,,,,,,,,,,,,,,,,,,,,,,,,,,,,,,,,,,,,,,,,,,,,,,,,,,,,,,,,,,,,,,,,,,,,,,,,,,,,,,,,,,,,,,,,,,,,,,,,,,,,,,,,,,,,,,,,,,,,,,,,,,,,,,,,,,,,,,,,,,,,,,,,,,,,,,,,,,,,,,,,,,,,,,,,,,,,,,,,,,,,,,,,,,,,,,,,,,,,,,,,,,,,,,,,,,,,,,,,,,,,,,,,,,,,,,,,,,,,,,,,,,,,,,,,,,,,,,,,,,,,,,,,,,,,,,,,,,,,,,,,,,,,,,,,,,,,,,,,,,,,,,,,,,,,,,,,,,,,,,,,,,,,,,,,,,,,,,,,,,,,,,,,,,,,,,,,,,,,,,,,,,,,,,,,,,,,,,,,,,,,,,,,,,,,,,,,,,,,,,,,,,,,,,,,,,,,,VESPASIANO COL - NELORE,,,,
,,,,,,,,,,,,,,,,,,,,,,,https://loja.crvbrasil.com.br/semen/touros-de-corte-zebu/nelore/volga-fm-nelore,,,,,,,,,,,,,,,,,,,,,,,,,,,,,,,,,,,,,,,,,,,,,,,,,,,,,,,,,,,,,,,,,,,,,,,,,,,,,,,,,,,,,,,,,,,,,,,,,,,,,,,,,,,,,,,,,,,,,,,,,,,,,,,,,,,,,,,,,,,,,,,,,,,,,,,,,,,,,,,,,,,,,,,,,,,,,,,,,,,,,,,,,,,,,,,,,,,,,,,,,,,,,,,,,,,,,,,,,,,,,,,,,,,,,,,,,,,,,,,,,,,,,,,,,,,,,,,,,,,,,,,,,,,,,,,,,,,,,,,,,,,,,,,,,,,,,,,,,,,,,,,,,,,,,,,,,,,,,,,,,,,,,,,,,,,,,,,,,,,,,,,,,,,,,,,,,,,,,,,,,,,,,,,,,,,,,,,,,,,,,,,,,,,,,,,,,,,,,,,,,,,,,,,,,,,,,,,,,,,,,,,,,,,,,,,,,,,,,,,,,,,,,,,,,,,,,,,,,,,,,,,,,,,,,,,,,,,,,,,,,,,,,,,,,,,,,,,,,,,,,,,,,,,,,,,,,,,,,,,,,,,,,,,,,,,,,,,,,,,,,,,,,,,,,,,,,,,,,,,,,,,,,,,,,,,,,,,,,,,,,,,,,,,,,,,,VOLGA FM - NELORE,,,,
,,,,,,,,,,,,,,,,,,,,,,,https://loja.crvbrasil.com.br/semen/touros-de-corte-zebu/nelore/volpi-da-mn-nelore,,,,,,,,,,,,,,,,,,,,,,,,,,,,,,,,,,,,,,,,,,,,,,,,,,,,,,,,,,,,,,,,,,,,,,,,,,,,,,,,,,,,,,,,,,,,,,,,,,,,,,,,,,,,,,,,,,,,,,,,,,,,,,,,,,,,,,,,,,,,,,,,,,,,,,,,,,,,,,,,,,,,,,,,,,,,,,,,,,,,,,,,,,,,,,,,,,,,,,,,,,,,,,,,,,,,,,,,,,,,,,,,,,,,,,,,,,,,,,,,,,,,,,,,,,,,,,,,,,,,,,,,,,,,,,,,,,,,,,,,,,,,,,,,,,,,,,,,,,,,,,,,,,,,,,,,,,,,,,,,,,,,,,,,,,,,,,,,,,,,,,,,,,,,,,,,,,,,,,,,,,,,,,,,,,,,,,,,,,,,,,,,,,,,,,,,,,,,,,,,,,,,,,,,,,,,,,,,,,,,,,,,,,,,,,,,,,,,,,,,,,,,,,,,,,,,,,,,,,,,,,,,,,,,,,,,,,,,,,,,,,,,,,,,,,,,,,,,,,,,,,,,,,,,,,,,,,,,,,,,,,,,,,,,,,,,,,,,,,,,,,,,,,,,,,,,,,,,,,,,,,,,,,,,,,,,,,,,,,,,,,,,,,,,,,,,VOLPI DA MN - NELORE,,,,
,,,,,,,,,,,,,,,,,,,,,,,https://loja.crvbrasil.com.br/semen/touros-de-corte-zebu/nelore/xacado-col-nelore,,,,,,,,,,,,,,,,,,,,,,,,,,,,,,,,,,,,,,,,,,,,,,,,,,,,,,,,,,,,,,,,,,,,,,,,,,,,,,,,,,,,,,,,,,,,,,,,,,,,,,,,,,,,,,,,,,,,,,,,,,,,,,,,,,,,,,,,,,,,,,,,,,,,,,,,,,,,,,,,,,,,,,,,,,,,,,,,,,,,,,,,,,,,,,,,,,,,,,,,,,,,,,,,,,,,,,,,,,,,,,,,,,,,,,,,,,,,,,,,,,,,,,,,,,,,,,,,,,,,,,,,,,,,,,,,,,,,,,,,,,,,,,,,,,,,,,,,,,,,,,,,,,,,,,,,,,,,,,,,,,,,,,,,,,,,,,,,,,,,,,,,,,,,,,,,,,,,,,,,,,,,,,,,,,,,,,,,,,,,,,,,,,,,,,,,,,,,,,,,,,,,,,,,,,,,,,,,,,,,,,,,,,,,,,,,,,,,,,,,,,,,,,,,,,,,,,,,,,,,,,,,,,,,,,,,,,,,,,,,,,,,,,,,,,,,,,,,,,,,,,,,,,,,,,,,,,,,,,,,,,,,,,,,,,,,,,,,,,,,,,,,,,,,,,,,,,,,,,,,,,,,,,,,,,,,,,,,,,,,,,,,,,,,,,,,XACADO COL - NELORE,,,,
,,,,,,,,,,,,,,,,,,,,,,,https://loja.crvbrasil.com.br/semen/touros-de-corte-zebu/nelore/xaru-col-nelore,,,,,,,,,,,,,,,,,,,,,,,,,,,,,,,,,,,,,,,,,,,,,,,,,,,,,,,,,,,,,,,,,,,,,,,,,,,,,,,,,,,,,,,,,,,,,,,,,,,,,,,,,,,,,,,,,,,,,,,,,,,,,,,,,,,,,,,,,,,,,,,,,,,,,,,,,,,,,,,,,,,,,,,,,,,,,,,,,,,,,,,,,,,,,,,,,,,,,,,,,,,,,,,,,,,,,,,,,,,,,,,,,,,,,,,,,,,,,,,,,,,,,,,,,,,,,,,,,,,,,,,,,,,,,,,,,,,,,,,,,,,,,,,,,,,,,,,,,,,,,,,,,,,,,,,,,,,,,,,,,,,,,,,,,,,,,,,,,,,,,,,,,,,,,,,,,,,,,,,,,,,,,,,,,,,,,,,,,,,,,,,,,,,,,,,,,,,,,,,,,,,,,,,,,,,,,,,,,,,,,,,,,,,,,,,,,,,,,,,,,,,,,,,,,,,,,,,,,,,,,,,,,,,,,,,,,,,,,,,,,,,,,,,,,,,,,,,,,,,,,,,,,,,,,,,,,,,,,,,,,,,,,,,,,,,,,,,,,,,,,,,,,,,,,,,,,,,,,,,,,,,,,,,,,,,,,,,,,,,,,,,,,,,,,,,,XARU COL - NELORE,,,,
,,,,,,,,,,,,,,,,,,,,,,,https://loja.crvbrasil.com.br/semen/touros-de-corte-zebu/nelore/xefu-col-nelore,,,,,,,,,,,,,,,,,,,,,,,,,,,,,,,,,,,,,,,,,,,,,,,,,,,,,,,,,,,,,,,,,,,,,,,,,,,,,,,,,,,,,,,,,,,,,,,,,,,,,,,,,,,,,,,,,,,,,,,,,,,,,,,,,,,,,,,,,,,,,,,,,,,,,,,,,,,,,,,,,,,,,,,,,,,,,,,,,,,,,,,,,,,,,,,,,,,,,,,,,,,,,,,,,,,,,,,,,,,,,,,,,,,,,,,,,,,,,,,,,,,,,,,,,,,,,,,,,,,,,,,,,,,,,,,,,,,,,,,,,,,,,,,,,,,,,,,,,,,,,,,,,,,,,,,,,,,,,,,,,,,,,,,,,,,,,,,,,,,,,,,,,,,,,,,,,,,,,,,,,,,,,,,,,,,,,,,,,,,,,,,,,,,,,,,,,,,,,,,,,,,,,,,,,,,,,,,,,,,,,,,,,,,,,,,,,,,,,,,,,,,,,,,,,,,,,,,,,,,,,,,,,,,,,,,,,,,,,,,,,,,,,,,,,,,,,,,,,,,,,,,,,,,,,,,,,,,,,,,,,,,,,,,,,,,,,,,,,,,,,,,,,,,,,,,,,,,,,,,,,,,,,,,,,,,,,,,,,,,,,,,,,,,,,,,,XEFU COL - NELORE,,,,
,,,,,,,,,,,,,,,,,,,,,,,https://loja.crvbrasil.com.br/semen/touros-de-corte-zebu/nelore/xiand-col-nelore,,,,,,,,,,,,,,,,,,,,,,,,,,,,,,,,,,,,,,,,,,,,,,,,,,,,,,,,,,,,,,,,,,,,,,,,,,,,,,,,,,,,,,,,,,,,,,,,,,,,,,,,,,,,,,,,,,,,,,,,,,,,,,,,,,,,,,,,,,,,,,,,,,,,,,,,,,,,,,,,,,,,,,,,,,,,,,,,,,,,,,,,,,,,,,,,,,,,,,,,,,,,,,,,,,,,,,,,,,,,,,,,,,,,,,,,,,,,,,,,,,,,,,,,,,,,,,,,,,,,,,,,,,,,,,,,,,,,,,,,,,,,,,,,,,,,,,,,,,,,,,,,,,,,,,,,,,,,,,,,,,,,,,,,,,,,,,,,,,,,,,,,,,,,,,,,,,,,,,,,,,,,,,,,,,,,,,,,,,,,,,,,,,,,,,,,,,,,,,,,,,,,,,,,,,,,,,,,,,,,,,,,,,,,,,,,,,,,,,,,,,,,,,,,,,,,,,,,,,,,,,,,,,,,,,,,,,,,,,,,,,,,,,,,,,,,,,,,,,,,,,,,,,,,,,,,,,,,,,,,,,,,,,,,,,,,,,,,,,,,,,,,,,,,,,,,,,,,,,,,,,,,,,,,,,,,,,,,,,,,,,,,,,,,,,,,XIAND COL - NELORE,,,,
,,,,,,,,,,,,,,,,,,,,,,,https://loja.crvbrasil.com.br/semen/touros-de-corte-zebu/nelore/xung-col,,,,,,,,,,,,,,,,,,,,,,,,,,,,,,,,,,,,,,,,,,,,,,,,,,,,,,,,,,,,,,,,,,,,,,,,,,,,,,,,,,,,,,,,,,,,,,,,,,,,,,,,,,,,,,,,,,,,,,,,,,,,,,,,,,,,,,,,,,,,,,,,,,,,,,,,,,,,,,,,,,,,,,,,,,,,,,,,,,,,,,,,,,,,,,,,,,,,,,,,,,,,,,,,,,,,,,,,,,,,,,,,,,,,,,,,,,,,,,,,,,,,,,,,,,,,,,,,,,,,,,,,,,,,,,,,,,,,,,,,,,,,,,,,,,,,,,,,,,,,,,,,,,,,,,,,,,,,,,,,,,,,,,,,,,,,,,,,,,,,,,,,,,,,,,,,,,,,,,,,,,,,,,,,,,,,,,,,,,,,,,,,,,,,,,,,,,,,,,,,,,,,,,,,,,,,,,,,,,,,,,,,,,,,,,,,,,,,,,,,,,,,,,,,,,,,,,,,,,,,,,,,,,,,,,,,,,,,,,,,,,,,,,,,,,,,,,,,,,,,,,,,,,,,,,,,,,,,,,,,,,,,,,,,,,,,,,,,,,,,,,,,,,,,,,,,,,,,,,,,,,,,,,,,,,,,,,,,,,,,,,,,,,,,,,,,XUNG COL - NELORE,,,,
,,,,,,,,,,,,,,,,,,,,,,,https://loja.crvbrasil.com.br/semen/touros-de-corte-zebu/nelore/yadiel-col-nelore,,,,,,,,,,,,,,,,,,,,,,,,,,,,,,,,,,,,,,,,,,,,,,,,,,,,,,,,,,,,,,,,,,,,,,,,,,,,,,,,,,,,,,,,,,,,,,,,,,,,,,,,,,,,,,,,,,,,,,,,,,,,,,,,,,,,,,,,,,,,,,,,,,,,,,,,,,,,,,,,,,,,,,,,,,,,,,,,,,,,,,,,,,,,,,,,,,,,,,,,,,,,,,,,,,,,,,,,,,,,,,,,,,,,,,,,,,,,,,,,,,,,,,,,,,,,,,,,,,,,,,,,,,,,,,,,,,,,,,,,,,,,,,,,,,,,,,,,,,,,,,,,,,,,,,,,,,,,,,,,,,,,,,,,,,,,,,,,,,,,,,,,,,,,,,,,,,,,,,,,,,,,,,,,,,,,,,,,,,,,,,,,,,,,,,,,,,,,,,,,,,,,,,,,,,,,,,,,,,,,,,,,,,,,,,,,,,,,,,,,,,,,,,,,,,,,,,,,,,,,,,,,,,,,,,,,,,,,,,,,,,,,,,,,,,,,,,,,,,,,,,,,,,,,,,,,,,,,,,,,,,,,,,,,,,,,,,,,,,,,,,,,,,,,,,,,,,,,,,,,,,,,,,,,,,,,,,,,,,,,,,,,,,,,,,,,YADIEL COL - NELORE,,,,
,,,,,,,,,,,,,,,,,,,,,,,https://loja.crvbrasil.com.br/semen/touros-de-corte-zebu/nelore/yermo-col-nelore,,,,,,,,,,,,,,,,,,,,,,,,,,,,,,,,,,,,,,,,,,,,,,,,,,,,,,,,,,,,,,,,,,,,,,,,,,,,,,,,,,,,,,,,,,,,,,,,,,,,,,,,,,,,,,,,,,,,,,,,,,,,,,,,,,,,,,,,,,,,,,,,,,,,,,,,,,,,,,,,,,,,,,,,,,,,,,,,,,,,,,,,,,,,,,,,,,,,,,,,,,,,,,,,,,,,,,,,,,,,,,,,,,,,,,,,,,,,,,,,,,,,,,,,,,,,,,,,,,,,,,,,,,,,,,,,,,,,,,,,,,,,,,,,,,,,,,,,,,,,,,,,,,,,,,,,,,,,,,,,,,,,,,,,,,,,,,,,,,,,,,,,,,,,,,,,,,,,,,,,,,,,,,,,,,,,,,,,,,,,,,,,,,,,,,,,,,,,,,,,,,,,,,,,,,,,,,,,,,,,,,,,,,,,,,,,,,,,,,,,,,,,,,,,,,,,,,,,,,,,,,,,,,,,,,,,,,,,,,,,,,,,,,,,,,,,,,,,,,,,,,,,,,,,,,,,,,,,,,,,,,,,,,,,,,,,,,,,,,,,,,,,,,,,,,,,,,,,,,,,,,,,,,,,,,,,,,,,,,,,,,,,,,,,,,,,YERMO COL - NELORE,,,,
,,,,,,,,,,,,,,,,,,,,,,,https://loja.crvbrasil.com.br/semen/touros-de-corte-zebu/nelore/zurik-fvc-nelore,,,,,,,,,,,,,,,,,,,,,,,,,,,,,,,,,,,,,,,,,,,,,,,,,,,,,,,,,,,,,,,,,,,,,,,,,,,,,,,,,,,,,,,,,,,,,,,,,,,,,,,,,,,,,,,,,,,,,,,,,,,,,,,,,,,,,,,,,,,,,,,,,,,,,,,,,,,,,,,,,,,,,,,,,,,,,,,,,,,,,,,,,,,,,,,,,,,,,,,,,,,,,,,,,,,,,,,,,,,,,,,,,,,,,,,,,,,,,,,,,,,,,,,,,,,,,,,,,,,,,,,,,,,,,,,,,,,,,,,,,,,,,,,,,,,,,,,,,,,,,,,,,,,,,,,,,,,,,,,,,,,,,,,,,,,,,,,,,,,,,,,,,,,,,,,,,,,,,,,,,,,,,,,,,,,,,,,,,,,,,,,,,,,,,,,,,,,,,,,,,,,,,,,,,,,,,,,,,,,,,,,,,,,,,,,,,,,,,,,,,,,,,,,,,,,,,,,,,,,,,,,,,,,,,,,,,,,,,,,,,,,,,,,,,,,,,,,,,,,,,,,,,,,,,,,,,,,,,,,,,,,,,,,,,,,,,,,,,,,,,,,,,,,,,,,,,,,,,,,,,,,,,,,,,,,,,,,,,,,,,,,,,,,,,,,,ZURIK FVC - NELORE,,,,
